2025/02/14 16:33:21 Parsing directory C:\var\tmp\Roost\RoostGPT\golang-1\ece53592-7de3-4391-a2fb-0d6935272614\source\golang-grpc-realworld-example\store
2025/02/14 16:33:21 Starting to parse Go directory: C:\var\tmp\Roost\RoostGPT\golang-1\ece53592-7de3-4391-a2fb-0d6935272614\source\golang-grpc-realworld-example\store with 8 workers
2025/02/14 16:33:21 Filtered Go file paths:
2025/02/14 16:33:21 C:\var\tmp\Roost\RoostGPT\golang-1\ece53592-7de3-4391-a2fb-0d6935272614\source\golang-grpc-realworld-example\store\article.go
2025/02/14 16:33:21 C:\var\tmp\Roost\RoostGPT\golang-1\ece53592-7de3-4391-a2fb-0d6935272614\source\golang-grpc-realworld-example\store\article_test.go
2025/02/14 16:33:21 C:\var\tmp\Roost\RoostGPT\golang-1\ece53592-7de3-4391-a2fb-0d6935272614\source\golang-grpc-realworld-example\store\user.go
2025/02/14 16:33:36 Parsing directory C:\var\tmp\Roost\RoostGPT\golang-1\ece53592-7de3-4391-a2fb-0d6935272614\source\golang-grpc-realworld-example\store
2025/02/14 16:33:36 Starting to parse Go directory: C:\var\tmp\Roost\RoostGPT\golang-1\ece53592-7de3-4391-a2fb-0d6935272614\source\golang-grpc-realworld-example\store with 8 workers
2025/02/14 16:33:36 Filtered Go file paths:
2025/02/14 16:33:36 C:\var\tmp\Roost\RoostGPT\golang-1\ece53592-7de3-4391-a2fb-0d6935272614\source\golang-grpc-realworld-example\store\article.go
2025/02/14 16:33:36 C:\var\tmp\Roost\RoostGPT\golang-1\ece53592-7de3-4391-a2fb-0d6935272614\source\golang-grpc-realworld-example\store\article_test.go
2025/02/14 16:33:36 C:\var\tmp\Roost\RoostGPT\golang-1\ece53592-7de3-4391-a2fb-0d6935272614\source\golang-grpc-realworld-example\store\user.go
2025/02/14 16:34:37 TODO: explore cmd.Dir = filepath.Dir(pkgDir)
2025/02/14 16:34:37 Failed to get go list output for C:\var\tmp\Roost\RoostGPT\golang-1\ece53592-7de3-4391-a2fb-0d6935272614\source\golang-grpc-realworld-example\store\article_test.go: fork/exec C:\Users\aksha\go\bin\go.exe: The directory name is invalid.
2025/02/14 16:34:38 Collected package paths:
2025/02/14 16:34:38 github.com/raahii/golang-grpc-realworld-example/store
2025/02/14 16:34:38 Processing package path: github.com/raahii/golang-grpc-realworld-example/store
2025/02/14 16:34:38 Entering: analyzePackageByFile for github.com/raahii/golang-grpc-realworld-example/store
2025/02/14 16:34:38 Entering: loadAndHandlePackage for github.com/raahii/golang-grpc-realworld-example/store
2025/02/14 16:34:43 Exiting: loadAndHandlePackage for github.com/raahii/golang-grpc-realworld-example/store
2025/02/14 16:34:43 Depth is 2 for filepath C:\var\tmp\Roost\RoostGPT\golang-1\ece53592-7de3-4391-a2fb-0d6935272614\source\golang-grpc-realworld-example\store\article.go
2025/02/14 16:34:43 Split github.com/raahii/golang-grpc-realworld-example/store.UserStore into github.com/raahii/golang-grpc-realworld-example/store and UserStore:
2025/02/14 16:34:43 name is UserStore with search type struct 
2025/02/14 16:34:43 Entering: loadAndHandlePackage for github.com/raahii/golang-grpc-realworld-example/store
2025/02/14 16:34:46 Exiting: loadAndHandlePackage for github.com/raahii/golang-grpc-realworld-example/store
2025/02/14 16:34:46 Stored for github.com/raahii/golang-grpc-realworld-example/store|UserStore|struct, cache results {definition: dependentFilePath: importString:}
2025/02/14 16:34:46 Split github.com/raahii/golang-grpc-realworld-example/store.ArticleStore into github.com/raahii/golang-grpc-realworld-example/store and ArticleStore:
2025/02/14 16:34:46 name is ArticleStore with search type struct 
2025/02/14 16:34:46 Entering: loadAndHandlePackage for github.com/raahii/golang-grpc-realworld-example/store
2025/02/14 16:34:48 Exiting: loadAndHandlePackage for github.com/raahii/golang-grpc-realworld-example/store
2025/02/14 16:34:48 Stored for github.com/raahii/golang-grpc-realworld-example/store|ArticleStore|struct, cache results {definition: dependentFilePath: importString:}
2025/02/14 16:34:48 Analyzing function: NewArticleStore in file: C:\var\tmp\Roost\RoostGPT\golang-1\ece53592-7de3-4391-a2fb-0d6935272614\source\golang-grpc-realworld-example\store\article.go
2025/02/14 16:34:48 Expr: &{Star:14970482 X:0xc01eb420a8}: type of expression is &types.Pointer{base:(*types.Named)(0xc0134725b0)}; Resolved type: *github.com/jinzhu/gorm.DB; Out: [github.com/jinzhu/gorm.DB]
2025/02/14 16:34:48 Collected field type: github.com/jinzhu/gorm.DB
2025/02/14 16:34:48 Recording and checking type: github.com/jinzhu/gorm.DB
2025/02/14 16:34:48 Entering: loadAndHandlePackage for github.com/jinzhu/gorm
2025/02/14 16:34:49 Exiting: loadAndHandlePackage for github.com/jinzhu/gorm
2025/02/14 16:34:49 Processing struct: github.com/jinzhu/gorm.DB with 15 fields
2025/02/14 16:34:49 Recording and checking type: github.com/jinzhu/gorm.SQLCommon
2025/02/14 16:34:49 Underlying type is not a struct for: github.com/jinzhu/gorm.SQLCommon
2025/02/14 16:34:49 Recording and checking type: github.com/jinzhu/gorm.logModeValue
2025/02/14 16:34:49 Underlying type is not a struct for: github.com/jinzhu/gorm.logModeValue
2025/02/14 16:34:49 Recording and checking type: github.com/jinzhu/gorm.logger
2025/02/14 16:34:49 Underlying type is not a struct for: github.com/jinzhu/gorm.logger
2025/02/14 16:34:49 Recording and checking type: github.com/jinzhu/gorm.search
2025/02/14 16:34:49 Processing struct: github.com/jinzhu/gorm.search with 19 fields
2025/02/14 16:34:49 Recording and checking type: github.com/jinzhu/gorm.searchPreload
2025/02/14 16:34:49 Processing struct: github.com/jinzhu/gorm.searchPreload with 2 fields
2025/02/14 16:34:49 Recording and checking type: github.com/jinzhu/gorm.Callback
2025/02/14 16:34:49 Processing struct: github.com/jinzhu/gorm.Callback with 7 fields
2025/02/14 16:34:49 Recording and checking type: github.com/jinzhu/gorm.Scope
2025/02/14 16:34:49 Processing struct: github.com/jinzhu/gorm.Scope with 10 fields
2025/02/14 16:34:49 Already collected type: github.com/jinzhu/gorm.Scope. Current structs: [github.com/jinzhu/gorm.DB github.com/jinzhu/gorm.SQLCommon github.com/jinzhu/gorm.logModeValue github.com/jinzhu/gorm.logger github.com/jinzhu/gorm.search github.com/jinzhu/gorm.searchPreload github.com/jinzhu/gorm.Callback github.com/jinzhu/gorm.Scope]
2025/02/14 16:34:49 Already collected type: github.com/jinzhu/gorm.Scope. Current structs: [github.com/jinzhu/gorm.DB github.com/jinzhu/gorm.SQLCommon github.com/jinzhu/gorm.logModeValue github.com/jinzhu/gorm.logger github.com/jinzhu/gorm.search github.com/jinzhu/gorm.searchPreload github.com/jinzhu/gorm.Callback github.com/jinzhu/gorm.Scope]
2025/02/14 16:34:49 Already collected type: github.com/jinzhu/gorm.Scope. Current structs: [github.com/jinzhu/gorm.DB github.com/jinzhu/gorm.SQLCommon github.com/jinzhu/gorm.logModeValue github.com/jinzhu/gorm.logger github.com/jinzhu/gorm.search github.com/jinzhu/gorm.searchPreload github.com/jinzhu/gorm.Callback github.com/jinzhu/gorm.Scope]
2025/02/14 16:34:49 Already collected type: github.com/jinzhu/gorm.Scope. Current structs: [github.com/jinzhu/gorm.DB github.com/jinzhu/gorm.SQLCommon github.com/jinzhu/gorm.logModeValue github.com/jinzhu/gorm.logger github.com/jinzhu/gorm.search github.com/jinzhu/gorm.searchPreload github.com/jinzhu/gorm.Callback github.com/jinzhu/gorm.Scope]
2025/02/14 16:34:49 Recording and checking type: github.com/jinzhu/gorm.CallbackProcessor
2025/02/14 16:34:49 Processing struct: github.com/jinzhu/gorm.CallbackProcessor with 9 fields
2025/02/14 16:34:49 Recording and checking type: github.com/jinzhu/gorm.Dialect
2025/02/14 16:34:49 Underlying type is not a struct for: github.com/jinzhu/gorm.Dialect
2025/02/14 16:34:49 Expr: &{Star:14970492 X:ArticleStore}: type of expression is &types.Pointer{base:(*types.Named)(0xc014479490)}; Resolved type: *github.com/raahii/golang-grpc-realworld-example/store.ArticleStore; Out: [github.com/raahii/golang-grpc-realworld-example/store.ArticleStore]
2025/02/14 16:34:49 Collected field type: github.com/raahii/golang-grpc-realworld-example/store.ArticleStore
2025/02/14 16:34:49 Recording and checking type: github.com/raahii/golang-grpc-realworld-example/store.ArticleStore
2025/02/14 16:34:49 Entering: loadAndHandlePackage for github.com/raahii/golang-grpc-realworld-example/store
2025/02/14 16:34:50 Exiting: loadAndHandlePackage for github.com/raahii/golang-grpc-realworld-example/store
2025/02/14 16:34:50 Processing struct: github.com/raahii/golang-grpc-realworld-example/store.ArticleStore with 1 fields
2025/02/14 16:34:50 Expr: ArticleStore: type of expression is &types.Named{check:(*types.Checker)(nil), obj:(*types.TypeName)(0xc01e516870), fromRHS:(*types.Struct)(0xc01e512f00), inst:(*types.instance)(nil), mu:sync.Mutex{state:0, sema:0x0}, state_:0x2, underlying:(*types.Struct)(0xc01e512f00), tparams:(*types.TypeParamList)(nil), methods:[]*types.Func{(*types.Func)(0xc01e339c20), (*types.Func)(0xc01e339ce0), (*types.Func)(0xc01e339da0), (*types.Func)(0xc01e339ec0), (*types.Func)(0xc01e51a000), (*types.Func)(0xc01e51a0c0), (*types.Func)(0xc01e51a180), (*types.Func)(0xc01e51a240), (*types.Func)(0xc01e51a300), (*types.Func)(0xc01e51a3c0), (*types.Func)(0xc01e51a480), (*types.Func)(0xc01e51a540), (*types.Func)(0xc01e51a600), (*types.Func)(0xc01e51a6c0)}, loader:(func(*types.Named) ([]*types.TypeParam, types.Type, []*types.Func))(nil)}; Resolved type: github.com/raahii/golang-grpc-realworld-example/store.ArticleStore; Out: [github.com/raahii/golang-grpc-realworld-example/store.ArticleStore]
2025/02/14 16:34:50 Already collected type: github.com/raahii/golang-grpc-realworld-example/store.ArticleStore. Current structs: [github.com/jinzhu/gorm.DB github.com/jinzhu/gorm.SQLCommon github.com/jinzhu/gorm.logModeValue github.com/jinzhu/gorm.logger github.com/jinzhu/gorm.search github.com/jinzhu/gorm.searchPreload github.com/jinzhu/gorm.Callback github.com/jinzhu/gorm.Scope github.com/jinzhu/gorm.CallbackProcessor github.com/jinzhu/gorm.Dialect github.com/raahii/golang-grpc-realworld-example/store.ArticleStore]
2025/02/14 16:34:50 Expr: ArticleStore: type of expression is &types.Named{check:(*types.Checker)(nil), obj:(*types.TypeName)(0xc01e516870), fromRHS:(*types.Struct)(0xc01e512f00), inst:(*types.instance)(nil), mu:sync.Mutex{state:0, sema:0x0}, state_:0x2, underlying:(*types.Struct)(0xc01e512f00), tparams:(*types.TypeParamList)(nil), methods:[]*types.Func{(*types.Func)(0xc01e339c20), (*types.Func)(0xc01e339ce0), (*types.Func)(0xc01e339da0), (*types.Func)(0xc01e339ec0), (*types.Func)(0xc01e51a000), (*types.Func)(0xc01e51a0c0), (*types.Func)(0xc01e51a180), (*types.Func)(0xc01e51a240), (*types.Func)(0xc01e51a300), (*types.Func)(0xc01e51a3c0), (*types.Func)(0xc01e51a480), (*types.Func)(0xc01e51a540), (*types.Func)(0xc01e51a600), (*types.Func)(0xc01e51a6c0)}, loader:(func(*types.Named) ([]*types.TypeParam, types.Type, []*types.Func))(nil)}; Resolved type: github.com/raahii/golang-grpc-realworld-example/store.ArticleStore; Out: [github.com/raahii/golang-grpc-realworld-example/store.ArticleStore]
2025/02/14 16:34:50 Already collected type: github.com/raahii/golang-grpc-realworld-example/store.ArticleStore. Current structs: [github.com/jinzhu/gorm.DB github.com/jinzhu/gorm.SQLCommon github.com/jinzhu/gorm.logModeValue github.com/jinzhu/gorm.logger github.com/jinzhu/gorm.search github.com/jinzhu/gorm.searchPreload github.com/jinzhu/gorm.Callback github.com/jinzhu/gorm.Scope github.com/jinzhu/gorm.CallbackProcessor github.com/jinzhu/gorm.Dialect github.com/raahii/golang-grpc-realworld-example/store.ArticleStore]
2025/02/14 16:34:50 Expr: db: type of expression is &types.Pointer{base:(*types.Named)(0xc0134725b0)}; Resolved type: *github.com/jinzhu/gorm.DB; Out: [github.com/jinzhu/gorm.DB]
2025/02/14 16:34:50 Already collected type: github.com/jinzhu/gorm.DB. Current structs: [github.com/jinzhu/gorm.DB github.com/jinzhu/gorm.SQLCommon github.com/jinzhu/gorm.logModeValue github.com/jinzhu/gorm.logger github.com/jinzhu/gorm.search github.com/jinzhu/gorm.searchPreload github.com/jinzhu/gorm.Callback github.com/jinzhu/gorm.Scope github.com/jinzhu/gorm.CallbackProcessor github.com/jinzhu/gorm.Dialect github.com/raahii/golang-grpc-realworld-example/store.ArticleStore]
2025/02/14 16:34:50 Expr: db: type of expression is &types.Pointer{base:(*types.Named)(0xc0134725b0)}; Resolved type: *github.com/jinzhu/gorm.DB; Out: [github.com/jinzhu/gorm.DB]
2025/02/14 16:34:50 Already collected type: github.com/jinzhu/gorm.DB. Current structs: [github.com/jinzhu/gorm.DB github.com/jinzhu/gorm.SQLCommon github.com/jinzhu/gorm.logModeValue github.com/jinzhu/gorm.logger github.com/jinzhu/gorm.search github.com/jinzhu/gorm.searchPreload github.com/jinzhu/gorm.Callback github.com/jinzhu/gorm.Scope github.com/jinzhu/gorm.CallbackProcessor github.com/jinzhu/gorm.Dialect github.com/raahii/golang-grpc-realworld-example/store.ArticleStore]
2025/02/14 16:34:50 Split github.com/jinzhu/gorm.Callback into github.com/jinzhu/gorm and Callback:
2025/02/14 16:34:50 name is Callback with search type struct 
2025/02/14 16:34:50 Entering: loadAndHandlePackage for github.com/jinzhu/gorm
2025/02/14 16:34:54 Exiting: loadAndHandlePackage for github.com/jinzhu/gorm
2025/02/14 16:34:54 Stored for github.com/jinzhu/gorm|Callback|struct, cache results {definition: dependentFilePath: importString:}
2025/02/14 16:34:54 Split github.com/jinzhu/gorm.CallbackProcessor into github.com/jinzhu/gorm and CallbackProcessor:
2025/02/14 16:34:54 name is CallbackProcessor with search type struct 
2025/02/14 16:34:54 Entering: loadAndHandlePackage for github.com/jinzhu/gorm
2025/02/14 16:34:56 Exiting: loadAndHandlePackage for github.com/jinzhu/gorm
2025/02/14 16:34:56 Stored for github.com/jinzhu/gorm|CallbackProcessor|struct, cache results {definition: dependentFilePath: importString:}
2025/02/14 16:34:56 Split github.com/raahii/golang-grpc-realworld-example/store.ArticleStore into github.com/raahii/golang-grpc-realworld-example/store and ArticleStore:
2025/02/14 16:34:56 Found definition for github.com/raahii/golang-grpc-realworld-example/store|ArticleStore|struct, cache results {definition:type ArticleStore struct {
	db *gorm.DB
} dependentFilePath:C:\var\tmp\Roost\RoostGPT\golang-1\ece53592-7de3-4391-a2fb-0d6935272614\source\golang-grpc-realworld-example\store\article.go importString:package github.com/raahii/golang-grpc-realworld-example/store
import (
	"github.com/jinzhu/gorm"
	"github.com/raahii/golang-grpc-realworld-example/model"
)
}
2025/02/14 16:34:56 Split github.com/jinzhu/gorm.DB into github.com/jinzhu/gorm and DB:
2025/02/14 16:34:56 name is DB with search type struct 
2025/02/14 16:34:56 Entering: loadAndHandlePackage for github.com/jinzhu/gorm
2025/02/14 16:34:57 Exiting: loadAndHandlePackage for github.com/jinzhu/gorm
2025/02/14 16:34:57 Stored for github.com/jinzhu/gorm|DB|struct, cache results {definition: dependentFilePath: importString:}
2025/02/14 16:34:57 Split github.com/jinzhu/gorm.logModeValue into github.com/jinzhu/gorm and logModeValue:
2025/02/14 16:34:57 name is logModeValue with search type struct 
2025/02/14 16:34:57 Entering: loadAndHandlePackage for github.com/jinzhu/gorm
2025/02/14 16:34:58 Exiting: loadAndHandlePackage for github.com/jinzhu/gorm
2025/02/14 16:34:58 Stored for github.com/jinzhu/gorm|logModeValue|struct, cache results {definition: dependentFilePath: importString:}
2025/02/14 16:34:58 Split github.com/jinzhu/gorm.logger into github.com/jinzhu/gorm and logger:
2025/02/14 16:34:58 name is logger with search type struct 
2025/02/14 16:34:58 Entering: loadAndHandlePackage for github.com/jinzhu/gorm
2025/02/14 16:35:00 Exiting: loadAndHandlePackage for github.com/jinzhu/gorm
2025/02/14 16:35:00 Stored for github.com/jinzhu/gorm|logger|struct, cache results {definition: dependentFilePath: importString:}
2025/02/14 16:35:00 Split github.com/jinzhu/gorm.Scope into github.com/jinzhu/gorm and Scope:
2025/02/14 16:35:00 name is Scope with search type struct 
2025/02/14 16:35:00 Entering: loadAndHandlePackage for github.com/jinzhu/gorm
2025/02/14 16:35:01 Exiting: loadAndHandlePackage for github.com/jinzhu/gorm
2025/02/14 16:35:01 Stored for github.com/jinzhu/gorm|Scope|struct, cache results {definition: dependentFilePath: importString:}
2025/02/14 16:35:01 Split github.com/jinzhu/gorm.Dialect into github.com/jinzhu/gorm and Dialect:
2025/02/14 16:35:01 name is Dialect with search type struct 
2025/02/14 16:35:01 Entering: loadAndHandlePackage for github.com/jinzhu/gorm
2025/02/14 16:35:04 Exiting: loadAndHandlePackage for github.com/jinzhu/gorm
2025/02/14 16:35:04 Stored for github.com/jinzhu/gorm|Dialect|struct, cache results {definition: dependentFilePath: importString:}
2025/02/14 16:35:04 Split github.com/jinzhu/gorm.SQLCommon into github.com/jinzhu/gorm and SQLCommon:
2025/02/14 16:35:04 name is SQLCommon with search type struct 
2025/02/14 16:35:04 Entering: loadAndHandlePackage for github.com/jinzhu/gorm
2025/02/14 16:35:06 Exiting: loadAndHandlePackage for github.com/jinzhu/gorm
2025/02/14 16:35:06 Stored for github.com/jinzhu/gorm|SQLCommon|struct, cache results {definition: dependentFilePath: importString:}
2025/02/14 16:35:06 Split github.com/jinzhu/gorm.search into github.com/jinzhu/gorm and search:
2025/02/14 16:35:06 name is search with search type struct 
2025/02/14 16:35:06 Entering: loadAndHandlePackage for github.com/jinzhu/gorm
2025/02/14 16:35:07 Exiting: loadAndHandlePackage for github.com/jinzhu/gorm
2025/02/14 16:35:07 Stored for github.com/jinzhu/gorm|search|struct, cache results {definition: dependentFilePath: importString:}
2025/02/14 16:35:07 Split github.com/jinzhu/gorm.searchPreload into github.com/jinzhu/gorm and searchPreload:
2025/02/14 16:35:07 name is searchPreload with search type struct 
2025/02/14 16:35:07 Entering: loadAndHandlePackage for github.com/jinzhu/gorm
2025/02/14 16:35:09 Exiting: loadAndHandlePackage for github.com/jinzhu/gorm
2025/02/14 16:35:09 Stored for github.com/jinzhu/gorm|searchPreload|struct, cache results {definition: dependentFilePath: importString:}
2025/02/14 16:35:09 Analyzing function: GetByID in file: C:\var\tmp\Roost\RoostGPT\golang-1\ece53592-7de3-4391-a2fb-0d6935272614\source\golang-grpc-realworld-example\store\article.go
2025/02/14 16:35:09 Expr: &{Star:14970591 X:ArticleStore}: type of expression is &types.Pointer{base:(*types.Named)(0xc014479490)}; Resolved type: *github.com/raahii/golang-grpc-realworld-example/store.ArticleStore; Out: [github.com/raahii/golang-grpc-realworld-example/store.ArticleStore]
2025/02/14 16:35:09 Recording and checking type: github.com/raahii/golang-grpc-realworld-example/store.ArticleStore
2025/02/14 16:35:09 Processing struct: github.com/raahii/golang-grpc-realworld-example/store.ArticleStore with 1 fields
2025/02/14 16:35:09 Recording and checking type: github.com/jinzhu/gorm.DB
2025/02/14 16:35:09 Processing struct: github.com/jinzhu/gorm.DB with 15 fields
2025/02/14 16:35:09 Recording and checking type: github.com/jinzhu/gorm.SQLCommon
2025/02/14 16:35:09 Underlying type is not a struct for: github.com/jinzhu/gorm.SQLCommon
2025/02/14 16:35:09 Recording and checking type: github.com/jinzhu/gorm.logModeValue
2025/02/14 16:35:09 Underlying type is not a struct for: github.com/jinzhu/gorm.logModeValue
2025/02/14 16:35:09 Recording and checking type: github.com/jinzhu/gorm.logger
2025/02/14 16:35:09 Underlying type is not a struct for: github.com/jinzhu/gorm.logger
2025/02/14 16:35:09 Recording and checking type: github.com/jinzhu/gorm.search
2025/02/14 16:35:09 Processing struct: github.com/jinzhu/gorm.search with 19 fields
2025/02/14 16:35:09 Recording and checking type: github.com/jinzhu/gorm.Callback
2025/02/14 16:35:09 Processing struct: github.com/jinzhu/gorm.Callback with 7 fields
2025/02/14 16:35:09 Recording and checking type: github.com/jinzhu/gorm.Dialect
2025/02/14 16:35:09 Underlying type is not a struct for: github.com/jinzhu/gorm.Dialect
2025/02/14 16:35:09 Expr: &{Star:14970624 X:0xc01eb42180}: type of expression is &types.Pointer{base:(*types.Named)(0xc017970d20)}; Resolved type: *github.com/raahii/golang-grpc-realworld-example/model.Article; Out: [github.com/raahii/golang-grpc-realworld-example/model.Article]
2025/02/14 16:35:09 Collected field type: github.com/raahii/golang-grpc-realworld-example/model.Article
2025/02/14 16:35:09 Expr: error: type of expression is &types.Named{check:(*types.Checker)(nil), obj:(*types.TypeName)(0xc00006ca00), fromRHS:(*types.Interface)(0xc00006ca50), inst:(*types.instance)(nil), mu:sync.Mutex{state:0, sema:0x0}, state_:0x2, underlying:(*types.Interface)(0xc00006ca50), tparams:(*types.TypeParamList)(nil), methods:[]*types.Func(nil), loader:(func(*types.Named) ([]*types.TypeParam, types.Type, []*types.Func))(nil)}; Resolved type: error; Out: []
2025/02/14 16:35:09 Recording and checking type: github.com/raahii/golang-grpc-realworld-example/model.Article
2025/02/14 16:35:09 Entering: loadAndHandlePackage for github.com/raahii/golang-grpc-realworld-example/model
2025/02/14 16:35:10 Exiting: loadAndHandlePackage for github.com/raahii/golang-grpc-realworld-example/model
2025/02/14 16:35:10 Processing struct: github.com/raahii/golang-grpc-realworld-example/model.Article with 10 fields
2025/02/14 16:35:10 Recording and checking type: github.com/jinzhu/gorm.Model
2025/02/14 16:35:10 Processing struct: github.com/jinzhu/gorm.Model with 4 fields
2025/02/14 16:35:10 Recording and checking type: github.com/raahii/golang-grpc-realworld-example/model.Tag
2025/02/14 16:35:10 Processing struct: github.com/raahii/golang-grpc-realworld-example/model.Tag with 2 fields
2025/02/14 16:35:10 Recording and checking type: github.com/raahii/golang-grpc-realworld-example/model.User
2025/02/14 16:35:10 Processing struct: github.com/raahii/golang-grpc-realworld-example/model.User with 8 fields
2025/02/14 16:35:10 Recording and checking type: github.com/raahii/golang-grpc-realworld-example/model.Comment
2025/02/14 16:35:10 Processing struct: github.com/raahii/golang-grpc-realworld-example/model.Comment with 6 fields
2025/02/14 16:35:10 Expr: m: type of expression is &types.Named{check:(*types.Checker)(nil), obj:(*types.TypeName)(0xc01e4ffbd0), fromRHS:(*types.Struct)(0xc01e4fbdd0), inst:(*types.instance)(nil), mu:sync.Mutex{state:0, sema:0x0}, state_:0x2, underlying:(*types.Struct)(0xc01e4fbdd0), tparams:(*types.TypeParamList)(nil), methods:[]*types.Func{(*types.Func)(0xc01e4874a0), (*types.Func)(0xc01e487560), (*types.Func)(0xc01e487620)}, loader:(func(*types.Named) ([]*types.TypeParam, types.Type, []*types.Func))(nil)}; Resolved type: github.com/raahii/golang-grpc-realworld-example/model.Article; Out: [github.com/raahii/golang-grpc-realworld-example/model.Article]
2025/02/14 16:35:10 Already collected type: github.com/raahii/golang-grpc-realworld-example/model.Article. Current structs: [github.com/raahii/golang-grpc-realworld-example/store.ArticleStore github.com/jinzhu/gorm.DB github.com/jinzhu/gorm.SQLCommon github.com/jinzhu/gorm.logModeValue github.com/jinzhu/gorm.logger github.com/jinzhu/gorm.search github.com/jinzhu/gorm.Callback github.com/jinzhu/gorm.Dialect github.com/raahii/golang-grpc-realworld-example/model.Article github.com/jinzhu/gorm.Model github.com/raahii/golang-grpc-realworld-example/model.Tag github.com/raahii/golang-grpc-realworld-example/model.User github.com/raahii/golang-grpc-realworld-example/model.Comment]
2025/02/14 16:35:10 Expr: Article: type of expression is &types.Named{check:(*types.Checker)(nil), obj:(*types.TypeName)(0xc01e4ffbd0), fromRHS:(*types.Struct)(0xc01e4fbdd0), inst:(*types.instance)(nil), mu:sync.Mutex{state:0, sema:0x0}, state_:0x2, underlying:(*types.Struct)(0xc01e4fbdd0), tparams:(*types.TypeParamList)(nil), methods:[]*types.Func{(*types.Func)(0xc01e4874a0), (*types.Func)(0xc01e487560), (*types.Func)(0xc01e487620)}, loader:(func(*types.Named) ([]*types.TypeParam, types.Type, []*types.Func))(nil)}; Resolved type: github.com/raahii/golang-grpc-realworld-example/model.Article; Out: [github.com/raahii/golang-grpc-realworld-example/model.Article]
2025/02/14 16:35:10 Already collected type: github.com/raahii/golang-grpc-realworld-example/model.Article. Current structs: [github.com/raahii/golang-grpc-realworld-example/store.ArticleStore github.com/jinzhu/gorm.DB github.com/jinzhu/gorm.SQLCommon github.com/jinzhu/gorm.logModeValue github.com/jinzhu/gorm.logger github.com/jinzhu/gorm.search github.com/jinzhu/gorm.Callback github.com/jinzhu/gorm.Dialect github.com/raahii/golang-grpc-realworld-example/model.Article github.com/jinzhu/gorm.Model github.com/raahii/golang-grpc-realworld-example/model.Tag github.com/raahii/golang-grpc-realworld-example/model.User github.com/raahii/golang-grpc-realworld-example/model.Comment]
2025/02/14 16:35:10 Expr: &{X:0xc01e643d40 Sel:Error}: type of expression is &types.Named{check:(*types.Checker)(nil), obj:(*types.TypeName)(0xc00006ca00), fromRHS:(*types.Interface)(0xc00006ca50), inst:(*types.instance)(nil), mu:sync.Mutex{state:0, sema:0x0}, state_:0x2, underlying:(*types.Interface)(0xc00006ca50), tparams:(*types.TypeParamList)(nil), methods:[]*types.Func(nil), loader:(func(*types.Named) ([]*types.TypeParam, types.Type, []*types.Func))(nil)}; Resolved type: error; Out: []
2025/02/14 16:35:10 Expr: err: type of expression is &types.Named{check:(*types.Checker)(nil), obj:(*types.TypeName)(0xc00006ca00), fromRHS:(*types.Interface)(0xc00006ca50), inst:(*types.instance)(nil), mu:sync.Mutex{state:0, sema:0x0}, state_:0x2, underlying:(*types.Interface)(0xc00006ca50), tparams:(*types.TypeParamList)(nil), methods:[]*types.Func(nil), loader:(func(*types.Named) ([]*types.TypeParam, types.Type, []*types.Func))(nil)}; Resolved type: error; Out: []
2025/02/14 16:35:10 Expr: s: type of expression is &types.Pointer{base:(*types.Named)(0xc014479490)}; Resolved type: *github.com/raahii/golang-grpc-realworld-example/store.ArticleStore; Out: [github.com/raahii/golang-grpc-realworld-example/store.ArticleStore]
2025/02/14 16:35:10 Already collected type: github.com/raahii/golang-grpc-realworld-example/store.ArticleStore. Current structs: [github.com/raahii/golang-grpc-realworld-example/store.ArticleStore github.com/jinzhu/gorm.DB github.com/jinzhu/gorm.SQLCommon github.com/jinzhu/gorm.logModeValue github.com/jinzhu/gorm.logger github.com/jinzhu/gorm.search github.com/jinzhu/gorm.Callback github.com/jinzhu/gorm.Dialect github.com/raahii/golang-grpc-realworld-example/model.Article github.com/jinzhu/gorm.Model github.com/raahii/golang-grpc-realworld-example/model.Tag github.com/raahii/golang-grpc-realworld-example/model.User github.com/raahii/golang-grpc-realworld-example/model.Comment]
2025/02/14 16:35:10 Expr: db: type of expression is &types.Pointer{base:(*types.Named)(0xc0134725b0)}; Resolved type: *github.com/jinzhu/gorm.DB; Out: [github.com/jinzhu/gorm.DB]
2025/02/14 16:35:10 Already collected type: github.com/jinzhu/gorm.DB. Current structs: [github.com/raahii/golang-grpc-realworld-example/store.ArticleStore github.com/jinzhu/gorm.DB github.com/jinzhu/gorm.SQLCommon github.com/jinzhu/gorm.logModeValue github.com/jinzhu/gorm.logger github.com/jinzhu/gorm.search github.com/jinzhu/gorm.Callback github.com/jinzhu/gorm.Dialect github.com/raahii/golang-grpc-realworld-example/model.Article github.com/jinzhu/gorm.Model github.com/raahii/golang-grpc-realworld-example/model.Tag github.com/raahii/golang-grpc-realworld-example/model.User github.com/raahii/golang-grpc-realworld-example/model.Comment]
2025/02/14 16:35:10 Expr: Preload: type of expression is &types.Signature{rparams:(*types.TypeParamList)(nil), tparams:(*types.TypeParamList)(nil), scope:(*types.Scope)(0xc014eab2c0), recv:(*types.Var)(0xc014eab380), params:(*types.Tuple)(0xc014ea8258), results:(*types.Tuple)(0xc014ea8270), variadic:true}; Resolved type: func(column string, conditions ...interface{}) *github.com/jinzhu/gorm.DB; Out: []
2025/02/14 16:35:10 Expr: Preload: type of expression is &types.Signature{rparams:(*types.TypeParamList)(nil), tparams:(*types.TypeParamList)(nil), scope:(*types.Scope)(0xc014eab2c0), recv:(*types.Var)(0xc014eab380), params:(*types.Tuple)(0xc014ea8258), results:(*types.Tuple)(0xc014ea8270), variadic:true}; Resolved type: func(column string, conditions ...interface{}) *github.com/jinzhu/gorm.DB; Out: []
2025/02/14 16:35:10 Expr: Find: type of expression is &types.Signature{rparams:(*types.TypeParamList)(nil), tparams:(*types.TypeParamList)(nil), scope:(*types.Scope)(0xc014e8d920), recv:(*types.Var)(0xc014e8d9e0), params:(*types.Tuple)(0xc014b83a28), results:(*types.Tuple)(0xc014b83a40), variadic:true}; Resolved type: func(out interface{}, where ...interface{}) *github.com/jinzhu/gorm.DB; Out: []
2025/02/14 16:35:10 Expr: m: type of expression is &types.Named{check:(*types.Checker)(nil), obj:(*types.TypeName)(0xc01e4ffbd0), fromRHS:(*types.Struct)(0xc01e4fbdd0), inst:(*types.instance)(nil), mu:sync.Mutex{state:0, sema:0x0}, state_:0x2, underlying:(*types.Struct)(0xc01e4fbdd0), tparams:(*types.TypeParamList)(nil), methods:[]*types.Func{(*types.Func)(0xc01e4874a0), (*types.Func)(0xc01e487560), (*types.Func)(0xc01e487620)}, loader:(func(*types.Named) ([]*types.TypeParam, types.Type, []*types.Func))(nil)}; Resolved type: github.com/raahii/golang-grpc-realworld-example/model.Article; Out: [github.com/raahii/golang-grpc-realworld-example/model.Article]
2025/02/14 16:35:10 Already collected type: github.com/raahii/golang-grpc-realworld-example/model.Article. Current structs: [github.com/raahii/golang-grpc-realworld-example/store.ArticleStore github.com/jinzhu/gorm.DB github.com/jinzhu/gorm.SQLCommon github.com/jinzhu/gorm.logModeValue github.com/jinzhu/gorm.logger github.com/jinzhu/gorm.search github.com/jinzhu/gorm.Callback github.com/jinzhu/gorm.Dialect github.com/raahii/golang-grpc-realworld-example/model.Article github.com/jinzhu/gorm.Model github.com/raahii/golang-grpc-realworld-example/model.Tag github.com/raahii/golang-grpc-realworld-example/model.User github.com/raahii/golang-grpc-realworld-example/model.Comment]
2025/02/14 16:35:10 Expr: Error: type of expression is &types.Named{check:(*types.Checker)(nil), obj:(*types.TypeName)(0xc00006ca00), fromRHS:(*types.Interface)(0xc00006ca50), inst:(*types.instance)(nil), mu:sync.Mutex{state:0, sema:0x0}, state_:0x2, underlying:(*types.Interface)(0xc00006ca50), tparams:(*types.TypeParamList)(nil), methods:[]*types.Func(nil), loader:(func(*types.Named) ([]*types.TypeParam, types.Type, []*types.Func))(nil)}; Resolved type: error; Out: []
2025/02/14 16:35:10 Expr: err: type of expression is &types.Named{check:(*types.Checker)(nil), obj:(*types.TypeName)(0xc00006ca00), fromRHS:(*types.Interface)(0xc00006ca50), inst:(*types.instance)(nil), mu:sync.Mutex{state:0, sema:0x0}, state_:0x2, underlying:(*types.Interface)(0xc00006ca50), tparams:(*types.TypeParamList)(nil), methods:[]*types.Func(nil), loader:(func(*types.Named) ([]*types.TypeParam, types.Type, []*types.Func))(nil)}; Resolved type: error; Out: []
2025/02/14 16:35:10 Expr: err: type of expression is &types.Named{check:(*types.Checker)(nil), obj:(*types.TypeName)(0xc00006ca00), fromRHS:(*types.Interface)(0xc00006ca50), inst:(*types.instance)(nil), mu:sync.Mutex{state:0, sema:0x0}, state_:0x2, underlying:(*types.Interface)(0xc00006ca50), tparams:(*types.TypeParamList)(nil), methods:[]*types.Func(nil), loader:(func(*types.Named) ([]*types.TypeParam, types.Type, []*types.Func))(nil)}; Resolved type: error; Out: []
2025/02/14 16:35:10 Expr: m: type of expression is &types.Named{check:(*types.Checker)(nil), obj:(*types.TypeName)(0xc01e4ffbd0), fromRHS:(*types.Struct)(0xc01e4fbdd0), inst:(*types.instance)(nil), mu:sync.Mutex{state:0, sema:0x0}, state_:0x2, underlying:(*types.Struct)(0xc01e4fbdd0), tparams:(*types.TypeParamList)(nil), methods:[]*types.Func{(*types.Func)(0xc01e4874a0), (*types.Func)(0xc01e487560), (*types.Func)(0xc01e487620)}, loader:(func(*types.Named) ([]*types.TypeParam, types.Type, []*types.Func))(nil)}; Resolved type: github.com/raahii/golang-grpc-realworld-example/model.Article; Out: [github.com/raahii/golang-grpc-realworld-example/model.Article]
2025/02/14 16:35:10 Already collected type: github.com/raahii/golang-grpc-realworld-example/model.Article. Current structs: [github.com/raahii/golang-grpc-realworld-example/store.ArticleStore github.com/jinzhu/gorm.DB github.com/jinzhu/gorm.SQLCommon github.com/jinzhu/gorm.logModeValue github.com/jinzhu/gorm.logger github.com/jinzhu/gorm.search github.com/jinzhu/gorm.Callback github.com/jinzhu/gorm.Dialect github.com/raahii/golang-grpc-realworld-example/model.Article github.com/jinzhu/gorm.Model github.com/raahii/golang-grpc-realworld-example/model.Tag github.com/raahii/golang-grpc-realworld-example/model.User github.com/raahii/golang-grpc-realworld-example/model.Comment]
2025/02/14 16:35:10 Receiver type: *github.com/jinzhu/gorm.DB
2025/02/14 16:35:10 Found selector function call: github.com/jinzhu/gorm.DB.Find, current functions list: []
2025/02/14 16:35:10 Split github.com/jinzhu/gorm.DB.Find into github.com/jinzhu/gorm and DB.Find:
2025/02/14 16:35:10 Entering: loadAndHandlePackage for github.com/jinzhu/gorm
2025/02/14 16:35:11 Exiting: loadAndHandlePackage for github.com/jinzhu/gorm
2025/02/14 16:35:11 Receiver type: *github.com/jinzhu/gorm.DB
2025/02/14 16:35:11 Found selector function call: github.com/jinzhu/gorm.DB.Preload, current functions list: [github.com/jinzhu/gorm.DB.Find]
2025/02/14 16:35:11 Split github.com/jinzhu/gorm.DB.Preload into github.com/jinzhu/gorm and DB.Preload:
2025/02/14 16:35:11 Receiver type: *github.com/jinzhu/gorm.DB
2025/02/14 16:35:11 Split github.com/jinzhu/gorm.DB.Find into github.com/jinzhu/gorm and DB.Find:
2025/02/14 16:35:11 name is DB.Find with search type func 
2025/02/14 16:35:11 Entering: loadAndHandlePackage for github.com/jinzhu/gorm
2025/02/14 16:35:13 Exiting: loadAndHandlePackage for github.com/jinzhu/gorm
2025/02/14 16:35:13 Stored for github.com/jinzhu/gorm|DB.Find|func, cache results {definition: dependentFilePath: importString:}
2025/02/14 16:35:13 Split github.com/jinzhu/gorm.DB.Preload into github.com/jinzhu/gorm and DB.Preload:
2025/02/14 16:35:13 name is DB.Preload with search type func 
2025/02/14 16:35:13 Entering: loadAndHandlePackage for github.com/jinzhu/gorm
2025/02/14 16:35:14 Exiting: loadAndHandlePackage for github.com/jinzhu/gorm
2025/02/14 16:35:14 Stored for github.com/jinzhu/gorm|DB.Preload|func, cache results {definition: dependentFilePath: importString:}
2025/02/14 16:35:14 Split github.com/raahii/golang-grpc-realworld-example/model.Tag into github.com/raahii/golang-grpc-realworld-example/model and Tag:
2025/02/14 16:35:14 name is Tag with search type struct 
2025/02/14 16:35:14 Entering: loadAndHandlePackage for github.com/raahii/golang-grpc-realworld-example/model
2025/02/14 16:35:16 Exiting: loadAndHandlePackage for github.com/raahii/golang-grpc-realworld-example/model
2025/02/14 16:35:16 Stored for github.com/raahii/golang-grpc-realworld-example/model|Tag|struct, cache results {definition: dependentFilePath: importString:}
2025/02/14 16:35:16 Split github.com/raahii/golang-grpc-realworld-example/model.User into github.com/raahii/golang-grpc-realworld-example/model and User:
2025/02/14 16:35:16 name is User with search type struct 
2025/02/14 16:35:16 Entering: loadAndHandlePackage for github.com/raahii/golang-grpc-realworld-example/model
2025/02/14 16:35:18 Exiting: loadAndHandlePackage for github.com/raahii/golang-grpc-realworld-example/model
2025/02/14 16:35:18 Stored for github.com/raahii/golang-grpc-realworld-example/model|User|struct, cache results {definition: dependentFilePath: importString:}
2025/02/14 16:35:18 Split github.com/raahii/golang-grpc-realworld-example/model.Comment into github.com/raahii/golang-grpc-realworld-example/model and Comment:
2025/02/14 16:35:18 name is Comment with search type struct 
2025/02/14 16:35:18 Entering: loadAndHandlePackage for github.com/raahii/golang-grpc-realworld-example/model
2025/02/14 16:35:19 Exiting: loadAndHandlePackage for github.com/raahii/golang-grpc-realworld-example/model
2025/02/14 16:35:19 Stored for github.com/raahii/golang-grpc-realworld-example/model|Comment|struct, cache results {definition: dependentFilePath: importString:}
2025/02/14 16:35:19 Split github.com/raahii/golang-grpc-realworld-example/store.ArticleStore into github.com/raahii/golang-grpc-realworld-example/store and ArticleStore:
2025/02/14 16:35:19 Found definition for github.com/raahii/golang-grpc-realworld-example/store|ArticleStore|struct, cache results {definition:type ArticleStore struct {
	db *gorm.DB
} dependentFilePath:C:\var\tmp\Roost\RoostGPT\golang-1\ece53592-7de3-4391-a2fb-0d6935272614\source\golang-grpc-realworld-example\store\article.go importString:package github.com/raahii/golang-grpc-realworld-example/store
import (
	"github.com/jinzhu/gorm"
	"github.com/raahii/golang-grpc-realworld-example/model"
)
}
2025/02/14 16:35:19 Split github.com/jinzhu/gorm.SQLCommon into github.com/jinzhu/gorm and SQLCommon:
2025/02/14 16:35:19 Found definition for github.com/jinzhu/gorm|SQLCommon|struct, cache results {definition:type SQLCommon interface {
	Exec(query string, args ...interface{}) (sql.Result, error)
	Prepare(query string) (*sql.Stmt, error)
	Query(query string, args ...interface{}) (*sql.Rows, error)
	QueryRow(query string, args ...interface{}) *sql.Row
} dependentFilePath:C:\Users\aksha\go\pkg\mod\github.com\jinzhu\gorm@v1.9.12\interface.go importString:package github.com/jinzhu/gorm
}
2025/02/14 16:35:19 Split github.com/jinzhu/gorm.logModeValue into github.com/jinzhu/gorm and logModeValue:
2025/02/14 16:35:19 Found definition for github.com/jinzhu/gorm|logModeValue|struct, cache results {definition:type logModeValue int

const (
	defaultLogMode logModeValue = iota
	noLogMode
	detailedLogMode
) dependentFilePath:C:\Users\aksha\go\pkg\mod\github.com\jinzhu\gorm@v1.9.12\main.go importString:package github.com/jinzhu/gorm
}
2025/02/14 16:35:19 Split github.com/raahii/golang-grpc-realworld-example/model.Article into github.com/raahii/golang-grpc-realworld-example/model and Article:
2025/02/14 16:35:19 name is Article with search type struct 
2025/02/14 16:35:19 Entering: loadAndHandlePackage for github.com/raahii/golang-grpc-realworld-example/model
2025/02/14 16:35:21 Exiting: loadAndHandlePackage for github.com/raahii/golang-grpc-realworld-example/model
2025/02/14 16:35:21 Stored for github.com/raahii/golang-grpc-realworld-example/model|Article|struct, cache results {definition: dependentFilePath: importString:}
2025/02/14 16:35:21 Split github.com/jinzhu/gorm.Model into github.com/jinzhu/gorm and Model:
2025/02/14 16:35:21 name is Model with search type struct 
2025/02/14 16:35:21 Entering: loadAndHandlePackage for github.com/jinzhu/gorm
2025/02/14 16:35:22 Exiting: loadAndHandlePackage for github.com/jinzhu/gorm
2025/02/14 16:35:22 Stored for github.com/jinzhu/gorm|Model|struct, cache results {definition: dependentFilePath: importString:}
2025/02/14 16:35:22 Split github.com/jinzhu/gorm.DB into github.com/jinzhu/gorm and DB:
2025/02/14 16:35:22 Found definition for github.com/jinzhu/gorm|DB|struct, cache results {definition:type DB struct {
	sync.RWMutex
	Value        interface{}
	Error        error
	RowsAffected int64

	// single db
	db                SQLCommon
	blockGlobalUpdate bool
	logMode           logModeValue
	logger            logger
	search            *search
	values            sync.Map

	// global db
	parent        *DB
	callbacks     *Callback
	dialect       Dialect
	singularTable bool

	// function to be used to override the creating of a new timestamp
	nowFuncOverride func() time.Time
} dependentFilePath:C:\Users\aksha\go\pkg\mod\github.com\jinzhu\gorm@v1.9.12\main.go importString:package github.com/jinzhu/gorm
}
2025/02/14 16:35:22 Split github.com/jinzhu/gorm.logger into github.com/jinzhu/gorm and logger:
2025/02/14 16:35:22 Found definition for github.com/jinzhu/gorm|logger|struct, cache results {definition:type logger interface {
	Print(v ...interface{})
} dependentFilePath:C:\Users\aksha\go\pkg\mod\github.com\jinzhu\gorm@v1.9.12\logger.go importString:package github.com/jinzhu/gorm
}
2025/02/14 16:35:22 Split github.com/jinzhu/gorm.search into github.com/jinzhu/gorm and search:
2025/02/14 16:35:22 Found definition for github.com/jinzhu/gorm|search|struct, cache results {definition:type search struct {
	db               *DB
	whereConditions  []map[string]interface{}
	orConditions     []map[string]interface{}
	notConditions    []map[string]interface{}
	havingConditions []map[string]interface{}
	joinConditions   []map[string]interface{}
	initAttrs        []interface{}
	assignAttrs      []interface{}
	selects          map[string]interface{}
	omits            []string
	orders           []interface{}
	preload          []searchPreload
	offset           interface{}
	limit            interface{}
	group            string
	tableName        string
	raw              bool
	Unscoped         bool
	ignoreOrderQuery bool
} dependentFilePath:C:\Users\aksha\go\pkg\mod\github.com\jinzhu\gorm@v1.9.12\search.go importString:package github.com/jinzhu/gorm
}
2025/02/14 16:35:22 Split github.com/jinzhu/gorm.Callback into github.com/jinzhu/gorm and Callback:
2025/02/14 16:35:22 Found definition for github.com/jinzhu/gorm|Callback|struct, cache results {definition:type Callback struct {
	logger     logger
	creates    []*func(scope *Scope)
	updates    []*func(scope *Scope)
	deletes    []*func(scope *Scope)
	queries    []*func(scope *Scope)
	rowQueries []*func(scope *Scope)
	processors []*CallbackProcessor
} dependentFilePath:C:\Users\aksha\go\pkg\mod\github.com\jinzhu\gorm@v1.9.12\callback.go importString:package github.com/jinzhu/gorm
}
2025/02/14 16:35:22 Split github.com/jinzhu/gorm.Dialect into github.com/jinzhu/gorm and Dialect:
2025/02/14 16:35:22 Found definition for github.com/jinzhu/gorm|Dialect|struct, cache results {definition:type Dialect interface {
	// GetName get dialect's name
	GetName() string

	// SetDB set db for dialect
	SetDB(db SQLCommon)

	// BindVar return the placeholder for actual values in SQL statements, in many dbs it is "?", Postgres using $1
	BindVar(i int) string
	// Quote quotes field name to avoid SQL parsing exceptions by using a reserved word as a field name
	Quote(key string) string
	// DataTypeOf return data's sql type
	DataTypeOf(field *StructField) string

	// HasIndex check has index or not
	HasIndex(tableName string, indexName string) bool
	// HasForeignKey check has foreign key or not
	HasForeignKey(tableName string, foreignKeyName string) bool
	// RemoveIndex remove index
	RemoveIndex(tableName string, indexName string) error
	// HasTable check has table or not
	HasTable(tableName string) bool
	// HasColumn check has column or not
	HasColumn(tableName string, columnName string) bool
	// ModifyColumn modify column's type
	ModifyColumn(tableName string, columnName string, typ string) error

	// LimitAndOffsetSQL return generated SQL with Limit and Offset, as mssql has special case
	LimitAndOffsetSQL(limit, offset interface{}) (string, error)
	// SelectFromDummyTable return select values, for most dbs, `SELECT values` just works, mysql needs `SELECT value FROM DUAL`
	SelectFromDummyTable() string
	// LastInsertIDOutputInterstitial most dbs support LastInsertId, but mssql needs to use `OUTPUT`
	LastInsertIDOutputInterstitial(tableName, columnName string, columns []string) string
	// LastInsertIdReturningSuffix most dbs support LastInsertId, but postgres needs to use `RETURNING`
	LastInsertIDReturningSuffix(tableName, columnName string) string
	// DefaultValueStr
	DefaultValueStr() string

	// BuildKeyName returns a valid key name (foreign key, index key) for the given table, field and reference
	BuildKeyName(kind, tableName string, fields ...string) string

	// NormalizeIndexAndColumn returns valid index name and column name depending on each dialect
	NormalizeIndexAndColumn(indexName, columnName string) (string, string)

	// CurrentDatabase return current database name
	CurrentDatabase() string
} dependentFilePath:C:\Users\aksha\go\pkg\mod\github.com\jinzhu\gorm@v1.9.12\dialect.go importString:package github.com/jinzhu/gorm
}
2025/02/14 16:35:22 Analyzing function: Create in file: C:\var\tmp\Roost\RoostGPT\golang-1\ece53592-7de3-4391-a2fb-0d6935272614\source\golang-grpc-realworld-example\store\article.go
2025/02/14 16:35:22 Expr: &{Star:14970830 X:ArticleStore}: type of expression is &types.Pointer{base:(*types.Named)(0xc014479490)}; Resolved type: *github.com/raahii/golang-grpc-realworld-example/store.ArticleStore; Out: [github.com/raahii/golang-grpc-realworld-example/store.ArticleStore]
2025/02/14 16:35:22 Recording and checking type: github.com/raahii/golang-grpc-realworld-example/store.ArticleStore
2025/02/14 16:35:22 Processing struct: github.com/raahii/golang-grpc-realworld-example/store.ArticleStore with 1 fields
2025/02/14 16:35:22 Recording and checking type: github.com/jinzhu/gorm.DB
2025/02/14 16:35:22 Processing struct: github.com/jinzhu/gorm.DB with 15 fields
2025/02/14 16:35:22 Recording and checking type: github.com/jinzhu/gorm.SQLCommon
2025/02/14 16:35:22 Underlying type is not a struct for: github.com/jinzhu/gorm.SQLCommon
2025/02/14 16:35:22 Recording and checking type: github.com/jinzhu/gorm.logModeValue
2025/02/14 16:35:22 Underlying type is not a struct for: github.com/jinzhu/gorm.logModeValue
2025/02/14 16:35:22 Recording and checking type: github.com/jinzhu/gorm.logger
2025/02/14 16:35:22 Underlying type is not a struct for: github.com/jinzhu/gorm.logger
2025/02/14 16:35:22 Recording and checking type: github.com/jinzhu/gorm.search
2025/02/14 16:35:22 Processing struct: github.com/jinzhu/gorm.search with 19 fields
2025/02/14 16:35:22 Recording and checking type: github.com/jinzhu/gorm.Callback
2025/02/14 16:35:22 Processing struct: github.com/jinzhu/gorm.Callback with 7 fields
2025/02/14 16:35:22 Recording and checking type: github.com/jinzhu/gorm.Dialect
2025/02/14 16:35:22 Underlying type is not a struct for: github.com/jinzhu/gorm.Dialect
2025/02/14 16:35:22 Expr: &{Star:14970854 X:0xc01eb422b8}: type of expression is &types.Pointer{base:(*types.Named)(0xc017970d20)}; Resolved type: *github.com/raahii/golang-grpc-realworld-example/model.Article; Out: [github.com/raahii/golang-grpc-realworld-example/model.Article]
2025/02/14 16:35:22 Collected field type: github.com/raahii/golang-grpc-realworld-example/model.Article
2025/02/14 16:35:22 Recording and checking type: github.com/raahii/golang-grpc-realworld-example/model.Article
2025/02/14 16:35:22 Processing struct: github.com/raahii/golang-grpc-realworld-example/model.Article with 10 fields
2025/02/14 16:35:22 Recording and checking type: github.com/jinzhu/gorm.Model
2025/02/14 16:35:22 Processing struct: github.com/jinzhu/gorm.Model with 4 fields
2025/02/14 16:35:22 Recording and checking type: github.com/raahii/golang-grpc-realworld-example/model.Tag
2025/02/14 16:35:22 Processing struct: github.com/raahii/golang-grpc-realworld-example/model.Tag with 2 fields
2025/02/14 16:35:22 Recording and checking type: github.com/raahii/golang-grpc-realworld-example/model.User
2025/02/14 16:35:22 Processing struct: github.com/raahii/golang-grpc-realworld-example/model.User with 8 fields
2025/02/14 16:35:22 Recording and checking type: github.com/raahii/golang-grpc-realworld-example/model.Comment
2025/02/14 16:35:22 Processing struct: github.com/raahii/golang-grpc-realworld-example/model.Comment with 6 fields
2025/02/14 16:35:22 Expr: error: type of expression is &types.Named{check:(*types.Checker)(nil), obj:(*types.TypeName)(0xc00006ca00), fromRHS:(*types.Interface)(0xc00006ca50), inst:(*types.instance)(nil), mu:sync.Mutex{state:0, sema:0x0}, state_:0x2, underlying:(*types.Interface)(0xc00006ca50), tparams:(*types.TypeParamList)(nil), methods:[]*types.Func(nil), loader:(func(*types.Named) ([]*types.TypeParam, types.Type, []*types.Func))(nil)}; Resolved type: error; Out: []
2025/02/14 16:35:22 Expr: s: type of expression is &types.Pointer{base:(*types.Named)(0xc014479490)}; Resolved type: *github.com/raahii/golang-grpc-realworld-example/store.ArticleStore; Out: [github.com/raahii/golang-grpc-realworld-example/store.ArticleStore]
2025/02/14 16:35:22 Already collected type: github.com/raahii/golang-grpc-realworld-example/store.ArticleStore. Current structs: [github.com/raahii/golang-grpc-realworld-example/store.ArticleStore github.com/jinzhu/gorm.DB github.com/jinzhu/gorm.SQLCommon github.com/jinzhu/gorm.logModeValue github.com/jinzhu/gorm.logger github.com/jinzhu/gorm.search github.com/jinzhu/gorm.Callback github.com/jinzhu/gorm.Dialect github.com/raahii/golang-grpc-realworld-example/model.Article github.com/jinzhu/gorm.Model github.com/raahii/golang-grpc-realworld-example/model.Tag github.com/raahii/golang-grpc-realworld-example/model.User github.com/raahii/golang-grpc-realworld-example/model.Comment]
2025/02/14 16:35:22 Expr: db: type of expression is &types.Pointer{base:(*types.Named)(0xc0134725b0)}; Resolved type: *github.com/jinzhu/gorm.DB; Out: [github.com/jinzhu/gorm.DB]
2025/02/14 16:35:22 Already collected type: github.com/jinzhu/gorm.DB. Current structs: [github.com/raahii/golang-grpc-realworld-example/store.ArticleStore github.com/jinzhu/gorm.DB github.com/jinzhu/gorm.SQLCommon github.com/jinzhu/gorm.logModeValue github.com/jinzhu/gorm.logger github.com/jinzhu/gorm.search github.com/jinzhu/gorm.Callback github.com/jinzhu/gorm.Dialect github.com/raahii/golang-grpc-realworld-example/model.Article github.com/jinzhu/gorm.Model github.com/raahii/golang-grpc-realworld-example/model.Tag github.com/raahii/golang-grpc-realworld-example/model.User github.com/raahii/golang-grpc-realworld-example/model.Comment]
2025/02/14 16:35:22 Expr: Create: type of expression is &types.Signature{rparams:(*types.TypeParamList)(nil), tparams:(*types.TypeParamList)(nil), scope:(*types.Scope)(0xc014e919e0), recv:(*types.Var)(0xc014e91aa0), params:(*types.Tuple)(0xc014b83cf8), results:(*types.Tuple)(0xc014b83d10), variadic:false}; Resolved type: func(value interface{}) *github.com/jinzhu/gorm.DB; Out: []
2025/02/14 16:35:22 Expr: m: type of expression is &types.Pointer{base:(*types.Named)(0xc017970d20)}; Resolved type: *github.com/raahii/golang-grpc-realworld-example/model.Article; Out: [github.com/raahii/golang-grpc-realworld-example/model.Article]
2025/02/14 16:35:22 Already collected type: github.com/raahii/golang-grpc-realworld-example/model.Article. Current structs: [github.com/raahii/golang-grpc-realworld-example/store.ArticleStore github.com/jinzhu/gorm.DB github.com/jinzhu/gorm.SQLCommon github.com/jinzhu/gorm.logModeValue github.com/jinzhu/gorm.logger github.com/jinzhu/gorm.search github.com/jinzhu/gorm.Callback github.com/jinzhu/gorm.Dialect github.com/raahii/golang-grpc-realworld-example/model.Article github.com/jinzhu/gorm.Model github.com/raahii/golang-grpc-realworld-example/model.Tag github.com/raahii/golang-grpc-realworld-example/model.User github.com/raahii/golang-grpc-realworld-example/model.Comment]
2025/02/14 16:35:22 Expr: Error: type of expression is &types.Named{check:(*types.Checker)(nil), obj:(*types.TypeName)(0xc00006ca00), fromRHS:(*types.Interface)(0xc00006ca50), inst:(*types.instance)(nil), mu:sync.Mutex{state:0, sema:0x0}, state_:0x2, underlying:(*types.Interface)(0xc00006ca50), tparams:(*types.TypeParamList)(nil), methods:[]*types.Func(nil), loader:(func(*types.Named) ([]*types.TypeParam, types.Type, []*types.Func))(nil)}; Resolved type: error; Out: []
2025/02/14 16:35:22 Receiver type: *github.com/jinzhu/gorm.DB
2025/02/14 16:35:22 Found selector function call: github.com/jinzhu/gorm.DB.Create, current functions list: []
2025/02/14 16:35:22 Split github.com/jinzhu/gorm.DB.Create into github.com/jinzhu/gorm and DB.Create:
2025/02/14 16:35:22 Split github.com/jinzhu/gorm.DB.Create into github.com/jinzhu/gorm and DB.Create:
2025/02/14 16:35:22 name is DB.Create with search type func 
2025/02/14 16:35:22 Entering: loadAndHandlePackage for github.com/jinzhu/gorm
2025/02/14 16:35:24 Exiting: loadAndHandlePackage for github.com/jinzhu/gorm
2025/02/14 16:35:24 Stored for github.com/jinzhu/gorm|DB.Create|func, cache results {definition: dependentFilePath: importString:}
2025/02/14 16:35:24 Split github.com/jinzhu/gorm.Dialect into github.com/jinzhu/gorm and Dialect:
2025/02/14 16:35:24 Found definition for github.com/jinzhu/gorm|Dialect|struct, cache results {definition:type Dialect interface {
	// GetName get dialect's name
	GetName() string

	// SetDB set db for dialect
	SetDB(db SQLCommon)

	// BindVar return the placeholder for actual values in SQL statements, in many dbs it is "?", Postgres using $1
	BindVar(i int) string
	// Quote quotes field name to avoid SQL parsing exceptions by using a reserved word as a field name
	Quote(key string) string
	// DataTypeOf return data's sql type
	DataTypeOf(field *StructField) string

	// HasIndex check has index or not
	HasIndex(tableName string, indexName string) bool
	// HasForeignKey check has foreign key or not
	HasForeignKey(tableName string, foreignKeyName string) bool
	// RemoveIndex remove index
	RemoveIndex(tableName string, indexName string) error
	// HasTable check has table or not
	HasTable(tableName string) bool
	// HasColumn check has column or not
	HasColumn(tableName string, columnName string) bool
	// ModifyColumn modify column's type
	ModifyColumn(tableName string, columnName string, typ string) error

	// LimitAndOffsetSQL return generated SQL with Limit and Offset, as mssql has special case
	LimitAndOffsetSQL(limit, offset interface{}) (string, error)
	// SelectFromDummyTable return select values, for most dbs, `SELECT values` just works, mysql needs `SELECT value FROM DUAL`
	SelectFromDummyTable() string
	// LastInsertIDOutputInterstitial most dbs support LastInsertId, but mssql needs to use `OUTPUT`
	LastInsertIDOutputInterstitial(tableName, columnName string, columns []string) string
	// LastInsertIdReturningSuffix most dbs support LastInsertId, but postgres needs to use `RETURNING`
	LastInsertIDReturningSuffix(tableName, columnName string) string
	// DefaultValueStr
	DefaultValueStr() string

	// BuildKeyName returns a valid key name (foreign key, index key) for the given table, field and reference
	BuildKeyName(kind, tableName string, fields ...string) string

	// NormalizeIndexAndColumn returns valid index name and column name depending on each dialect
	NormalizeIndexAndColumn(indexName, columnName string) (string, string)

	// CurrentDatabase return current database name
	CurrentDatabase() string
} dependentFilePath:C:\Users\aksha\go\pkg\mod\github.com\jinzhu\gorm@v1.9.12\dialect.go importString:package github.com/jinzhu/gorm
}
2025/02/14 16:35:24 Split github.com/raahii/golang-grpc-realworld-example/model.Article into github.com/raahii/golang-grpc-realworld-example/model and Article:
2025/02/14 16:35:24 Found definition for github.com/raahii/golang-grpc-realworld-example/model|Article|struct, cache results {definition:type Article struct {
	gorm.Model
	Title          string `gorm:"not null"`
	Description    string `gorm:"not null"`
	Body           string `gorm:"not null"`
	Tags           []Tag  `gorm:"many2many:article_tags"`
	Author         User   `gorm:"foreignkey:UserID"`
	UserID         uint   `gorm:"not null"`
	FavoritesCount int32  `gorm:"not null;default=0"`
	FavoritedUsers []User `gorm:"many2many:favorite_articles"`
	Comments       []Comment
} dependentFilePath:C:\var\tmp\Roost\RoostGPT\golang-1\ece53592-7de3-4391-a2fb-0d6935272614\source\golang-grpc-realworld-example\model\article.go importString:package github.com/raahii/golang-grpc-realworld-example/model
import (
	validation "github.com/go-ozzo/ozzo-validation"
	"github.com/jinzhu/gorm"
	pb "github.com/raahii/golang-grpc-realworld-example/proto"
)
}
2025/02/14 16:35:24 Split github.com/raahii/golang-grpc-realworld-example/model.Tag into github.com/raahii/golang-grpc-realworld-example/model and Tag:
2025/02/14 16:35:24 Found definition for github.com/raahii/golang-grpc-realworld-example/model|Tag|struct, cache results {definition:type Tag struct {
	gorm.Model
	Name string `gorm:"not null"`
} dependentFilePath:C:\var\tmp\Roost\RoostGPT\golang-1\ece53592-7de3-4391-a2fb-0d6935272614\source\golang-grpc-realworld-example\model\article.go importString:package github.com/raahii/golang-grpc-realworld-example/model
import (
	validation "github.com/go-ozzo/ozzo-validation"
	"github.com/jinzhu/gorm"
	pb "github.com/raahii/golang-grpc-realworld-example/proto"
)
}
2025/02/14 16:35:24 Split github.com/raahii/golang-grpc-realworld-example/store.ArticleStore into github.com/raahii/golang-grpc-realworld-example/store and ArticleStore:
2025/02/14 16:35:24 Found definition for github.com/raahii/golang-grpc-realworld-example/store|ArticleStore|struct, cache results {definition:type ArticleStore struct {
	db *gorm.DB
} dependentFilePath:C:\var\tmp\Roost\RoostGPT\golang-1\ece53592-7de3-4391-a2fb-0d6935272614\source\golang-grpc-realworld-example\store\article.go importString:package github.com/raahii/golang-grpc-realworld-example/store
import (
	"github.com/jinzhu/gorm"
	"github.com/raahii/golang-grpc-realworld-example/model"
)
}
2025/02/14 16:35:24 Split github.com/jinzhu/gorm.DB into github.com/jinzhu/gorm and DB:
2025/02/14 16:35:24 Found definition for github.com/jinzhu/gorm|DB|struct, cache results {definition:type DB struct {
	sync.RWMutex
	Value        interface{}
	Error        error
	RowsAffected int64

	// single db
	db                SQLCommon
	blockGlobalUpdate bool
	logMode           logModeValue
	logger            logger
	search            *search
	values            sync.Map

	// global db
	parent        *DB
	callbacks     *Callback
	dialect       Dialect
	singularTable bool

	// function to be used to override the creating of a new timestamp
	nowFuncOverride func() time.Time
} dependentFilePath:C:\Users\aksha\go\pkg\mod\github.com\jinzhu\gorm@v1.9.12\main.go importString:package github.com/jinzhu/gorm
}
2025/02/14 16:35:24 Split github.com/jinzhu/gorm.SQLCommon into github.com/jinzhu/gorm and SQLCommon:
2025/02/14 16:35:24 Found definition for github.com/jinzhu/gorm|SQLCommon|struct, cache results {definition:type SQLCommon interface {
	Exec(query string, args ...interface{}) (sql.Result, error)
	Prepare(query string) (*sql.Stmt, error)
	Query(query string, args ...interface{}) (*sql.Rows, error)
	QueryRow(query string, args ...interface{}) *sql.Row
} dependentFilePath:C:\Users\aksha\go\pkg\mod\github.com\jinzhu\gorm@v1.9.12\interface.go importString:package github.com/jinzhu/gorm
}
2025/02/14 16:35:24 Split github.com/jinzhu/gorm.search into github.com/jinzhu/gorm and search:
2025/02/14 16:35:24 Found definition for github.com/jinzhu/gorm|search|struct, cache results {definition:type search struct {
	db               *DB
	whereConditions  []map[string]interface{}
	orConditions     []map[string]interface{}
	notConditions    []map[string]interface{}
	havingConditions []map[string]interface{}
	joinConditions   []map[string]interface{}
	initAttrs        []interface{}
	assignAttrs      []interface{}
	selects          map[string]interface{}
	omits            []string
	orders           []interface{}
	preload          []searchPreload
	offset           interface{}
	limit            interface{}
	group            string
	tableName        string
	raw              bool
	Unscoped         bool
	ignoreOrderQuery bool
} dependentFilePath:C:\Users\aksha\go\pkg\mod\github.com\jinzhu\gorm@v1.9.12\search.go importString:package github.com/jinzhu/gorm
}
2025/02/14 16:35:24 Split github.com/jinzhu/gorm.Callback into github.com/jinzhu/gorm and Callback:
2025/02/14 16:35:24 Found definition for github.com/jinzhu/gorm|Callback|struct, cache results {definition:type Callback struct {
	logger     logger
	creates    []*func(scope *Scope)
	updates    []*func(scope *Scope)
	deletes    []*func(scope *Scope)
	queries    []*func(scope *Scope)
	rowQueries []*func(scope *Scope)
	processors []*CallbackProcessor
} dependentFilePath:C:\Users\aksha\go\pkg\mod\github.com\jinzhu\gorm@v1.9.12\callback.go importString:package github.com/jinzhu/gorm
}
2025/02/14 16:35:24 Split github.com/raahii/golang-grpc-realworld-example/model.User into github.com/raahii/golang-grpc-realworld-example/model and User:
2025/02/14 16:35:24 Found definition for github.com/raahii/golang-grpc-realworld-example/model|User|struct, cache results {definition:type User struct {
	gorm.Model
	Username         string    `gorm:"unique_index;not null"`
	Email            string    `gorm:"unique_index;not null"`
	Password         string    `gorm:"not null"`
	Bio              string    `gorm:"not null"`
	Image            string    `gorm:"not null"`
	Follows          []User    `gorm:"many2many:follows;jointable_foreignkey:from_user_id;association_jointable_foreignkey:to_user_id"`
	FavoriteArticles []Article `gorm:"many2many:favorite_articles;"`
} dependentFilePath:C:\var\tmp\Roost\RoostGPT\golang-1\ece53592-7de3-4391-a2fb-0d6935272614\source\golang-grpc-realworld-example\model\user.go importString:package github.com/raahii/golang-grpc-realworld-example/model
import (
	validation "github.com/go-ozzo/ozzo-validation"
	"github.com/go-ozzo/ozzo-validation/is"
	"github.com/jinzhu/gorm"
	pb "github.com/raahii/golang-grpc-realworld-example/proto"
	"golang.org/x/crypto/bcrypt"
)
}
2025/02/14 16:35:24 Split github.com/jinzhu/gorm.logModeValue into github.com/jinzhu/gorm and logModeValue:
2025/02/14 16:35:24 Found definition for github.com/jinzhu/gorm|logModeValue|struct, cache results {definition:type logModeValue int

const (
	defaultLogMode logModeValue = iota
	noLogMode
	detailedLogMode
) dependentFilePath:C:\Users\aksha\go\pkg\mod\github.com\jinzhu\gorm@v1.9.12\main.go importString:package github.com/jinzhu/gorm
}
2025/02/14 16:35:24 Split github.com/jinzhu/gorm.logger into github.com/jinzhu/gorm and logger:
2025/02/14 16:35:24 Found definition for github.com/jinzhu/gorm|logger|struct, cache results {definition:type logger interface {
	Print(v ...interface{})
} dependentFilePath:C:\Users\aksha\go\pkg\mod\github.com\jinzhu\gorm@v1.9.12\logger.go importString:package github.com/jinzhu/gorm
}
2025/02/14 16:35:24 Split github.com/jinzhu/gorm.Model into github.com/jinzhu/gorm and Model:
2025/02/14 16:35:24 Found definition for github.com/jinzhu/gorm|Model|struct, cache results {definition:type Model struct {
	ID        uint `gorm:"primary_key"`
	CreatedAt time.Time
	UpdatedAt time.Time
	DeletedAt *time.Time `sql:"index"`
} dependentFilePath:C:\Users\aksha\go\pkg\mod\github.com\jinzhu\gorm@v1.9.12\model.go importString:package github.com/jinzhu/gorm
}
2025/02/14 16:35:24 Split github.com/raahii/golang-grpc-realworld-example/model.Comment into github.com/raahii/golang-grpc-realworld-example/model and Comment:
2025/02/14 16:35:24 Found definition for github.com/raahii/golang-grpc-realworld-example/model|Comment|struct, cache results {definition:type Comment struct {
	gorm.Model
	Body      string `gorm:"not null"`
	UserID    uint   `gorm:"not null"`
	Author    User   `gorm:"foreignkey:UserID"`
	ArticleID uint   `gorm:"not null"`
	Article   Article
} dependentFilePath:C:\var\tmp\Roost\RoostGPT\golang-1\ece53592-7de3-4391-a2fb-0d6935272614\source\golang-grpc-realworld-example\model\comment.go importString:package github.com/raahii/golang-grpc-realworld-example/model
import (
	validation "github.com/go-ozzo/ozzo-validation"
	"github.com/jinzhu/gorm"
	pb "github.com/raahii/golang-grpc-realworld-example/proto"
)
}
2025/02/14 16:35:24 Analyzing function: Update in file: C:\var\tmp\Roost\RoostGPT\golang-1\ece53592-7de3-4391-a2fb-0d6935272614\source\golang-grpc-realworld-example\store\article.go
2025/02/14 16:35:24 Expr: &{Star:14970948 X:ArticleStore}: type of expression is &types.Pointer{base:(*types.Named)(0xc014479490)}; Resolved type: *github.com/raahii/golang-grpc-realworld-example/store.ArticleStore; Out: [github.com/raahii/golang-grpc-realworld-example/store.ArticleStore]
2025/02/14 16:35:24 Recording and checking type: github.com/raahii/golang-grpc-realworld-example/store.ArticleStore
2025/02/14 16:35:24 Processing struct: github.com/raahii/golang-grpc-realworld-example/store.ArticleStore with 1 fields
2025/02/14 16:35:24 Recording and checking type: github.com/jinzhu/gorm.DB
2025/02/14 16:35:24 Processing struct: github.com/jinzhu/gorm.DB with 15 fields
2025/02/14 16:35:24 Recording and checking type: github.com/jinzhu/gorm.SQLCommon
2025/02/14 16:35:24 Underlying type is not a struct for: github.com/jinzhu/gorm.SQLCommon
2025/02/14 16:35:24 Recording and checking type: github.com/jinzhu/gorm.logModeValue
2025/02/14 16:35:24 Underlying type is not a struct for: github.com/jinzhu/gorm.logModeValue
2025/02/14 16:35:24 Recording and checking type: github.com/jinzhu/gorm.logger
2025/02/14 16:35:24 Underlying type is not a struct for: github.com/jinzhu/gorm.logger
2025/02/14 16:35:24 Recording and checking type: github.com/jinzhu/gorm.search
2025/02/14 16:35:24 Processing struct: github.com/jinzhu/gorm.search with 19 fields
2025/02/14 16:35:24 Recording and checking type: github.com/jinzhu/gorm.Callback
2025/02/14 16:35:24 Processing struct: github.com/jinzhu/gorm.Callback with 7 fields
2025/02/14 16:35:24 Recording and checking type: github.com/jinzhu/gorm.Dialect
2025/02/14 16:35:24 Underlying type is not a struct for: github.com/jinzhu/gorm.Dialect
2025/02/14 16:35:24 Expr: &{Star:14970972 X:0xc01eb423a8}: type of expression is &types.Pointer{base:(*types.Named)(0xc017970d20)}; Resolved type: *github.com/raahii/golang-grpc-realworld-example/model.Article; Out: [github.com/raahii/golang-grpc-realworld-example/model.Article]
2025/02/14 16:35:24 Collected field type: github.com/raahii/golang-grpc-realworld-example/model.Article
2025/02/14 16:35:24 Recording and checking type: github.com/raahii/golang-grpc-realworld-example/model.Article
2025/02/14 16:35:24 Processing struct: github.com/raahii/golang-grpc-realworld-example/model.Article with 10 fields
2025/02/14 16:35:24 Recording and checking type: github.com/jinzhu/gorm.Model
2025/02/14 16:35:24 Processing struct: github.com/jinzhu/gorm.Model with 4 fields
2025/02/14 16:35:24 Recording and checking type: github.com/raahii/golang-grpc-realworld-example/model.Tag
2025/02/14 16:35:24 Processing struct: github.com/raahii/golang-grpc-realworld-example/model.Tag with 2 fields
2025/02/14 16:35:24 Recording and checking type: github.com/raahii/golang-grpc-realworld-example/model.User
2025/02/14 16:35:24 Processing struct: github.com/raahii/golang-grpc-realworld-example/model.User with 8 fields
2025/02/14 16:35:24 Recording and checking type: github.com/raahii/golang-grpc-realworld-example/model.Comment
2025/02/14 16:35:24 Processing struct: github.com/raahii/golang-grpc-realworld-example/model.Comment with 6 fields
2025/02/14 16:35:24 Expr: error: type of expression is &types.Named{check:(*types.Checker)(nil), obj:(*types.TypeName)(0xc00006ca00), fromRHS:(*types.Interface)(0xc00006ca50), inst:(*types.instance)(nil), mu:sync.Mutex{state:0, sema:0x0}, state_:0x2, underlying:(*types.Interface)(0xc00006ca50), tparams:(*types.TypeParamList)(nil), methods:[]*types.Func(nil), loader:(func(*types.Named) ([]*types.TypeParam, types.Type, []*types.Func))(nil)}; Resolved type: error; Out: []
2025/02/14 16:35:24 Expr: s: type of expression is &types.Pointer{base:(*types.Named)(0xc014479490)}; Resolved type: *github.com/raahii/golang-grpc-realworld-example/store.ArticleStore; Out: [github.com/raahii/golang-grpc-realworld-example/store.ArticleStore]
2025/02/14 16:35:24 Already collected type: github.com/raahii/golang-grpc-realworld-example/store.ArticleStore. Current structs: [github.com/raahii/golang-grpc-realworld-example/store.ArticleStore github.com/jinzhu/gorm.DB github.com/jinzhu/gorm.SQLCommon github.com/jinzhu/gorm.logModeValue github.com/jinzhu/gorm.logger github.com/jinzhu/gorm.search github.com/jinzhu/gorm.Callback github.com/jinzhu/gorm.Dialect github.com/raahii/golang-grpc-realworld-example/model.Article github.com/jinzhu/gorm.Model github.com/raahii/golang-grpc-realworld-example/model.Tag github.com/raahii/golang-grpc-realworld-example/model.User github.com/raahii/golang-grpc-realworld-example/model.Comment]
2025/02/14 16:35:24 Expr: db: type of expression is &types.Pointer{base:(*types.Named)(0xc0134725b0)}; Resolved type: *github.com/jinzhu/gorm.DB; Out: [github.com/jinzhu/gorm.DB]
2025/02/14 16:35:24 Already collected type: github.com/jinzhu/gorm.DB. Current structs: [github.com/raahii/golang-grpc-realworld-example/store.ArticleStore github.com/jinzhu/gorm.DB github.com/jinzhu/gorm.SQLCommon github.com/jinzhu/gorm.logModeValue github.com/jinzhu/gorm.logger github.com/jinzhu/gorm.search github.com/jinzhu/gorm.Callback github.com/jinzhu/gorm.Dialect github.com/raahii/golang-grpc-realworld-example/model.Article github.com/jinzhu/gorm.Model github.com/raahii/golang-grpc-realworld-example/model.Tag github.com/raahii/golang-grpc-realworld-example/model.User github.com/raahii/golang-grpc-realworld-example/model.Comment]
2025/02/14 16:35:24 Expr: Model: type of expression is &types.Signature{rparams:(*types.TypeParamList)(nil), tparams:(*types.TypeParamList)(nil), scope:(*types.Scope)(0xc014e96300), recv:(*types.Var)(0xc014e963c0), params:(*types.Tuple)(0xc014b83db8), results:(*types.Tuple)(0xc014b83dd0), variadic:false}; Resolved type: func(value interface{}) *github.com/jinzhu/gorm.DB; Out: []
2025/02/14 16:35:24 Expr: m: type of expression is &types.Pointer{base:(*types.Named)(0xc017970d20)}; Resolved type: *github.com/raahii/golang-grpc-realworld-example/model.Article; Out: [github.com/raahii/golang-grpc-realworld-example/model.Article]
2025/02/14 16:35:24 Already collected type: github.com/raahii/golang-grpc-realworld-example/model.Article. Current structs: [github.com/raahii/golang-grpc-realworld-example/store.ArticleStore github.com/jinzhu/gorm.DB github.com/jinzhu/gorm.SQLCommon github.com/jinzhu/gorm.logModeValue github.com/jinzhu/gorm.logger github.com/jinzhu/gorm.search github.com/jinzhu/gorm.Callback github.com/jinzhu/gorm.Dialect github.com/raahii/golang-grpc-realworld-example/model.Article github.com/jinzhu/gorm.Model github.com/raahii/golang-grpc-realworld-example/model.Tag github.com/raahii/golang-grpc-realworld-example/model.User github.com/raahii/golang-grpc-realworld-example/model.Comment]
2025/02/14 16:35:24 Expr: Update: type of expression is &types.Signature{rparams:(*types.TypeParamList)(nil), tparams:(*types.TypeParamList)(nil), scope:(*types.Scope)(0xc014e91020), recv:(*types.Var)(0xc014e910e0), params:(*types.Tuple)(0xc014b83c08), results:(*types.Tuple)(0xc014b83c20), variadic:true}; Resolved type: func(attrs ...interface{}) *github.com/jinzhu/gorm.DB; Out: []
2025/02/14 16:35:24 Expr: m: type of expression is &types.Pointer{base:(*types.Named)(0xc017970d20)}; Resolved type: *github.com/raahii/golang-grpc-realworld-example/model.Article; Out: [github.com/raahii/golang-grpc-realworld-example/model.Article]
2025/02/14 16:35:24 Already collected type: github.com/raahii/golang-grpc-realworld-example/model.Article. Current structs: [github.com/raahii/golang-grpc-realworld-example/store.ArticleStore github.com/jinzhu/gorm.DB github.com/jinzhu/gorm.SQLCommon github.com/jinzhu/gorm.logModeValue github.com/jinzhu/gorm.logger github.com/jinzhu/gorm.search github.com/jinzhu/gorm.Callback github.com/jinzhu/gorm.Dialect github.com/raahii/golang-grpc-realworld-example/model.Article github.com/jinzhu/gorm.Model github.com/raahii/golang-grpc-realworld-example/model.Tag github.com/raahii/golang-grpc-realworld-example/model.User github.com/raahii/golang-grpc-realworld-example/model.Comment]
2025/02/14 16:35:24 Expr: Error: type of expression is &types.Named{check:(*types.Checker)(nil), obj:(*types.TypeName)(0xc00006ca00), fromRHS:(*types.Interface)(0xc00006ca50), inst:(*types.instance)(nil), mu:sync.Mutex{state:0, sema:0x0}, state_:0x2, underlying:(*types.Interface)(0xc00006ca50), tparams:(*types.TypeParamList)(nil), methods:[]*types.Func(nil), loader:(func(*types.Named) ([]*types.TypeParam, types.Type, []*types.Func))(nil)}; Resolved type: error; Out: []
2025/02/14 16:35:24 Receiver type: *github.com/jinzhu/gorm.DB
2025/02/14 16:35:24 Found selector function call: github.com/jinzhu/gorm.DB.Update, current functions list: []
2025/02/14 16:35:24 Split github.com/jinzhu/gorm.DB.Update into github.com/jinzhu/gorm and DB.Update:
2025/02/14 16:35:24 Receiver type: *github.com/jinzhu/gorm.DB
2025/02/14 16:35:24 Found selector function call: github.com/jinzhu/gorm.DB.Model, current functions list: [github.com/jinzhu/gorm.DB.Update]
2025/02/14 16:35:24 Split github.com/jinzhu/gorm.DB.Model into github.com/jinzhu/gorm and DB.Model:
2025/02/14 16:35:24 Split github.com/jinzhu/gorm.DB.Update into github.com/jinzhu/gorm and DB.Update:
2025/02/14 16:35:24 name is DB.Update with search type func 
2025/02/14 16:35:24 Entering: loadAndHandlePackage for github.com/jinzhu/gorm
2025/02/14 16:35:25 Exiting: loadAndHandlePackage for github.com/jinzhu/gorm
2025/02/14 16:35:25 Stored for github.com/jinzhu/gorm|DB.Update|func, cache results {definition: dependentFilePath: importString:}
2025/02/14 16:35:25 Split github.com/jinzhu/gorm.DB.Model into github.com/jinzhu/gorm and DB.Model:
2025/02/14 16:35:25 name is DB.Model with search type func 
2025/02/14 16:35:25 Entering: loadAndHandlePackage for github.com/jinzhu/gorm
2025/02/14 16:35:27 Exiting: loadAndHandlePackage for github.com/jinzhu/gorm
2025/02/14 16:35:27 Stored for github.com/jinzhu/gorm|DB.Model|func, cache results {definition: dependentFilePath: importString:}
2025/02/14 16:35:27 Split github.com/jinzhu/gorm.DB into github.com/jinzhu/gorm and DB:
2025/02/14 16:35:27 Found definition for github.com/jinzhu/gorm|DB|struct, cache results {definition:type DB struct {
	sync.RWMutex
	Value        interface{}
	Error        error
	RowsAffected int64

	// single db
	db                SQLCommon
	blockGlobalUpdate bool
	logMode           logModeValue
	logger            logger
	search            *search
	values            sync.Map

	// global db
	parent        *DB
	callbacks     *Callback
	dialect       Dialect
	singularTable bool

	// function to be used to override the creating of a new timestamp
	nowFuncOverride func() time.Time
} dependentFilePath:C:\Users\aksha\go\pkg\mod\github.com\jinzhu\gorm@v1.9.12\main.go importString:package github.com/jinzhu/gorm
}
2025/02/14 16:35:27 Split github.com/jinzhu/gorm.logModeValue into github.com/jinzhu/gorm and logModeValue:
2025/02/14 16:35:27 Found definition for github.com/jinzhu/gorm|logModeValue|struct, cache results {definition:type logModeValue int

const (
	defaultLogMode logModeValue = iota
	noLogMode
	detailedLogMode
) dependentFilePath:C:\Users\aksha\go\pkg\mod\github.com\jinzhu\gorm@v1.9.12\main.go importString:package github.com/jinzhu/gorm
}
2025/02/14 16:35:27 Split github.com/jinzhu/gorm.search into github.com/jinzhu/gorm and search:
2025/02/14 16:35:27 Found definition for github.com/jinzhu/gorm|search|struct, cache results {definition:type search struct {
	db               *DB
	whereConditions  []map[string]interface{}
	orConditions     []map[string]interface{}
	notConditions    []map[string]interface{}
	havingConditions []map[string]interface{}
	joinConditions   []map[string]interface{}
	initAttrs        []interface{}
	assignAttrs      []interface{}
	selects          map[string]interface{}
	omits            []string
	orders           []interface{}
	preload          []searchPreload
	offset           interface{}
	limit            interface{}
	group            string
	tableName        string
	raw              bool
	Unscoped         bool
	ignoreOrderQuery bool
} dependentFilePath:C:\Users\aksha\go\pkg\mod\github.com\jinzhu\gorm@v1.9.12\search.go importString:package github.com/jinzhu/gorm
}
2025/02/14 16:35:27 Split github.com/jinzhu/gorm.Dialect into github.com/jinzhu/gorm and Dialect:
2025/02/14 16:35:27 Found definition for github.com/jinzhu/gorm|Dialect|struct, cache results {definition:type Dialect interface {
	// GetName get dialect's name
	GetName() string

	// SetDB set db for dialect
	SetDB(db SQLCommon)

	// BindVar return the placeholder for actual values in SQL statements, in many dbs it is "?", Postgres using $1
	BindVar(i int) string
	// Quote quotes field name to avoid SQL parsing exceptions by using a reserved word as a field name
	Quote(key string) string
	// DataTypeOf return data's sql type
	DataTypeOf(field *StructField) string

	// HasIndex check has index or not
	HasIndex(tableName string, indexName string) bool
	// HasForeignKey check has foreign key or not
	HasForeignKey(tableName string, foreignKeyName string) bool
	// RemoveIndex remove index
	RemoveIndex(tableName string, indexName string) error
	// HasTable check has table or not
	HasTable(tableName string) bool
	// HasColumn check has column or not
	HasColumn(tableName string, columnName string) bool
	// ModifyColumn modify column's type
	ModifyColumn(tableName string, columnName string, typ string) error

	// LimitAndOffsetSQL return generated SQL with Limit and Offset, as mssql has special case
	LimitAndOffsetSQL(limit, offset interface{}) (string, error)
	// SelectFromDummyTable return select values, for most dbs, `SELECT values` just works, mysql needs `SELECT value FROM DUAL`
	SelectFromDummyTable() string
	// LastInsertIDOutputInterstitial most dbs support LastInsertId, but mssql needs to use `OUTPUT`
	LastInsertIDOutputInterstitial(tableName, columnName string, columns []string) string
	// LastInsertIdReturningSuffix most dbs support LastInsertId, but postgres needs to use `RETURNING`
	LastInsertIDReturningSuffix(tableName, columnName string) string
	// DefaultValueStr
	DefaultValueStr() string

	// BuildKeyName returns a valid key name (foreign key, index key) for the given table, field and reference
	BuildKeyName(kind, tableName string, fields ...string) string

	// NormalizeIndexAndColumn returns valid index name and column name depending on each dialect
	NormalizeIndexAndColumn(indexName, columnName string) (string, string)

	// CurrentDatabase return current database name
	CurrentDatabase() string
} dependentFilePath:C:\Users\aksha\go\pkg\mod\github.com\jinzhu\gorm@v1.9.12\dialect.go importString:package github.com/jinzhu/gorm
}
2025/02/14 16:35:27 Split github.com/raahii/golang-grpc-realworld-example/model.Article into github.com/raahii/golang-grpc-realworld-example/model and Article:
2025/02/14 16:35:27 Found definition for github.com/raahii/golang-grpc-realworld-example/model|Article|struct, cache results {definition:type Article struct {
	gorm.Model
	Title          string `gorm:"not null"`
	Description    string `gorm:"not null"`
	Body           string `gorm:"not null"`
	Tags           []Tag  `gorm:"many2many:article_tags"`
	Author         User   `gorm:"foreignkey:UserID"`
	UserID         uint   `gorm:"not null"`
	FavoritesCount int32  `gorm:"not null;default=0"`
	FavoritedUsers []User `gorm:"many2many:favorite_articles"`
	Comments       []Comment
} dependentFilePath:C:\var\tmp\Roost\RoostGPT\golang-1\ece53592-7de3-4391-a2fb-0d6935272614\source\golang-grpc-realworld-example\model\article.go importString:package github.com/raahii/golang-grpc-realworld-example/model
import (
	validation "github.com/go-ozzo/ozzo-validation"
	"github.com/jinzhu/gorm"
	pb "github.com/raahii/golang-grpc-realworld-example/proto"
)
}
2025/02/14 16:35:27 Split github.com/jinzhu/gorm.Model into github.com/jinzhu/gorm and Model:
2025/02/14 16:35:27 Found definition for github.com/jinzhu/gorm|Model|struct, cache results {definition:type Model struct {
	ID        uint `gorm:"primary_key"`
	CreatedAt time.Time
	UpdatedAt time.Time
	DeletedAt *time.Time `sql:"index"`
} dependentFilePath:C:\Users\aksha\go\pkg\mod\github.com\jinzhu\gorm@v1.9.12\model.go importString:package github.com/jinzhu/gorm
}
2025/02/14 16:35:27 Split github.com/raahii/golang-grpc-realworld-example/model.Comment into github.com/raahii/golang-grpc-realworld-example/model and Comment:
2025/02/14 16:35:27 Found definition for github.com/raahii/golang-grpc-realworld-example/model|Comment|struct, cache results {definition:type Comment struct {
	gorm.Model
	Body      string `gorm:"not null"`
	UserID    uint   `gorm:"not null"`
	Author    User   `gorm:"foreignkey:UserID"`
	ArticleID uint   `gorm:"not null"`
	Article   Article
} dependentFilePath:C:\var\tmp\Roost\RoostGPT\golang-1\ece53592-7de3-4391-a2fb-0d6935272614\source\golang-grpc-realworld-example\model\comment.go importString:package github.com/raahii/golang-grpc-realworld-example/model
import (
	validation "github.com/go-ozzo/ozzo-validation"
	"github.com/jinzhu/gorm"
	pb "github.com/raahii/golang-grpc-realworld-example/proto"
)
}
2025/02/14 16:35:27 Split github.com/raahii/golang-grpc-realworld-example/store.ArticleStore into github.com/raahii/golang-grpc-realworld-example/store and ArticleStore:
2025/02/14 16:35:27 Found definition for github.com/raahii/golang-grpc-realworld-example/store|ArticleStore|struct, cache results {definition:type ArticleStore struct {
	db *gorm.DB
} dependentFilePath:C:\var\tmp\Roost\RoostGPT\golang-1\ece53592-7de3-4391-a2fb-0d6935272614\source\golang-grpc-realworld-example\store\article.go importString:package github.com/raahii/golang-grpc-realworld-example/store
import (
	"github.com/jinzhu/gorm"
	"github.com/raahii/golang-grpc-realworld-example/model"
)
}
2025/02/14 16:35:27 Split github.com/jinzhu/gorm.SQLCommon into github.com/jinzhu/gorm and SQLCommon:
2025/02/14 16:35:27 Found definition for github.com/jinzhu/gorm|SQLCommon|struct, cache results {definition:type SQLCommon interface {
	Exec(query string, args ...interface{}) (sql.Result, error)
	Prepare(query string) (*sql.Stmt, error)
	Query(query string, args ...interface{}) (*sql.Rows, error)
	QueryRow(query string, args ...interface{}) *sql.Row
} dependentFilePath:C:\Users\aksha\go\pkg\mod\github.com\jinzhu\gorm@v1.9.12\interface.go importString:package github.com/jinzhu/gorm
}
2025/02/14 16:35:27 Split github.com/jinzhu/gorm.logger into github.com/jinzhu/gorm and logger:
2025/02/14 16:35:27 Found definition for github.com/jinzhu/gorm|logger|struct, cache results {definition:type logger interface {
	Print(v ...interface{})
} dependentFilePath:C:\Users\aksha\go\pkg\mod\github.com\jinzhu\gorm@v1.9.12\logger.go importString:package github.com/jinzhu/gorm
}
2025/02/14 16:35:27 Split github.com/jinzhu/gorm.Callback into github.com/jinzhu/gorm and Callback:
2025/02/14 16:35:27 Found definition for github.com/jinzhu/gorm|Callback|struct, cache results {definition:type Callback struct {
	logger     logger
	creates    []*func(scope *Scope)
	updates    []*func(scope *Scope)
	deletes    []*func(scope *Scope)
	queries    []*func(scope *Scope)
	rowQueries []*func(scope *Scope)
	processors []*CallbackProcessor
} dependentFilePath:C:\Users\aksha\go\pkg\mod\github.com\jinzhu\gorm@v1.9.12\callback.go importString:package github.com/jinzhu/gorm
}
2025/02/14 16:35:27 Split github.com/raahii/golang-grpc-realworld-example/model.Tag into github.com/raahii/golang-grpc-realworld-example/model and Tag:
2025/02/14 16:35:27 Found definition for github.com/raahii/golang-grpc-realworld-example/model|Tag|struct, cache results {definition:type Tag struct {
	gorm.Model
	Name string `gorm:"not null"`
} dependentFilePath:C:\var\tmp\Roost\RoostGPT\golang-1\ece53592-7de3-4391-a2fb-0d6935272614\source\golang-grpc-realworld-example\model\article.go importString:package github.com/raahii/golang-grpc-realworld-example/model
import (
	validation "github.com/go-ozzo/ozzo-validation"
	"github.com/jinzhu/gorm"
	pb "github.com/raahii/golang-grpc-realworld-example/proto"
)
}
2025/02/14 16:35:27 Split github.com/raahii/golang-grpc-realworld-example/model.User into github.com/raahii/golang-grpc-realworld-example/model and User:
2025/02/14 16:35:27 Found definition for github.com/raahii/golang-grpc-realworld-example/model|User|struct, cache results {definition:type User struct {
	gorm.Model
	Username         string    `gorm:"unique_index;not null"`
	Email            string    `gorm:"unique_index;not null"`
	Password         string    `gorm:"not null"`
	Bio              string    `gorm:"not null"`
	Image            string    `gorm:"not null"`
	Follows          []User    `gorm:"many2many:follows;jointable_foreignkey:from_user_id;association_jointable_foreignkey:to_user_id"`
	FavoriteArticles []Article `gorm:"many2many:favorite_articles;"`
} dependentFilePath:C:\var\tmp\Roost\RoostGPT\golang-1\ece53592-7de3-4391-a2fb-0d6935272614\source\golang-grpc-realworld-example\model\user.go importString:package github.com/raahii/golang-grpc-realworld-example/model
import (
	validation "github.com/go-ozzo/ozzo-validation"
	"github.com/go-ozzo/ozzo-validation/is"
	"github.com/jinzhu/gorm"
	pb "github.com/raahii/golang-grpc-realworld-example/proto"
	"golang.org/x/crypto/bcrypt"
)
}
2025/02/14 16:35:27 Analyzing function: GetArticles in file: C:\var\tmp\Roost\RoostGPT\golang-1\ece53592-7de3-4391-a2fb-0d6935272614\source\golang-grpc-realworld-example\store\article.go
2025/02/14 16:35:27 Expr: &{Star:14971082 X:ArticleStore}: type of expression is &types.Pointer{base:(*types.Named)(0xc014479490)}; Resolved type: *github.com/raahii/golang-grpc-realworld-example/store.ArticleStore; Out: [github.com/raahii/golang-grpc-realworld-example/store.ArticleStore]
2025/02/14 16:35:27 Recording and checking type: github.com/raahii/golang-grpc-realworld-example/store.ArticleStore
2025/02/14 16:35:27 Processing struct: github.com/raahii/golang-grpc-realworld-example/store.ArticleStore with 1 fields
2025/02/14 16:35:27 Recording and checking type: github.com/jinzhu/gorm.DB
2025/02/14 16:35:27 Processing struct: github.com/jinzhu/gorm.DB with 15 fields
2025/02/14 16:35:27 Recording and checking type: github.com/jinzhu/gorm.SQLCommon
2025/02/14 16:35:27 Underlying type is not a struct for: github.com/jinzhu/gorm.SQLCommon
2025/02/14 16:35:27 Recording and checking type: github.com/jinzhu/gorm.logModeValue
2025/02/14 16:35:27 Underlying type is not a struct for: github.com/jinzhu/gorm.logModeValue
2025/02/14 16:35:27 Recording and checking type: github.com/jinzhu/gorm.logger
2025/02/14 16:35:27 Underlying type is not a struct for: github.com/jinzhu/gorm.logger
2025/02/14 16:35:27 Recording and checking type: github.com/jinzhu/gorm.search
2025/02/14 16:35:27 Processing struct: github.com/jinzhu/gorm.search with 19 fields
2025/02/14 16:35:27 Recording and checking type: github.com/jinzhu/gorm.Callback
2025/02/14 16:35:27 Processing struct: github.com/jinzhu/gorm.Callback with 7 fields
2025/02/14 16:35:27 Recording and checking type: github.com/jinzhu/gorm.Dialect
2025/02/14 16:35:27 Underlying type is not a struct for: github.com/jinzhu/gorm.Dialect
2025/02/14 16:35:27 Expr: &{Star:14971147 X:0xc01eb424c8}: type of expression is &types.Pointer{base:(*types.Named)(0xc017970e00)}; Resolved type: *github.com/raahii/golang-grpc-realworld-example/model.User; Out: [github.com/raahii/golang-grpc-realworld-example/model.User]
2025/02/14 16:35:27 Collected field type: github.com/raahii/golang-grpc-realworld-example/model.User
2025/02/14 16:35:27 Recording and checking type: github.com/raahii/golang-grpc-realworld-example/model.User
2025/02/14 16:35:27 Processing struct: github.com/raahii/golang-grpc-realworld-example/model.User with 8 fields
2025/02/14 16:35:27 Recording and checking type: github.com/jinzhu/gorm.Model
2025/02/14 16:35:27 Processing struct: github.com/jinzhu/gorm.Model with 4 fields
2025/02/14 16:35:27 Recording and checking type: github.com/raahii/golang-grpc-realworld-example/model.Article
2025/02/14 16:35:27 Processing struct: github.com/raahii/golang-grpc-realworld-example/model.Article with 10 fields
2025/02/14 16:35:27 Recording and checking type: github.com/raahii/golang-grpc-realworld-example/model.Tag
2025/02/14 16:35:27 Processing struct: github.com/raahii/golang-grpc-realworld-example/model.Tag with 2 fields
2025/02/14 16:35:27 Recording and checking type: github.com/raahii/golang-grpc-realworld-example/model.Comment
2025/02/14 16:35:27 Processing struct: github.com/raahii/golang-grpc-realworld-example/model.Comment with 6 fields
2025/02/14 16:35:27 Resolved slice type: []github.com/raahii/golang-grpc-realworld-example/model.Article
2025/02/14 16:35:27 Collected field type: github.com/raahii/golang-grpc-realworld-example/model.Article
2025/02/14 16:35:27 Expr: error: type of expression is &types.Named{check:(*types.Checker)(nil), obj:(*types.TypeName)(0xc00006ca00), fromRHS:(*types.Interface)(0xc00006ca50), inst:(*types.instance)(nil), mu:sync.Mutex{state:0, sema:0x0}, state_:0x2, underlying:(*types.Interface)(0xc00006ca50), tparams:(*types.TypeParamList)(nil), methods:[]*types.Func(nil), loader:(func(*types.Named) ([]*types.TypeParam, types.Type, []*types.Func))(nil)}; Resolved type: error; Out: []
2025/02/14 16:35:27 Already collected type: github.com/raahii/golang-grpc-realworld-example/model.Article. Current structs: [github.com/raahii/golang-grpc-realworld-example/store.ArticleStore github.com/jinzhu/gorm.DB github.com/jinzhu/gorm.SQLCommon github.com/jinzhu/gorm.logModeValue github.com/jinzhu/gorm.logger github.com/jinzhu/gorm.search github.com/jinzhu/gorm.Callback github.com/jinzhu/gorm.Dialect github.com/raahii/golang-grpc-realworld-example/model.User github.com/jinzhu/gorm.Model github.com/raahii/golang-grpc-realworld-example/model.Article github.com/raahii/golang-grpc-realworld-example/model.Tag github.com/raahii/golang-grpc-realworld-example/model.Comment]
2025/02/14 16:35:27 Expr: &{Fun:0xc01eb42540 Lparen:14971226 Args:[0xc0063487c0] Ellipsis:0 Rparen:14971235}: type of expression is &types.Pointer{base:(*types.Named)(0xc0134725b0)}; Resolved type: *github.com/jinzhu/gorm.DB; Out: [github.com/jinzhu/gorm.DB]
2025/02/14 16:35:27 Already collected type: github.com/jinzhu/gorm.DB. Current structs: [github.com/raahii/golang-grpc-realworld-example/store.ArticleStore github.com/jinzhu/gorm.DB github.com/jinzhu/gorm.SQLCommon github.com/jinzhu/gorm.logModeValue github.com/jinzhu/gorm.logger github.com/jinzhu/gorm.search github.com/jinzhu/gorm.Callback github.com/jinzhu/gorm.Dialect github.com/raahii/golang-grpc-realworld-example/model.User github.com/jinzhu/gorm.Model github.com/raahii/golang-grpc-realworld-example/model.Article github.com/raahii/golang-grpc-realworld-example/model.Tag github.com/raahii/golang-grpc-realworld-example/model.Comment]
2025/02/14 16:35:27 Expr: d: type of expression is &types.Pointer{base:(*types.Named)(0xc0134725b0)}; Resolved type: *github.com/jinzhu/gorm.DB; Out: [github.com/jinzhu/gorm.DB]
2025/02/14 16:35:27 Already collected type: github.com/jinzhu/gorm.DB. Current structs: [github.com/raahii/golang-grpc-realworld-example/store.ArticleStore github.com/jinzhu/gorm.DB github.com/jinzhu/gorm.SQLCommon github.com/jinzhu/gorm.logModeValue github.com/jinzhu/gorm.logger github.com/jinzhu/gorm.search github.com/jinzhu/gorm.Callback github.com/jinzhu/gorm.Dialect github.com/raahii/golang-grpc-realworld-example/model.User github.com/jinzhu/gorm.Model github.com/raahii/golang-grpc-realworld-example/model.Article github.com/raahii/golang-grpc-realworld-example/model.Tag github.com/raahii/golang-grpc-realworld-example/model.Comment]
2025/02/14 16:35:27 Expr: s: type of expression is &types.Pointer{base:(*types.Named)(0xc014479490)}; Resolved type: *github.com/raahii/golang-grpc-realworld-example/store.ArticleStore; Out: [github.com/raahii/golang-grpc-realworld-example/store.ArticleStore]
2025/02/14 16:35:27 Already collected type: github.com/raahii/golang-grpc-realworld-example/store.ArticleStore. Current structs: [github.com/raahii/golang-grpc-realworld-example/store.ArticleStore github.com/jinzhu/gorm.DB github.com/jinzhu/gorm.SQLCommon github.com/jinzhu/gorm.logModeValue github.com/jinzhu/gorm.logger github.com/jinzhu/gorm.search github.com/jinzhu/gorm.Callback github.com/jinzhu/gorm.Dialect github.com/raahii/golang-grpc-realworld-example/model.User github.com/jinzhu/gorm.Model github.com/raahii/golang-grpc-realworld-example/model.Article github.com/raahii/golang-grpc-realworld-example/model.Tag github.com/raahii/golang-grpc-realworld-example/model.Comment]
2025/02/14 16:35:27 Expr: db: type of expression is &types.Pointer{base:(*types.Named)(0xc0134725b0)}; Resolved type: *github.com/jinzhu/gorm.DB; Out: [github.com/jinzhu/gorm.DB]
2025/02/14 16:35:27 Already collected type: github.com/jinzhu/gorm.DB. Current structs: [github.com/raahii/golang-grpc-realworld-example/store.ArticleStore github.com/jinzhu/gorm.DB github.com/jinzhu/gorm.SQLCommon github.com/jinzhu/gorm.logModeValue github.com/jinzhu/gorm.logger github.com/jinzhu/gorm.search github.com/jinzhu/gorm.Callback github.com/jinzhu/gorm.Dialect github.com/raahii/golang-grpc-realworld-example/model.User github.com/jinzhu/gorm.Model github.com/raahii/golang-grpc-realworld-example/model.Article github.com/raahii/golang-grpc-realworld-example/model.Tag github.com/raahii/golang-grpc-realworld-example/model.Comment]
2025/02/14 16:35:27 Expr: Preload: type of expression is &types.Signature{rparams:(*types.TypeParamList)(nil), tparams:(*types.TypeParamList)(nil), scope:(*types.Scope)(0xc014eab2c0), recv:(*types.Var)(0xc014eab380), params:(*types.Tuple)(0xc014ea8258), results:(*types.Tuple)(0xc014ea8270), variadic:true}; Resolved type: func(column string, conditions ...interface{}) *github.com/jinzhu/gorm.DB; Out: []
2025/02/14 16:35:27 Expr: &{Fun:0xc01eb425a0 Lparen:14971354 Args:[0xc0063488c0 username] Ellipsis:0 Rparen:14971385}: type of expression is &types.Pointer{base:(*types.Named)(0xc0134725b0)}; Resolved type: *github.com/jinzhu/gorm.DB; Out: [github.com/jinzhu/gorm.DB]
2025/02/14 16:35:27 Already collected type: github.com/jinzhu/gorm.DB. Current structs: [github.com/raahii/golang-grpc-realworld-example/store.ArticleStore github.com/jinzhu/gorm.DB github.com/jinzhu/gorm.SQLCommon github.com/jinzhu/gorm.logModeValue github.com/jinzhu/gorm.logger github.com/jinzhu/gorm.search github.com/jinzhu/gorm.Callback github.com/jinzhu/gorm.Dialect github.com/raahii/golang-grpc-realworld-example/model.User github.com/jinzhu/gorm.Model github.com/raahii/golang-grpc-realworld-example/model.Article github.com/raahii/golang-grpc-realworld-example/model.Tag github.com/raahii/golang-grpc-realworld-example/model.Comment]
2025/02/14 16:35:27 Expr: d: type of expression is &types.Pointer{base:(*types.Named)(0xc0134725b0)}; Resolved type: *github.com/jinzhu/gorm.DB; Out: [github.com/jinzhu/gorm.DB]
2025/02/14 16:35:27 Already collected type: github.com/jinzhu/gorm.DB. Current structs: [github.com/raahii/golang-grpc-realworld-example/store.ArticleStore github.com/jinzhu/gorm.DB github.com/jinzhu/gorm.SQLCommon github.com/jinzhu/gorm.logModeValue github.com/jinzhu/gorm.logger github.com/jinzhu/gorm.search github.com/jinzhu/gorm.Callback github.com/jinzhu/gorm.Dialect github.com/raahii/golang-grpc-realworld-example/model.User github.com/jinzhu/gorm.Model github.com/raahii/golang-grpc-realworld-example/model.Article github.com/raahii/golang-grpc-realworld-example/model.Tag github.com/raahii/golang-grpc-realworld-example/model.Comment]
2025/02/14 16:35:27 Expr: d: type of expression is &types.Pointer{base:(*types.Named)(0xc0134725b0)}; Resolved type: *github.com/jinzhu/gorm.DB; Out: [github.com/jinzhu/gorm.DB]
2025/02/14 16:35:27 Already collected type: github.com/jinzhu/gorm.DB. Current structs: [github.com/raahii/golang-grpc-realworld-example/store.ArticleStore github.com/jinzhu/gorm.DB github.com/jinzhu/gorm.SQLCommon github.com/jinzhu/gorm.logModeValue github.com/jinzhu/gorm.logger github.com/jinzhu/gorm.search github.com/jinzhu/gorm.Callback github.com/jinzhu/gorm.Dialect github.com/raahii/golang-grpc-realworld-example/model.User github.com/jinzhu/gorm.Model github.com/raahii/golang-grpc-realworld-example/model.Article github.com/raahii/golang-grpc-realworld-example/model.Tag github.com/raahii/golang-grpc-realworld-example/model.Comment]
2025/02/14 16:35:27 Expr: Joins: type of expression is &types.Signature{rparams:(*types.TypeParamList)(nil), tparams:(*types.TypeParamList)(nil), scope:(*types.Scope)(0xc014e8c780), recv:(*types.Var)(0xc014e8c840), params:(*types.Tuple)(0xc014b83890), results:(*types.Tuple)(0xc014b838a8), variadic:true}; Resolved type: func(query string, args ...interface{}) *github.com/jinzhu/gorm.DB; Out: []
2025/02/14 16:35:27 Expr: Where: type of expression is &types.Signature{rparams:(*types.TypeParamList)(nil), tparams:(*types.TypeParamList)(nil), scope:(*types.Scope)(0xc014e83200), recv:(*types.Var)(0xc014e832c0), params:(*types.Tuple)(0xc014b836b0), results:(*types.Tuple)(0xc014b836c8), variadic:true}; Resolved type: func(query interface{}, args ...interface{}) *github.com/jinzhu/gorm.DB; Out: []
2025/02/14 16:35:27 Expr: &{Fun:0xc01eb42600 Lparen:14971580 Args:[0xc006348a40 tagName] Ellipsis:0 Rparen:14971605}: type of expression is &types.Pointer{base:(*types.Named)(0xc0134725b0)}; Resolved type: *github.com/jinzhu/gorm.DB; Out: [github.com/jinzhu/gorm.DB]
2025/02/14 16:35:27 Already collected type: github.com/jinzhu/gorm.DB. Current structs: [github.com/raahii/golang-grpc-realworld-example/store.ArticleStore github.com/jinzhu/gorm.DB github.com/jinzhu/gorm.SQLCommon github.com/jinzhu/gorm.logModeValue github.com/jinzhu/gorm.logger github.com/jinzhu/gorm.search github.com/jinzhu/gorm.Callback github.com/jinzhu/gorm.Dialect github.com/raahii/golang-grpc-realworld-example/model.User github.com/jinzhu/gorm.Model github.com/raahii/golang-grpc-realworld-example/model.Article github.com/raahii/golang-grpc-realworld-example/model.Tag github.com/raahii/golang-grpc-realworld-example/model.Comment]
2025/02/14 16:35:27 Expr: d: type of expression is &types.Pointer{base:(*types.Named)(0xc0134725b0)}; Resolved type: *github.com/jinzhu/gorm.DB; Out: [github.com/jinzhu/gorm.DB]
2025/02/14 16:35:27 Already collected type: github.com/jinzhu/gorm.DB. Current structs: [github.com/raahii/golang-grpc-realworld-example/store.ArticleStore github.com/jinzhu/gorm.DB github.com/jinzhu/gorm.SQLCommon github.com/jinzhu/gorm.logModeValue github.com/jinzhu/gorm.logger github.com/jinzhu/gorm.search github.com/jinzhu/gorm.Callback github.com/jinzhu/gorm.Dialect github.com/raahii/golang-grpc-realworld-example/model.User github.com/jinzhu/gorm.Model github.com/raahii/golang-grpc-realworld-example/model.Article github.com/raahii/golang-grpc-realworld-example/model.Tag github.com/raahii/golang-grpc-realworld-example/model.Comment]
2025/02/14 16:35:27 Expr: d: type of expression is &types.Pointer{base:(*types.Named)(0xc0134725b0)}; Resolved type: *github.com/jinzhu/gorm.DB; Out: [github.com/jinzhu/gorm.DB]
2025/02/14 16:35:27 Already collected type: github.com/jinzhu/gorm.DB. Current structs: [github.com/raahii/golang-grpc-realworld-example/store.ArticleStore github.com/jinzhu/gorm.DB github.com/jinzhu/gorm.SQLCommon github.com/jinzhu/gorm.logModeValue github.com/jinzhu/gorm.logger github.com/jinzhu/gorm.search github.com/jinzhu/gorm.Callback github.com/jinzhu/gorm.Dialect github.com/raahii/golang-grpc-realworld-example/model.User github.com/jinzhu/gorm.Model github.com/raahii/golang-grpc-realworld-example/model.Article github.com/raahii/golang-grpc-realworld-example/model.Tag github.com/raahii/golang-grpc-realworld-example/model.Comment]
2025/02/14 16:35:27 Expr: Joins: type of expression is &types.Signature{rparams:(*types.TypeParamList)(nil), tparams:(*types.TypeParamList)(nil), scope:(*types.Scope)(0xc014e8c780), recv:(*types.Var)(0xc014e8c840), params:(*types.Tuple)(0xc014b83890), results:(*types.Tuple)(0xc014b838a8), variadic:true}; Resolved type: func(query string, args ...interface{}) *github.com/jinzhu/gorm.DB; Out: []
2025/02/14 16:35:27 Expr: Where: type of expression is &types.Signature{rparams:(*types.TypeParamList)(nil), tparams:(*types.TypeParamList)(nil), scope:(*types.Scope)(0xc014e83200), recv:(*types.Var)(0xc014e832c0), params:(*types.Tuple)(0xc014b836b0), results:(*types.Tuple)(0xc014b836c8), variadic:true}; Resolved type: func(query interface{}, args ...interface{}) *github.com/jinzhu/gorm.DB; Out: []
2025/02/14 16:35:27 Expr: favoritedBy: type of expression is &types.Pointer{base:(*types.Named)(0xc017970e00)}; Resolved type: *github.com/raahii/golang-grpc-realworld-example/model.User; Out: [github.com/raahii/golang-grpc-realworld-example/model.User]
2025/02/14 16:35:27 Already collected type: github.com/raahii/golang-grpc-realworld-example/model.User. Current structs: [github.com/raahii/golang-grpc-realworld-example/store.ArticleStore github.com/jinzhu/gorm.DB github.com/jinzhu/gorm.SQLCommon github.com/jinzhu/gorm.logModeValue github.com/jinzhu/gorm.logger github.com/jinzhu/gorm.search github.com/jinzhu/gorm.Callback github.com/jinzhu/gorm.Dialect github.com/raahii/golang-grpc-realworld-example/model.User github.com/jinzhu/gorm.Model github.com/raahii/golang-grpc-realworld-example/model.Article github.com/raahii/golang-grpc-realworld-example/model.Tag github.com/raahii/golang-grpc-realworld-example/model.Comment]
2025/02/14 16:35:27 Expr: &{Fun:0xc01eb426f0 Lparen:14971805 Args:[] Ellipsis:0 Rparen:14971806}: type of expression is &types.Tuple{vars:[]*types.Var{(*types.Var)(0xc014e90240), (*types.Var)(0xc014e902a0)}}; Resolved type: (*database/sql.Rows, error); Out: []
2025/02/14 16:35:27 Expr: rows: type of expression is &types.Pointer{base:(*types.Named)(0xc00fbdc850)}; Resolved type: *database/sql.Rows; Out: []
2025/02/14 16:35:27 Expr: err: type of expression is &types.Named{check:(*types.Checker)(nil), obj:(*types.TypeName)(0xc00006ca00), fromRHS:(*types.Interface)(0xc00006ca50), inst:(*types.instance)(nil), mu:sync.Mutex{state:0, sema:0x0}, state_:0x2, underlying:(*types.Interface)(0xc00006ca50), tparams:(*types.TypeParamList)(nil), methods:[]*types.Func(nil), loader:(func(*types.Named) ([]*types.TypeParam, types.Type, []*types.Func))(nil)}; Resolved type: error; Out: []
2025/02/14 16:35:27 Expr: s: type of expression is &types.Pointer{base:(*types.Named)(0xc014479490)}; Resolved type: *github.com/raahii/golang-grpc-realworld-example/store.ArticleStore; Out: [github.com/raahii/golang-grpc-realworld-example/store.ArticleStore]
2025/02/14 16:35:27 Already collected type: github.com/raahii/golang-grpc-realworld-example/store.ArticleStore. Current structs: [github.com/raahii/golang-grpc-realworld-example/store.ArticleStore github.com/jinzhu/gorm.DB github.com/jinzhu/gorm.SQLCommon github.com/jinzhu/gorm.logModeValue github.com/jinzhu/gorm.logger github.com/jinzhu/gorm.search github.com/jinzhu/gorm.Callback github.com/jinzhu/gorm.Dialect github.com/raahii/golang-grpc-realworld-example/model.User github.com/jinzhu/gorm.Model github.com/raahii/golang-grpc-realworld-example/model.Article github.com/raahii/golang-grpc-realworld-example/model.Tag github.com/raahii/golang-grpc-realworld-example/model.Comment]
2025/02/14 16:35:27 Expr: db: type of expression is &types.Pointer{base:(*types.Named)(0xc0134725b0)}; Resolved type: *github.com/jinzhu/gorm.DB; Out: [github.com/jinzhu/gorm.DB]
2025/02/14 16:35:27 Already collected type: github.com/jinzhu/gorm.DB. Current structs: [github.com/raahii/golang-grpc-realworld-example/store.ArticleStore github.com/jinzhu/gorm.DB github.com/jinzhu/gorm.SQLCommon github.com/jinzhu/gorm.logModeValue github.com/jinzhu/gorm.logger github.com/jinzhu/gorm.search github.com/jinzhu/gorm.Callback github.com/jinzhu/gorm.Dialect github.com/raahii/golang-grpc-realworld-example/model.User github.com/jinzhu/gorm.Model github.com/raahii/golang-grpc-realworld-example/model.Article github.com/raahii/golang-grpc-realworld-example/model.Tag github.com/raahii/golang-grpc-realworld-example/model.Comment]
2025/02/14 16:35:27 Expr: Select: type of expression is &types.Signature{rparams:(*types.TypeParamList)(nil), tparams:(*types.TypeParamList)(nil), scope:(*types.Scope)(0xc014e83ec0), recv:(*types.Var)(0xc014e8c000), params:(*types.Tuple)(0xc014b837d0), results:(*types.Tuple)(0xc014b837e8), variadic:true}; Resolved type: func(query interface{}, args ...interface{}) *github.com/jinzhu/gorm.DB; Out: []
2025/02/14 16:35:27 Expr: Table: type of expression is &types.Signature{rparams:(*types.TypeParamList)(nil), tparams:(*types.TypeParamList)(nil), scope:(*types.Scope)(0xc014e964e0), recv:(*types.Var)(0xc014e965a0), params:(*types.Tuple)(0xc014b83de8), results:(*types.Tuple)(0xc014b83e00), variadic:false}; Resolved type: func(name string) *github.com/jinzhu/gorm.DB; Out: []
2025/02/14 16:35:27 Expr: Where: type of expression is &types.Signature{rparams:(*types.TypeParamList)(nil), tparams:(*types.TypeParamList)(nil), scope:(*types.Scope)(0xc014e83200), recv:(*types.Var)(0xc014e832c0), params:(*types.Tuple)(0xc014b836b0), results:(*types.Tuple)(0xc014b836c8), variadic:true}; Resolved type: func(query interface{}, args ...interface{}) *github.com/jinzhu/gorm.DB; Out: []
2025/02/14 16:35:27 Expr: favoritedBy: type of expression is &types.Pointer{base:(*types.Named)(0xc017970e00)}; Resolved type: *github.com/raahii/golang-grpc-realworld-example/model.User; Out: [github.com/raahii/golang-grpc-realworld-example/model.User]
2025/02/14 16:35:27 Already collected type: github.com/raahii/golang-grpc-realworld-example/model.User. Current structs: [github.com/raahii/golang-grpc-realworld-example/store.ArticleStore github.com/jinzhu/gorm.DB github.com/jinzhu/gorm.SQLCommon github.com/jinzhu/gorm.logModeValue github.com/jinzhu/gorm.logger github.com/jinzhu/gorm.search github.com/jinzhu/gorm.Callback github.com/jinzhu/gorm.Dialect github.com/raahii/golang-grpc-realworld-example/model.User github.com/jinzhu/gorm.Model github.com/raahii/golang-grpc-realworld-example/model.Article github.com/raahii/golang-grpc-realworld-example/model.Tag github.com/raahii/golang-grpc-realworld-example/model.Comment]
2025/02/14 16:35:27 Expr: Offset: type of expression is &types.Signature{rparams:(*types.TypeParamList)(nil), tparams:(*types.TypeParamList)(nil), scope:(*types.Scope)(0xc014e83aa0), recv:(*types.Var)(0xc014e83b60), params:(*types.Tuple)(0xc014b83770), results:(*types.Tuple)(0xc014b83788), variadic:false}; Resolved type: func(offset interface{}) *github.com/jinzhu/gorm.DB; Out: []
2025/02/14 16:35:27 Expr: Limit: type of expression is &types.Signature{rparams:(*types.TypeParamList)(nil), tparams:(*types.TypeParamList)(nil), scope:(*types.Scope)(0xc014e838c0), recv:(*types.Var)(0xc014e83980), params:(*types.Tuple)(0xc014b83740), results:(*types.Tuple)(0xc014b83758), variadic:false}; Resolved type: func(limit interface{}) *github.com/jinzhu/gorm.DB; Out: []
2025/02/14 16:35:27 Expr: Rows: type of expression is &types.Signature{rparams:(*types.TypeParamList)(nil), tparams:(*types.TypeParamList)(nil), scope:(*types.Scope)(0xc014e90120), recv:(*types.Var)(0xc014e901e0), params:(*types.Tuple)(nil), results:(*types.Tuple)(0xc014b83ad0), variadic:false}; Resolved type: func() (*database/sql.Rows, error); Out: []
2025/02/14 16:35:27 Expr: err: type of expression is &types.Named{check:(*types.Checker)(nil), obj:(*types.TypeName)(0xc00006ca00), fromRHS:(*types.Interface)(0xc00006ca50), inst:(*types.instance)(nil), mu:sync.Mutex{state:0, sema:0x0}, state_:0x2, underlying:(*types.Interface)(0xc00006ca50), tparams:(*types.TypeParamList)(nil), methods:[]*types.Func(nil), loader:(func(*types.Named) ([]*types.TypeParam, types.Type, []*types.Func))(nil)}; Resolved type: error; Out: []
2025/02/14 16:35:27 Expr: Article: type of expression is &types.Named{check:(*types.Checker)(nil), obj:(*types.TypeName)(0xc01e4ffbd0), fromRHS:(*types.Struct)(0xc01e4fbdd0), inst:(*types.instance)(nil), mu:sync.Mutex{state:0, sema:0x0}, state_:0x2, underlying:(*types.Struct)(0xc01e4fbdd0), tparams:(*types.TypeParamList)(nil), methods:[]*types.Func{(*types.Func)(0xc01e4874a0), (*types.Func)(0xc01e487560), (*types.Func)(0xc01e487620)}, loader:(func(*types.Named) ([]*types.TypeParam, types.Type, []*types.Func))(nil)}; Resolved type: github.com/raahii/golang-grpc-realworld-example/model.Article; Out: [github.com/raahii/golang-grpc-realworld-example/model.Article]
2025/02/14 16:35:27 Already collected type: github.com/raahii/golang-grpc-realworld-example/model.Article. Current structs: [github.com/raahii/golang-grpc-realworld-example/store.ArticleStore github.com/jinzhu/gorm.DB github.com/jinzhu/gorm.SQLCommon github.com/jinzhu/gorm.logModeValue github.com/jinzhu/gorm.logger github.com/jinzhu/gorm.search github.com/jinzhu/gorm.Callback github.com/jinzhu/gorm.Dialect github.com/raahii/golang-grpc-realworld-example/model.User github.com/jinzhu/gorm.Model github.com/raahii/golang-grpc-realworld-example/model.Article github.com/raahii/golang-grpc-realworld-example/model.Tag github.com/raahii/golang-grpc-realworld-example/model.Comment]
2025/02/14 16:35:27 Expr: err: type of expression is &types.Named{check:(*types.Checker)(nil), obj:(*types.TypeName)(0xc00006ca00), fromRHS:(*types.Interface)(0xc00006ca50), inst:(*types.instance)(nil), mu:sync.Mutex{state:0, sema:0x0}, state_:0x2, underlying:(*types.Interface)(0xc00006ca50), tparams:(*types.TypeParamList)(nil), methods:[]*types.Func(nil), loader:(func(*types.Named) ([]*types.TypeParam, types.Type, []*types.Func))(nil)}; Resolved type: error; Out: []
2025/02/14 16:35:27 Expr: rows: type of expression is &types.Pointer{base:(*types.Named)(0xc00fbdc850)}; Resolved type: *database/sql.Rows; Out: []
2025/02/14 16:35:27 Expr: Close: type of expression is &types.Signature{rparams:(*types.TypeParamList)(nil), tparams:(*types.TypeParamList)(nil), scope:(*types.Scope)(0xc0060e6300), recv:(*types.Var)(0xc0060e63c0), params:(*types.Tuple)(nil), results:(*types.Tuple)(0xc006ab7398), variadic:false}; Resolved type: func() error; Out: []
2025/02/14 16:35:27 Resolved slice type: []uint
2025/02/14 16:35:27 Expr: rows: type of expression is &types.Pointer{base:(*types.Named)(0xc00fbdc850)}; Resolved type: *database/sql.Rows; Out: []
2025/02/14 16:35:27 Expr: Next: type of expression is &types.Signature{rparams:(*types.TypeParamList)(nil), tparams:(*types.TypeParamList)(nil), scope:(*types.Scope)(0xc0060dc540), recv:(*types.Var)(0xc0060dc600), params:(*types.Tuple)(nil), results:(*types.Tuple)(0xc006ab71b8), variadic:false}; Resolved type: func() bool; Out: []
2025/02/14 16:35:27 Expr: &{Fun:0xc01eb42750 Lparen:14971949 Args:[0xc006348fa0] Ellipsis:0 Rparen:14971953}: type of expression is &types.Named{check:(*types.Checker)(nil), obj:(*types.TypeName)(0xc00006ca00), fromRHS:(*types.Interface)(0xc00006ca50), inst:(*types.instance)(nil), mu:sync.Mutex{state:0, sema:0x0}, state_:0x2, underlying:(*types.Interface)(0xc00006ca50), tparams:(*types.TypeParamList)(nil), methods:[]*types.Func(nil), loader:(func(*types.Named) ([]*types.TypeParam, types.Type, []*types.Func))(nil)}; Resolved type: error; Out: []
2025/02/14 16:35:27 Expr: rows: type of expression is &types.Pointer{base:(*types.Named)(0xc00fbdc850)}; Resolved type: *database/sql.Rows; Out: []
2025/02/14 16:35:27 Expr: Scan: type of expression is &types.Signature{rparams:(*types.TypeParamList)(nil), tparams:(*types.TypeParamList)(nil), scope:(*types.Scope)(0xc0060ddb60), recv:(*types.Var)(0xc0060ddc20), params:(*types.Tuple)(0xc006ab7308), results:(*types.Tuple)(0xc006ab7320), variadic:true}; Resolved type: func(dest ...any) error; Out: []
2025/02/14 16:35:27 Resolved slice type: []uint
2025/02/14 16:35:27 Resolved slice type: []uint
2025/02/14 16:35:27 Expr: append: type of expression is &types.Signature{rparams:(*types.TypeParamList)(nil), tparams:(*types.TypeParamList)(nil), scope:(*types.Scope)(nil), recv:(*types.Var)(nil), params:(*types.Tuple)(0xc01e36cdb0), results:(*types.Tuple)(0xc01e36cdc8), variadic:true}; Resolved type: func([]uint, ...uint) []uint; Out: []
2025/02/14 16:35:27 Resolved slice type: []uint
2025/02/14 16:35:27 Expr: &{Fun:0xc01eb42768 Lparen:14971997 Args:[0xc0063490e0 ids] Ellipsis:0 Rparen:14972014}: type of expression is &types.Pointer{base:(*types.Named)(0xc0134725b0)}; Resolved type: *github.com/jinzhu/gorm.DB; Out: [github.com/jinzhu/gorm.DB]
2025/02/14 16:35:27 Already collected type: github.com/jinzhu/gorm.DB. Current structs: [github.com/raahii/golang-grpc-realworld-example/store.ArticleStore github.com/jinzhu/gorm.DB github.com/jinzhu/gorm.SQLCommon github.com/jinzhu/gorm.logModeValue github.com/jinzhu/gorm.logger github.com/jinzhu/gorm.search github.com/jinzhu/gorm.Callback github.com/jinzhu/gorm.Dialect github.com/raahii/golang-grpc-realworld-example/model.User github.com/jinzhu/gorm.Model github.com/raahii/golang-grpc-realworld-example/model.Article github.com/raahii/golang-grpc-realworld-example/model.Tag github.com/raahii/golang-grpc-realworld-example/model.Comment]
2025/02/14 16:35:27 Expr: d: type of expression is &types.Pointer{base:(*types.Named)(0xc0134725b0)}; Resolved type: *github.com/jinzhu/gorm.DB; Out: [github.com/jinzhu/gorm.DB]
2025/02/14 16:35:27 Already collected type: github.com/jinzhu/gorm.DB. Current structs: [github.com/raahii/golang-grpc-realworld-example/store.ArticleStore github.com/jinzhu/gorm.DB github.com/jinzhu/gorm.SQLCommon github.com/jinzhu/gorm.logModeValue github.com/jinzhu/gorm.logger github.com/jinzhu/gorm.search github.com/jinzhu/gorm.Callback github.com/jinzhu/gorm.Dialect github.com/raahii/golang-grpc-realworld-example/model.User github.com/jinzhu/gorm.Model github.com/raahii/golang-grpc-realworld-example/model.Article github.com/raahii/golang-grpc-realworld-example/model.Tag github.com/raahii/golang-grpc-realworld-example/model.Comment]
2025/02/14 16:35:27 Expr: d: type of expression is &types.Pointer{base:(*types.Named)(0xc0134725b0)}; Resolved type: *github.com/jinzhu/gorm.DB; Out: [github.com/jinzhu/gorm.DB]
2025/02/14 16:35:27 Already collected type: github.com/jinzhu/gorm.DB. Current structs: [github.com/raahii/golang-grpc-realworld-example/store.ArticleStore github.com/jinzhu/gorm.DB github.com/jinzhu/gorm.SQLCommon github.com/jinzhu/gorm.logModeValue github.com/jinzhu/gorm.logger github.com/jinzhu/gorm.search github.com/jinzhu/gorm.Callback github.com/jinzhu/gorm.Dialect github.com/raahii/golang-grpc-realworld-example/model.User github.com/jinzhu/gorm.Model github.com/raahii/golang-grpc-realworld-example/model.Article github.com/raahii/golang-grpc-realworld-example/model.Tag github.com/raahii/golang-grpc-realworld-example/model.Comment]
2025/02/14 16:35:27 Expr: Where: type of expression is &types.Signature{rparams:(*types.TypeParamList)(nil), tparams:(*types.TypeParamList)(nil), scope:(*types.Scope)(0xc014e83200), recv:(*types.Var)(0xc014e832c0), params:(*types.Tuple)(0xc014b836b0), results:(*types.Tuple)(0xc014b836c8), variadic:true}; Resolved type: func(query interface{}, args ...interface{}) *github.com/jinzhu/gorm.DB; Out: []
2025/02/14 16:35:27 Resolved slice type: []uint
2025/02/14 16:35:27 Expr: &{Fun:0xc01eb427c8 Lparen:14972077 Args:[limit] Ellipsis:0 Rparen:14972083}: type of expression is &types.Pointer{base:(*types.Named)(0xc0134725b0)}; Resolved type: *github.com/jinzhu/gorm.DB; Out: [github.com/jinzhu/gorm.DB]
2025/02/14 16:35:27 Already collected type: github.com/jinzhu/gorm.DB. Current structs: [github.com/raahii/golang-grpc-realworld-example/store.ArticleStore github.com/jinzhu/gorm.DB github.com/jinzhu/gorm.SQLCommon github.com/jinzhu/gorm.logModeValue github.com/jinzhu/gorm.logger github.com/jinzhu/gorm.search github.com/jinzhu/gorm.Callback github.com/jinzhu/gorm.Dialect github.com/raahii/golang-grpc-realworld-example/model.User github.com/jinzhu/gorm.Model github.com/raahii/golang-grpc-realworld-example/model.Article github.com/raahii/golang-grpc-realworld-example/model.Tag github.com/raahii/golang-grpc-realworld-example/model.Comment]
2025/02/14 16:35:27 Expr: d: type of expression is &types.Pointer{base:(*types.Named)(0xc0134725b0)}; Resolved type: *github.com/jinzhu/gorm.DB; Out: [github.com/jinzhu/gorm.DB]
2025/02/14 16:35:27 Already collected type: github.com/jinzhu/gorm.DB. Current structs: [github.com/raahii/golang-grpc-realworld-example/store.ArticleStore github.com/jinzhu/gorm.DB github.com/jinzhu/gorm.SQLCommon github.com/jinzhu/gorm.logModeValue github.com/jinzhu/gorm.logger github.com/jinzhu/gorm.search github.com/jinzhu/gorm.Callback github.com/jinzhu/gorm.Dialect github.com/raahii/golang-grpc-realworld-example/model.User github.com/jinzhu/gorm.Model github.com/raahii/golang-grpc-realworld-example/model.Article github.com/raahii/golang-grpc-realworld-example/model.Tag github.com/raahii/golang-grpc-realworld-example/model.Comment]
2025/02/14 16:35:27 Expr: d: type of expression is &types.Pointer{base:(*types.Named)(0xc0134725b0)}; Resolved type: *github.com/jinzhu/gorm.DB; Out: [github.com/jinzhu/gorm.DB]
2025/02/14 16:35:27 Already collected type: github.com/jinzhu/gorm.DB. Current structs: [github.com/raahii/golang-grpc-realworld-example/store.ArticleStore github.com/jinzhu/gorm.DB github.com/jinzhu/gorm.SQLCommon github.com/jinzhu/gorm.logModeValue github.com/jinzhu/gorm.logger github.com/jinzhu/gorm.search github.com/jinzhu/gorm.Callback github.com/jinzhu/gorm.Dialect github.com/raahii/golang-grpc-realworld-example/model.User github.com/jinzhu/gorm.Model github.com/raahii/golang-grpc-realworld-example/model.Article github.com/raahii/golang-grpc-realworld-example/model.Tag github.com/raahii/golang-grpc-realworld-example/model.Comment]
2025/02/14 16:35:27 Expr: Offset: type of expression is &types.Signature{rparams:(*types.TypeParamList)(nil), tparams:(*types.TypeParamList)(nil), scope:(*types.Scope)(0xc014e83aa0), recv:(*types.Var)(0xc014e83b60), params:(*types.Tuple)(0xc014b83770), results:(*types.Tuple)(0xc014b83788), variadic:false}; Resolved type: func(offset interface{}) *github.com/jinzhu/gorm.DB; Out: []
2025/02/14 16:35:27 Expr: Limit: type of expression is &types.Signature{rparams:(*types.TypeParamList)(nil), tparams:(*types.TypeParamList)(nil), scope:(*types.Scope)(0xc014e838c0), recv:(*types.Var)(0xc014e83980), params:(*types.Tuple)(0xc014b83740), results:(*types.Tuple)(0xc014b83758), variadic:false}; Resolved type: func(limit interface{}) *github.com/jinzhu/gorm.DB; Out: []
2025/02/14 16:35:27 Resolved slice type: []github.com/raahii/golang-grpc-realworld-example/model.Article
2025/02/14 16:35:27 Already collected type: github.com/raahii/golang-grpc-realworld-example/model.Article. Current structs: [github.com/raahii/golang-grpc-realworld-example/store.ArticleStore github.com/jinzhu/gorm.DB github.com/jinzhu/gorm.SQLCommon github.com/jinzhu/gorm.logModeValue github.com/jinzhu/gorm.logger github.com/jinzhu/gorm.search github.com/jinzhu/gorm.Callback github.com/jinzhu/gorm.Dialect github.com/raahii/golang-grpc-realworld-example/model.User github.com/jinzhu/gorm.Model github.com/raahii/golang-grpc-realworld-example/model.Article github.com/raahii/golang-grpc-realworld-example/model.Tag github.com/raahii/golang-grpc-realworld-example/model.Comment]
2025/02/14 16:35:27 Expr: Article: type of expression is &types.Named{check:(*types.Checker)(nil), obj:(*types.TypeName)(0xc01e4ffbd0), fromRHS:(*types.Struct)(0xc01e4fbdd0), inst:(*types.instance)(nil), mu:sync.Mutex{state:0, sema:0x0}, state_:0x2, underlying:(*types.Struct)(0xc01e4fbdd0), tparams:(*types.TypeParamList)(nil), methods:[]*types.Func{(*types.Func)(0xc01e4874a0), (*types.Func)(0xc01e487560), (*types.Func)(0xc01e487620)}, loader:(func(*types.Named) ([]*types.TypeParam, types.Type, []*types.Func))(nil)}; Resolved type: github.com/raahii/golang-grpc-realworld-example/model.Article; Out: [github.com/raahii/golang-grpc-realworld-example/model.Article]
2025/02/14 16:35:27 Already collected type: github.com/raahii/golang-grpc-realworld-example/model.Article. Current structs: [github.com/raahii/golang-grpc-realworld-example/store.ArticleStore github.com/jinzhu/gorm.DB github.com/jinzhu/gorm.SQLCommon github.com/jinzhu/gorm.logModeValue github.com/jinzhu/gorm.logger github.com/jinzhu/gorm.search github.com/jinzhu/gorm.Callback github.com/jinzhu/gorm.Dialect github.com/raahii/golang-grpc-realworld-example/model.User github.com/jinzhu/gorm.Model github.com/raahii/golang-grpc-realworld-example/model.Article github.com/raahii/golang-grpc-realworld-example/model.Tag github.com/raahii/golang-grpc-realworld-example/model.Comment]
2025/02/14 16:35:27 Expr: &{X:0xc00634ac00 Sel:Error}: type of expression is &types.Named{check:(*types.Checker)(nil), obj:(*types.TypeName)(0xc00006ca00), fromRHS:(*types.Interface)(0xc00006ca50), inst:(*types.instance)(nil), mu:sync.Mutex{state:0, sema:0x0}, state_:0x2, underlying:(*types.Interface)(0xc00006ca50), tparams:(*types.TypeParamList)(nil), methods:[]*types.Func(nil), loader:(func(*types.Named) ([]*types.TypeParam, types.Type, []*types.Func))(nil)}; Resolved type: error; Out: []
2025/02/14 16:35:27 Expr: err: type of expression is &types.Named{check:(*types.Checker)(nil), obj:(*types.TypeName)(0xc00006ca00), fromRHS:(*types.Interface)(0xc00006ca50), inst:(*types.instance)(nil), mu:sync.Mutex{state:0, sema:0x0}, state_:0x2, underlying:(*types.Interface)(0xc00006ca50), tparams:(*types.TypeParamList)(nil), methods:[]*types.Func(nil), loader:(func(*types.Named) ([]*types.TypeParam, types.Type, []*types.Func))(nil)}; Resolved type: error; Out: []
2025/02/14 16:35:27 Expr: d: type of expression is &types.Pointer{base:(*types.Named)(0xc0134725b0)}; Resolved type: *github.com/jinzhu/gorm.DB; Out: [github.com/jinzhu/gorm.DB]
2025/02/14 16:35:27 Already collected type: github.com/jinzhu/gorm.DB. Current structs: [github.com/raahii/golang-grpc-realworld-example/store.ArticleStore github.com/jinzhu/gorm.DB github.com/jinzhu/gorm.SQLCommon github.com/jinzhu/gorm.logModeValue github.com/jinzhu/gorm.logger github.com/jinzhu/gorm.search github.com/jinzhu/gorm.Callback github.com/jinzhu/gorm.Dialect github.com/raahii/golang-grpc-realworld-example/model.User github.com/jinzhu/gorm.Model github.com/raahii/golang-grpc-realworld-example/model.Article github.com/raahii/golang-grpc-realworld-example/model.Tag github.com/raahii/golang-grpc-realworld-example/model.Comment]
2025/02/14 16:35:27 Expr: Find: type of expression is &types.Signature{rparams:(*types.TypeParamList)(nil), tparams:(*types.TypeParamList)(nil), scope:(*types.Scope)(0xc014e8d920), recv:(*types.Var)(0xc014e8d9e0), params:(*types.Tuple)(0xc014b83a28), results:(*types.Tuple)(0xc014b83a40), variadic:true}; Resolved type: func(out interface{}, where ...interface{}) *github.com/jinzhu/gorm.DB; Out: []
2025/02/14 16:35:27 Resolved slice type: []github.com/raahii/golang-grpc-realworld-example/model.Article
2025/02/14 16:35:27 Already collected type: github.com/raahii/golang-grpc-realworld-example/model.Article. Current structs: [github.com/raahii/golang-grpc-realworld-example/store.ArticleStore github.com/jinzhu/gorm.DB github.com/jinzhu/gorm.SQLCommon github.com/jinzhu/gorm.logModeValue github.com/jinzhu/gorm.logger github.com/jinzhu/gorm.search github.com/jinzhu/gorm.Callback github.com/jinzhu/gorm.Dialect github.com/raahii/golang-grpc-realworld-example/model.User github.com/jinzhu/gorm.Model github.com/raahii/golang-grpc-realworld-example/model.Article github.com/raahii/golang-grpc-realworld-example/model.Tag github.com/raahii/golang-grpc-realworld-example/model.Comment]
2025/02/14 16:35:27 Expr: Error: type of expression is &types.Named{check:(*types.Checker)(nil), obj:(*types.TypeName)(0xc00006ca00), fromRHS:(*types.Interface)(0xc00006ca50), inst:(*types.instance)(nil), mu:sync.Mutex{state:0, sema:0x0}, state_:0x2, underlying:(*types.Interface)(0xc00006ca50), tparams:(*types.TypeParamList)(nil), methods:[]*types.Func(nil), loader:(func(*types.Named) ([]*types.TypeParam, types.Type, []*types.Func))(nil)}; Resolved type: error; Out: []
2025/02/14 16:35:27 Resolved slice type: []github.com/raahii/golang-grpc-realworld-example/model.Article
2025/02/14 16:35:27 Already collected type: github.com/raahii/golang-grpc-realworld-example/model.Article. Current structs: [github.com/raahii/golang-grpc-realworld-example/store.ArticleStore github.com/jinzhu/gorm.DB github.com/jinzhu/gorm.SQLCommon github.com/jinzhu/gorm.logModeValue github.com/jinzhu/gorm.logger github.com/jinzhu/gorm.search github.com/jinzhu/gorm.Callback github.com/jinzhu/gorm.Dialect github.com/raahii/golang-grpc-realworld-example/model.User github.com/jinzhu/gorm.Model github.com/raahii/golang-grpc-realworld-example/model.Article github.com/raahii/golang-grpc-realworld-example/model.Tag github.com/raahii/golang-grpc-realworld-example/model.Comment]
2025/02/14 16:35:27 Expr: err: type of expression is &types.Named{check:(*types.Checker)(nil), obj:(*types.TypeName)(0xc00006ca00), fromRHS:(*types.Interface)(0xc00006ca50), inst:(*types.instance)(nil), mu:sync.Mutex{state:0, sema:0x0}, state_:0x2, underlying:(*types.Interface)(0xc00006ca50), tparams:(*types.TypeParamList)(nil), methods:[]*types.Func(nil), loader:(func(*types.Named) ([]*types.TypeParam, types.Type, []*types.Func))(nil)}; Resolved type: error; Out: []
2025/02/14 16:35:27 Receiver type: *github.com/jinzhu/gorm.DB
2025/02/14 16:35:27 Found selector function call: github.com/jinzhu/gorm.DB.Preload, current functions list: []
2025/02/14 16:35:27 Split github.com/jinzhu/gorm.DB.Preload into github.com/jinzhu/gorm and DB.Preload:
2025/02/14 16:35:27 Receiver type: *github.com/jinzhu/gorm.DB
2025/02/14 16:35:27 Found selector function call: github.com/jinzhu/gorm.DB.Where, current functions list: [github.com/jinzhu/gorm.DB.Preload]
2025/02/14 16:35:27 Split github.com/jinzhu/gorm.DB.Where into github.com/jinzhu/gorm and DB.Where:
2025/02/14 16:35:27 Receiver type: *github.com/jinzhu/gorm.DB
2025/02/14 16:35:27 Found selector function call: github.com/jinzhu/gorm.DB.Joins, current functions list: [github.com/jinzhu/gorm.DB.Preload github.com/jinzhu/gorm.DB.Where]
2025/02/14 16:35:27 Split github.com/jinzhu/gorm.DB.Joins into github.com/jinzhu/gorm and DB.Joins:
2025/02/14 16:35:27 Receiver type: *github.com/jinzhu/gorm.DB
2025/02/14 16:35:27 Receiver type: *github.com/jinzhu/gorm.DB
2025/02/14 16:35:27 Receiver type: *github.com/jinzhu/gorm.DB
2025/02/14 16:35:27 Found selector function call: github.com/jinzhu/gorm.DB.Rows, current functions list: [github.com/jinzhu/gorm.DB.Preload github.com/jinzhu/gorm.DB.Where github.com/jinzhu/gorm.DB.Joins]
2025/02/14 16:35:27 Split github.com/jinzhu/gorm.DB.Rows into github.com/jinzhu/gorm and DB.Rows:
2025/02/14 16:35:27 Receiver type: *github.com/jinzhu/gorm.DB
2025/02/14 16:35:27 Found selector function call: github.com/jinzhu/gorm.DB.Limit, current functions list: [github.com/jinzhu/gorm.DB.Preload github.com/jinzhu/gorm.DB.Where github.com/jinzhu/gorm.DB.Joins github.com/jinzhu/gorm.DB.Rows]
2025/02/14 16:35:27 Split github.com/jinzhu/gorm.DB.Limit into github.com/jinzhu/gorm and DB.Limit:
2025/02/14 16:35:27 Receiver type: *github.com/jinzhu/gorm.DB
2025/02/14 16:35:27 Found selector function call: github.com/jinzhu/gorm.DB.Offset, current functions list: [github.com/jinzhu/gorm.DB.Preload github.com/jinzhu/gorm.DB.Where github.com/jinzhu/gorm.DB.Joins github.com/jinzhu/gorm.DB.Rows github.com/jinzhu/gorm.DB.Limit]
2025/02/14 16:35:27 Split github.com/jinzhu/gorm.DB.Offset into github.com/jinzhu/gorm and DB.Offset:
2025/02/14 16:35:27 Receiver type: *github.com/jinzhu/gorm.DB
2025/02/14 16:35:27 Receiver type: *github.com/jinzhu/gorm.DB
2025/02/14 16:35:27 Found selector function call: github.com/jinzhu/gorm.DB.Table, current functions list: [github.com/jinzhu/gorm.DB.Preload github.com/jinzhu/gorm.DB.Where github.com/jinzhu/gorm.DB.Joins github.com/jinzhu/gorm.DB.Rows github.com/jinzhu/gorm.DB.Limit github.com/jinzhu/gorm.DB.Offset]
2025/02/14 16:35:27 Split github.com/jinzhu/gorm.DB.Table into github.com/jinzhu/gorm and DB.Table:
2025/02/14 16:35:27 Receiver type: *github.com/jinzhu/gorm.DB
2025/02/14 16:35:27 Found selector function call: github.com/jinzhu/gorm.DB.Select, current functions list: [github.com/jinzhu/gorm.DB.Preload github.com/jinzhu/gorm.DB.Where github.com/jinzhu/gorm.DB.Joins github.com/jinzhu/gorm.DB.Rows github.com/jinzhu/gorm.DB.Limit github.com/jinzhu/gorm.DB.Offset github.com/jinzhu/gorm.DB.Table]
2025/02/14 16:35:27 Split github.com/jinzhu/gorm.DB.Select into github.com/jinzhu/gorm and DB.Select:
2025/02/14 16:35:27 Receiver type: *database/sql.Rows
2025/02/14 16:35:27 Receiver type: *database/sql.Rows
2025/02/14 16:35:27 Receiver type: *database/sql.Rows
2025/02/14 16:35:27 Receiver type: *github.com/jinzhu/gorm.DB
2025/02/14 16:35:27 Receiver type: *github.com/jinzhu/gorm.DB
2025/02/14 16:35:27 Receiver type: *github.com/jinzhu/gorm.DB
2025/02/14 16:35:27 Receiver type: *github.com/jinzhu/gorm.DB
2025/02/14 16:35:27 Found selector function call: github.com/jinzhu/gorm.DB.Find, current functions list: [github.com/jinzhu/gorm.DB.Preload github.com/jinzhu/gorm.DB.Where github.com/jinzhu/gorm.DB.Joins github.com/jinzhu/gorm.DB.Rows github.com/jinzhu/gorm.DB.Limit github.com/jinzhu/gorm.DB.Offset github.com/jinzhu/gorm.DB.Table github.com/jinzhu/gorm.DB.Select]
2025/02/14 16:35:27 Split github.com/jinzhu/gorm.DB.Find into github.com/jinzhu/gorm and DB.Find:
2025/02/14 16:35:27 Split github.com/jinzhu/gorm.DB.Rows into github.com/jinzhu/gorm and DB.Rows:
2025/02/14 16:35:27 name is DB.Rows with search type func 
2025/02/14 16:35:27 Entering: loadAndHandlePackage for github.com/jinzhu/gorm
2025/02/14 16:35:28 Exiting: loadAndHandlePackage for github.com/jinzhu/gorm
2025/02/14 16:35:28 Stored for github.com/jinzhu/gorm|DB.Rows|func, cache results {definition: dependentFilePath: importString:}
2025/02/14 16:35:28 Split github.com/jinzhu/gorm.DB.Limit into github.com/jinzhu/gorm and DB.Limit:
2025/02/14 16:35:28 name is DB.Limit with search type func 
2025/02/14 16:35:28 Entering: loadAndHandlePackage for github.com/jinzhu/gorm
2025/02/14 16:35:29 Exiting: loadAndHandlePackage for github.com/jinzhu/gorm
2025/02/14 16:35:29 Stored for github.com/jinzhu/gorm|DB.Limit|func, cache results {definition: dependentFilePath: importString:}
2025/02/14 16:35:29 Split github.com/jinzhu/gorm.DB.Offset into github.com/jinzhu/gorm and DB.Offset:
2025/02/14 16:35:29 name is DB.Offset with search type func 
2025/02/14 16:35:29 Entering: loadAndHandlePackage for github.com/jinzhu/gorm
2025/02/14 16:35:31 Exiting: loadAndHandlePackage for github.com/jinzhu/gorm
2025/02/14 16:35:31 Stored for github.com/jinzhu/gorm|DB.Offset|func, cache results {definition: dependentFilePath: importString:}
2025/02/14 16:35:31 Split github.com/jinzhu/gorm.DB.Table into github.com/jinzhu/gorm and DB.Table:
2025/02/14 16:35:31 name is DB.Table with search type func 
2025/02/14 16:35:31 Entering: loadAndHandlePackage for github.com/jinzhu/gorm
2025/02/14 16:35:53 Exiting: loadAndHandlePackage for github.com/jinzhu/gorm
2025/02/14 16:35:53 Stored for github.com/jinzhu/gorm|DB.Table|func, cache results {definition: dependentFilePath: importString:}
2025/02/14 16:35:53 Split github.com/jinzhu/gorm.DB.Preload into github.com/jinzhu/gorm and DB.Preload:
2025/02/14 16:35:53 Found definition for github.com/jinzhu/gorm|DB.Preload|func, cache results {definition:func (s *DB) Preload(column string, conditions ...interface{}) *DB {
	return s.clone().search.Preload(column, conditions...).db
} dependentFilePath:C:\Users\aksha\go\pkg\mod\github.com\jinzhu\gorm@v1.9.12\main.go importString:package github.com/jinzhu/gorm
}
2025/02/14 16:35:53 Split github.com/jinzhu/gorm.DB.Where into github.com/jinzhu/gorm and DB.Where:
2025/02/14 16:35:53 name is DB.Where with search type func 
2025/02/14 16:35:53 Entering: loadAndHandlePackage for github.com/jinzhu/gorm
2025/02/14 16:35:59 Exiting: loadAndHandlePackage for github.com/jinzhu/gorm
2025/02/14 16:35:59 Stored for github.com/jinzhu/gorm|DB.Where|func, cache results {definition: dependentFilePath: importString:}
2025/02/14 16:35:59 Split github.com/jinzhu/gorm.DB.Joins into github.com/jinzhu/gorm and DB.Joins:
2025/02/14 16:35:59 name is DB.Joins with search type func 
2025/02/14 16:35:59 Entering: loadAndHandlePackage for github.com/jinzhu/gorm
2025/02/14 16:36:07 Exiting: loadAndHandlePackage for github.com/jinzhu/gorm
2025/02/14 16:36:07 Stored for github.com/jinzhu/gorm|DB.Joins|func, cache results {definition: dependentFilePath: importString:}
2025/02/14 16:36:07 Split github.com/jinzhu/gorm.DB.Find into github.com/jinzhu/gorm and DB.Find:
2025/02/14 16:36:07 Found definition for github.com/jinzhu/gorm|DB.Find|func, cache results {definition:func (s *DB) Find(out interface{}, where ...interface{}) *DB {
	return s.NewScope(out).inlineCondition(where...).callCallbacks(s.parent.callbacks.queries).db
} dependentFilePath:C:\Users\aksha\go\pkg\mod\github.com\jinzhu\gorm@v1.9.12\main.go importString:package github.com/jinzhu/gorm
}
2025/02/14 16:36:07 Split github.com/jinzhu/gorm.DB.Select into github.com/jinzhu/gorm and DB.Select:
2025/02/14 16:36:07 name is DB.Select with search type func 
2025/02/14 16:36:07 Entering: loadAndHandlePackage for github.com/jinzhu/gorm
2025/02/14 16:36:11 Exiting: loadAndHandlePackage for github.com/jinzhu/gorm
2025/02/14 16:36:11 Stored for github.com/jinzhu/gorm|DB.Select|func, cache results {definition: dependentFilePath: importString:}
2025/02/14 16:36:11 Split github.com/jinzhu/gorm.logger into github.com/jinzhu/gorm and logger:
2025/02/14 16:36:11 Found definition for github.com/jinzhu/gorm|logger|struct, cache results {definition:type logger interface {
	Print(v ...interface{})
} dependentFilePath:C:\Users\aksha\go\pkg\mod\github.com\jinzhu\gorm@v1.9.12\logger.go importString:package github.com/jinzhu/gorm
}
2025/02/14 16:36:11 Split github.com/jinzhu/gorm.Dialect into github.com/jinzhu/gorm and Dialect:
2025/02/14 16:36:11 Found definition for github.com/jinzhu/gorm|Dialect|struct, cache results {definition:type Dialect interface {
	// GetName get dialect's name
	GetName() string

	// SetDB set db for dialect
	SetDB(db SQLCommon)

	// BindVar return the placeholder for actual values in SQL statements, in many dbs it is "?", Postgres using $1
	BindVar(i int) string
	// Quote quotes field name to avoid SQL parsing exceptions by using a reserved word as a field name
	Quote(key string) string
	// DataTypeOf return data's sql type
	DataTypeOf(field *StructField) string

	// HasIndex check has index or not
	HasIndex(tableName string, indexName string) bool
	// HasForeignKey check has foreign key or not
	HasForeignKey(tableName string, foreignKeyName string) bool
	// RemoveIndex remove index
	RemoveIndex(tableName string, indexName string) error
	// HasTable check has table or not
	HasTable(tableName string) bool
	// HasColumn check has column or not
	HasColumn(tableName string, columnName string) bool
	// ModifyColumn modify column's type
	ModifyColumn(tableName string, columnName string, typ string) error

	// LimitAndOffsetSQL return generated SQL with Limit and Offset, as mssql has special case
	LimitAndOffsetSQL(limit, offset interface{}) (string, error)
	// SelectFromDummyTable return select values, for most dbs, `SELECT values` just works, mysql needs `SELECT value FROM DUAL`
	SelectFromDummyTable() string
	// LastInsertIDOutputInterstitial most dbs support LastInsertId, but mssql needs to use `OUTPUT`
	LastInsertIDOutputInterstitial(tableName, columnName string, columns []string) string
	// LastInsertIdReturningSuffix most dbs support LastInsertId, but postgres needs to use `RETURNING`
	LastInsertIDReturningSuffix(tableName, columnName string) string
	// DefaultValueStr
	DefaultValueStr() string

	// BuildKeyName returns a valid key name (foreign key, index key) for the given table, field and reference
	BuildKeyName(kind, tableName string, fields ...string) string

	// NormalizeIndexAndColumn returns valid index name and column name depending on each dialect
	NormalizeIndexAndColumn(indexName, columnName string) (string, string)

	// CurrentDatabase return current database name
	CurrentDatabase() string
} dependentFilePath:C:\Users\aksha\go\pkg\mod\github.com\jinzhu\gorm@v1.9.12\dialect.go importString:package github.com/jinzhu/gorm
}
2025/02/14 16:36:11 Split github.com/raahii/golang-grpc-realworld-example/model.User into github.com/raahii/golang-grpc-realworld-example/model and User:
2025/02/14 16:36:11 Found definition for github.com/raahii/golang-grpc-realworld-example/model|User|struct, cache results {definition:type User struct {
	gorm.Model
	Username         string    `gorm:"unique_index;not null"`
	Email            string    `gorm:"unique_index;not null"`
	Password         string    `gorm:"not null"`
	Bio              string    `gorm:"not null"`
	Image            string    `gorm:"not null"`
	Follows          []User    `gorm:"many2many:follows;jointable_foreignkey:from_user_id;association_jointable_foreignkey:to_user_id"`
	FavoriteArticles []Article `gorm:"many2many:favorite_articles;"`
} dependentFilePath:C:\var\tmp\Roost\RoostGPT\golang-1\ece53592-7de3-4391-a2fb-0d6935272614\source\golang-grpc-realworld-example\model\user.go importString:package github.com/raahii/golang-grpc-realworld-example/model
import (
	validation "github.com/go-ozzo/ozzo-validation"
	"github.com/go-ozzo/ozzo-validation/is"
	"github.com/jinzhu/gorm"
	pb "github.com/raahii/golang-grpc-realworld-example/proto"
	"golang.org/x/crypto/bcrypt"
)
}
2025/02/14 16:36:11 Split github.com/jinzhu/gorm.Model into github.com/jinzhu/gorm and Model:
2025/02/14 16:36:11 Found definition for github.com/jinzhu/gorm|Model|struct, cache results {definition:type Model struct {
	ID        uint `gorm:"primary_key"`
	CreatedAt time.Time
	UpdatedAt time.Time
	DeletedAt *time.Time `sql:"index"`
} dependentFilePath:C:\Users\aksha\go\pkg\mod\github.com\jinzhu\gorm@v1.9.12\model.go importString:package github.com/jinzhu/gorm
}
2025/02/14 16:36:11 Split github.com/raahii/golang-grpc-realworld-example/model.Article into github.com/raahii/golang-grpc-realworld-example/model and Article:
2025/02/14 16:36:11 Found definition for github.com/raahii/golang-grpc-realworld-example/model|Article|struct, cache results {definition:type Article struct {
	gorm.Model
	Title          string `gorm:"not null"`
	Description    string `gorm:"not null"`
	Body           string `gorm:"not null"`
	Tags           []Tag  `gorm:"many2many:article_tags"`
	Author         User   `gorm:"foreignkey:UserID"`
	UserID         uint   `gorm:"not null"`
	FavoritesCount int32  `gorm:"not null;default=0"`
	FavoritedUsers []User `gorm:"many2many:favorite_articles"`
	Comments       []Comment
} dependentFilePath:C:\var\tmp\Roost\RoostGPT\golang-1\ece53592-7de3-4391-a2fb-0d6935272614\source\golang-grpc-realworld-example\model\article.go importString:package github.com/raahii/golang-grpc-realworld-example/model
import (
	validation "github.com/go-ozzo/ozzo-validation"
	"github.com/jinzhu/gorm"
	pb "github.com/raahii/golang-grpc-realworld-example/proto"
)
}
2025/02/14 16:36:11 Split github.com/jinzhu/gorm.DB into github.com/jinzhu/gorm and DB:
2025/02/14 16:36:11 Found definition for github.com/jinzhu/gorm|DB|struct, cache results {definition:type DB struct {
	sync.RWMutex
	Value        interface{}
	Error        error
	RowsAffected int64

	// single db
	db                SQLCommon
	blockGlobalUpdate bool
	logMode           logModeValue
	logger            logger
	search            *search
	values            sync.Map

	// global db
	parent        *DB
	callbacks     *Callback
	dialect       Dialect
	singularTable bool

	// function to be used to override the creating of a new timestamp
	nowFuncOverride func() time.Time
} dependentFilePath:C:\Users\aksha\go\pkg\mod\github.com\jinzhu\gorm@v1.9.12\main.go importString:package github.com/jinzhu/gorm
}
2025/02/14 16:36:11 Split github.com/jinzhu/gorm.SQLCommon into github.com/jinzhu/gorm and SQLCommon:
2025/02/14 16:36:11 Found definition for github.com/jinzhu/gorm|SQLCommon|struct, cache results {definition:type SQLCommon interface {
	Exec(query string, args ...interface{}) (sql.Result, error)
	Prepare(query string) (*sql.Stmt, error)
	Query(query string, args ...interface{}) (*sql.Rows, error)
	QueryRow(query string, args ...interface{}) *sql.Row
} dependentFilePath:C:\Users\aksha\go\pkg\mod\github.com\jinzhu\gorm@v1.9.12\interface.go importString:package github.com/jinzhu/gorm
}
2025/02/14 16:36:11 Split github.com/jinzhu/gorm.logModeValue into github.com/jinzhu/gorm and logModeValue:
2025/02/14 16:36:11 Found definition for github.com/jinzhu/gorm|logModeValue|struct, cache results {definition:type logModeValue int

const (
	defaultLogMode logModeValue = iota
	noLogMode
	detailedLogMode
) dependentFilePath:C:\Users\aksha\go\pkg\mod\github.com\jinzhu\gorm@v1.9.12\main.go importString:package github.com/jinzhu/gorm
}
2025/02/14 16:36:11 Split github.com/raahii/golang-grpc-realworld-example/model.Tag into github.com/raahii/golang-grpc-realworld-example/model and Tag:
2025/02/14 16:36:11 Found definition for github.com/raahii/golang-grpc-realworld-example/model|Tag|struct, cache results {definition:type Tag struct {
	gorm.Model
	Name string `gorm:"not null"`
} dependentFilePath:C:\var\tmp\Roost\RoostGPT\golang-1\ece53592-7de3-4391-a2fb-0d6935272614\source\golang-grpc-realworld-example\model\article.go importString:package github.com/raahii/golang-grpc-realworld-example/model
import (
	validation "github.com/go-ozzo/ozzo-validation"
	"github.com/jinzhu/gorm"
	pb "github.com/raahii/golang-grpc-realworld-example/proto"
)
}
2025/02/14 16:36:11 Split github.com/raahii/golang-grpc-realworld-example/model.Comment into github.com/raahii/golang-grpc-realworld-example/model and Comment:
2025/02/14 16:36:11 Found definition for github.com/raahii/golang-grpc-realworld-example/model|Comment|struct, cache results {definition:type Comment struct {
	gorm.Model
	Body      string `gorm:"not null"`
	UserID    uint   `gorm:"not null"`
	Author    User   `gorm:"foreignkey:UserID"`
	ArticleID uint   `gorm:"not null"`
	Article   Article
} dependentFilePath:C:\var\tmp\Roost\RoostGPT\golang-1\ece53592-7de3-4391-a2fb-0d6935272614\source\golang-grpc-realworld-example\model\comment.go importString:package github.com/raahii/golang-grpc-realworld-example/model
import (
	validation "github.com/go-ozzo/ozzo-validation"
	"github.com/jinzhu/gorm"
	pb "github.com/raahii/golang-grpc-realworld-example/proto"
)
}
2025/02/14 16:36:11 Split github.com/raahii/golang-grpc-realworld-example/store.ArticleStore into github.com/raahii/golang-grpc-realworld-example/store and ArticleStore:
2025/02/14 16:36:11 Found definition for github.com/raahii/golang-grpc-realworld-example/store|ArticleStore|struct, cache results {definition:type ArticleStore struct {
	db *gorm.DB
} dependentFilePath:C:\var\tmp\Roost\RoostGPT\golang-1\ece53592-7de3-4391-a2fb-0d6935272614\source\golang-grpc-realworld-example\store\article.go importString:package github.com/raahii/golang-grpc-realworld-example/store
import (
	"github.com/jinzhu/gorm"
	"github.com/raahii/golang-grpc-realworld-example/model"
)
}
2025/02/14 16:36:11 Split github.com/jinzhu/gorm.search into github.com/jinzhu/gorm and search:
2025/02/14 16:36:11 Found definition for github.com/jinzhu/gorm|search|struct, cache results {definition:type search struct {
	db               *DB
	whereConditions  []map[string]interface{}
	orConditions     []map[string]interface{}
	notConditions    []map[string]interface{}
	havingConditions []map[string]interface{}
	joinConditions   []map[string]interface{}
	initAttrs        []interface{}
	assignAttrs      []interface{}
	selects          map[string]interface{}
	omits            []string
	orders           []interface{}
	preload          []searchPreload
	offset           interface{}
	limit            interface{}
	group            string
	tableName        string
	raw              bool
	Unscoped         bool
	ignoreOrderQuery bool
} dependentFilePath:C:\Users\aksha\go\pkg\mod\github.com\jinzhu\gorm@v1.9.12\search.go importString:package github.com/jinzhu/gorm
}
2025/02/14 16:36:11 Split github.com/jinzhu/gorm.Callback into github.com/jinzhu/gorm and Callback:
2025/02/14 16:36:11 Found definition for github.com/jinzhu/gorm|Callback|struct, cache results {definition:type Callback struct {
	logger     logger
	creates    []*func(scope *Scope)
	updates    []*func(scope *Scope)
	deletes    []*func(scope *Scope)
	queries    []*func(scope *Scope)
	rowQueries []*func(scope *Scope)
	processors []*CallbackProcessor
} dependentFilePath:C:\Users\aksha\go\pkg\mod\github.com\jinzhu\gorm@v1.9.12\callback.go importString:package github.com/jinzhu/gorm
}
2025/02/14 16:36:11 Analyzing function: GetFeedArticles in file: C:\var\tmp\Roost\RoostGPT\golang-1\ece53592-7de3-4391-a2fb-0d6935272614\source\golang-grpc-realworld-example\store\article.go
2025/02/14 16:36:11 Expr: &{Star:14972217 X:ArticleStore}: type of expression is &types.Pointer{base:(*types.Named)(0xc014479490)}; Resolved type: *github.com/raahii/golang-grpc-realworld-example/store.ArticleStore; Out: [github.com/raahii/golang-grpc-realworld-example/store.ArticleStore]
2025/02/14 16:36:11 Recording and checking type: github.com/raahii/golang-grpc-realworld-example/store.ArticleStore
2025/02/14 16:36:11 Processing struct: github.com/raahii/golang-grpc-realworld-example/store.ArticleStore with 1 fields
2025/02/14 16:36:11 Recording and checking type: github.com/jinzhu/gorm.DB
2025/02/14 16:36:11 Processing struct: github.com/jinzhu/gorm.DB with 15 fields
2025/02/14 16:36:11 Recording and checking type: github.com/jinzhu/gorm.SQLCommon
2025/02/14 16:36:11 Underlying type is not a struct for: github.com/jinzhu/gorm.SQLCommon
2025/02/14 16:36:11 Recording and checking type: github.com/jinzhu/gorm.logModeValue
2025/02/14 16:36:11 Underlying type is not a struct for: github.com/jinzhu/gorm.logModeValue
2025/02/14 16:36:11 Recording and checking type: github.com/jinzhu/gorm.logger
2025/02/14 16:36:11 Underlying type is not a struct for: github.com/jinzhu/gorm.logger
2025/02/14 16:36:11 Recording and checking type: github.com/jinzhu/gorm.search
2025/02/14 16:36:11 Processing struct: github.com/jinzhu/gorm.search with 19 fields
2025/02/14 16:36:11 Recording and checking type: github.com/jinzhu/gorm.Callback
2025/02/14 16:36:11 Processing struct: github.com/jinzhu/gorm.Callback with 7 fields
2025/02/14 16:36:11 Recording and checking type: github.com/jinzhu/gorm.Dialect
2025/02/14 16:36:11 Underlying type is not a struct for: github.com/jinzhu/gorm.Dialect
2025/02/14 16:36:11 Resolved slice type: []uint
2025/02/14 16:36:11 Resolved slice type: []github.com/raahii/golang-grpc-realworld-example/model.Article
2025/02/14 16:36:11 Collected field type: github.com/raahii/golang-grpc-realworld-example/model.Article
2025/02/14 16:36:11 Expr: error: type of expression is &types.Named{check:(*types.Checker)(nil), obj:(*types.TypeName)(0xc00006ca00), fromRHS:(*types.Interface)(0xc00006ca50), inst:(*types.instance)(nil), mu:sync.Mutex{state:0, sema:0x0}, state_:0x2, underlying:(*types.Interface)(0xc00006ca50), tparams:(*types.TypeParamList)(nil), methods:[]*types.Func(nil), loader:(func(*types.Named) ([]*types.TypeParam, types.Type, []*types.Func))(nil)}; Resolved type: error; Out: []
2025/02/14 16:36:11 Recording and checking type: github.com/raahii/golang-grpc-realworld-example/model.Article
2025/02/14 16:36:11 Processing struct: github.com/raahii/golang-grpc-realworld-example/model.Article with 10 fields
2025/02/14 16:36:11 Recording and checking type: github.com/jinzhu/gorm.Model
2025/02/14 16:36:11 Processing struct: github.com/jinzhu/gorm.Model with 4 fields
2025/02/14 16:36:11 Recording and checking type: github.com/raahii/golang-grpc-realworld-example/model.Tag
2025/02/14 16:36:11 Processing struct: github.com/raahii/golang-grpc-realworld-example/model.Tag with 2 fields
2025/02/14 16:36:11 Recording and checking type: github.com/raahii/golang-grpc-realworld-example/model.User
2025/02/14 16:36:11 Processing struct: github.com/raahii/golang-grpc-realworld-example/model.User with 8 fields
2025/02/14 16:36:11 Recording and checking type: github.com/raahii/golang-grpc-realworld-example/model.Comment
2025/02/14 16:36:11 Processing struct: github.com/raahii/golang-grpc-realworld-example/model.Comment with 6 fields
2025/02/14 16:36:11 Expr: &{Fun:0xc01eb42900 Lparen:14972349 Args:[0xc0063495e0 userIDs] Ellipsis:0 Rparen:14972375}: type of expression is &types.Pointer{base:(*types.Named)(0xc0134725b0)}; Resolved type: *github.com/jinzhu/gorm.DB; Out: [github.com/jinzhu/gorm.DB]
2025/02/14 16:36:11 Already collected type: github.com/jinzhu/gorm.DB. Current structs: [github.com/raahii/golang-grpc-realworld-example/store.ArticleStore github.com/jinzhu/gorm.DB github.com/jinzhu/gorm.SQLCommon github.com/jinzhu/gorm.logModeValue github.com/jinzhu/gorm.logger github.com/jinzhu/gorm.search github.com/jinzhu/gorm.Callback github.com/jinzhu/gorm.Dialect github.com/raahii/golang-grpc-realworld-example/model.Article github.com/jinzhu/gorm.Model github.com/raahii/golang-grpc-realworld-example/model.Tag github.com/raahii/golang-grpc-realworld-example/model.User github.com/raahii/golang-grpc-realworld-example/model.Comment]
2025/02/14 16:36:11 Expr: d: type of expression is &types.Pointer{base:(*types.Named)(0xc0134725b0)}; Resolved type: *github.com/jinzhu/gorm.DB; Out: [github.com/jinzhu/gorm.DB]
2025/02/14 16:36:11 Already collected type: github.com/jinzhu/gorm.DB. Current structs: [github.com/raahii/golang-grpc-realworld-example/store.ArticleStore github.com/jinzhu/gorm.DB github.com/jinzhu/gorm.SQLCommon github.com/jinzhu/gorm.logModeValue github.com/jinzhu/gorm.logger github.com/jinzhu/gorm.search github.com/jinzhu/gorm.Callback github.com/jinzhu/gorm.Dialect github.com/raahii/golang-grpc-realworld-example/model.Article github.com/jinzhu/gorm.Model github.com/raahii/golang-grpc-realworld-example/model.Tag github.com/raahii/golang-grpc-realworld-example/model.User github.com/raahii/golang-grpc-realworld-example/model.Comment]
2025/02/14 16:36:11 Expr: s: type of expression is &types.Pointer{base:(*types.Named)(0xc014479490)}; Resolved type: *github.com/raahii/golang-grpc-realworld-example/store.ArticleStore; Out: [github.com/raahii/golang-grpc-realworld-example/store.ArticleStore]
2025/02/14 16:36:11 Already collected type: github.com/raahii/golang-grpc-realworld-example/store.ArticleStore. Current structs: [github.com/raahii/golang-grpc-realworld-example/store.ArticleStore github.com/jinzhu/gorm.DB github.com/jinzhu/gorm.SQLCommon github.com/jinzhu/gorm.logModeValue github.com/jinzhu/gorm.logger github.com/jinzhu/gorm.search github.com/jinzhu/gorm.Callback github.com/jinzhu/gorm.Dialect github.com/raahii/golang-grpc-realworld-example/model.Article github.com/jinzhu/gorm.Model github.com/raahii/golang-grpc-realworld-example/model.Tag github.com/raahii/golang-grpc-realworld-example/model.User github.com/raahii/golang-grpc-realworld-example/model.Comment]
2025/02/14 16:36:11 Expr: db: type of expression is &types.Pointer{base:(*types.Named)(0xc0134725b0)}; Resolved type: *github.com/jinzhu/gorm.DB; Out: [github.com/jinzhu/gorm.DB]
2025/02/14 16:36:11 Already collected type: github.com/jinzhu/gorm.DB. Current structs: [github.com/raahii/golang-grpc-realworld-example/store.ArticleStore github.com/jinzhu/gorm.DB github.com/jinzhu/gorm.SQLCommon github.com/jinzhu/gorm.logModeValue github.com/jinzhu/gorm.logger github.com/jinzhu/gorm.search github.com/jinzhu/gorm.Callback github.com/jinzhu/gorm.Dialect github.com/raahii/golang-grpc-realworld-example/model.Article github.com/jinzhu/gorm.Model github.com/raahii/golang-grpc-realworld-example/model.Tag github.com/raahii/golang-grpc-realworld-example/model.User github.com/raahii/golang-grpc-realworld-example/model.Comment]
2025/02/14 16:36:11 Expr: Preload: type of expression is &types.Signature{rparams:(*types.TypeParamList)(nil), tparams:(*types.TypeParamList)(nil), scope:(*types.Scope)(0xc014eab2c0), recv:(*types.Var)(0xc014eab380), params:(*types.Tuple)(0xc014ea8258), results:(*types.Tuple)(0xc014ea8270), variadic:true}; Resolved type: func(column string, conditions ...interface{}) *github.com/jinzhu/gorm.DB; Out: []
2025/02/14 16:36:11 Expr: Where: type of expression is &types.Signature{rparams:(*types.TypeParamList)(nil), tparams:(*types.TypeParamList)(nil), scope:(*types.Scope)(0xc014e83200), recv:(*types.Var)(0xc014e832c0), params:(*types.Tuple)(0xc014b836b0), results:(*types.Tuple)(0xc014b836c8), variadic:true}; Resolved type: func(query interface{}, args ...interface{}) *github.com/jinzhu/gorm.DB; Out: []
2025/02/14 16:36:11 Resolved slice type: []uint
2025/02/14 16:36:11 Expr: &{Fun:0xc01eb42960 Lparen:14972435 Args:[limit] Ellipsis:0 Rparen:14972441}: type of expression is &types.Pointer{base:(*types.Named)(0xc0134725b0)}; Resolved type: *github.com/jinzhu/gorm.DB; Out: [github.com/jinzhu/gorm.DB]
2025/02/14 16:36:11 Already collected type: github.com/jinzhu/gorm.DB. Current structs: [github.com/raahii/golang-grpc-realworld-example/store.ArticleStore github.com/jinzhu/gorm.DB github.com/jinzhu/gorm.SQLCommon github.com/jinzhu/gorm.logModeValue github.com/jinzhu/gorm.logger github.com/jinzhu/gorm.search github.com/jinzhu/gorm.Callback github.com/jinzhu/gorm.Dialect github.com/raahii/golang-grpc-realworld-example/model.Article github.com/jinzhu/gorm.Model github.com/raahii/golang-grpc-realworld-example/model.Tag github.com/raahii/golang-grpc-realworld-example/model.User github.com/raahii/golang-grpc-realworld-example/model.Comment]
2025/02/14 16:36:11 Expr: d: type of expression is &types.Pointer{base:(*types.Named)(0xc0134725b0)}; Resolved type: *github.com/jinzhu/gorm.DB; Out: [github.com/jinzhu/gorm.DB]
2025/02/14 16:36:11 Already collected type: github.com/jinzhu/gorm.DB. Current structs: [github.com/raahii/golang-grpc-realworld-example/store.ArticleStore github.com/jinzhu/gorm.DB github.com/jinzhu/gorm.SQLCommon github.com/jinzhu/gorm.logModeValue github.com/jinzhu/gorm.logger github.com/jinzhu/gorm.search github.com/jinzhu/gorm.Callback github.com/jinzhu/gorm.Dialect github.com/raahii/golang-grpc-realworld-example/model.Article github.com/jinzhu/gorm.Model github.com/raahii/golang-grpc-realworld-example/model.Tag github.com/raahii/golang-grpc-realworld-example/model.User github.com/raahii/golang-grpc-realworld-example/model.Comment]
2025/02/14 16:36:11 Expr: d: type of expression is &types.Pointer{base:(*types.Named)(0xc0134725b0)}; Resolved type: *github.com/jinzhu/gorm.DB; Out: [github.com/jinzhu/gorm.DB]
2025/02/14 16:36:11 Already collected type: github.com/jinzhu/gorm.DB. Current structs: [github.com/raahii/golang-grpc-realworld-example/store.ArticleStore github.com/jinzhu/gorm.DB github.com/jinzhu/gorm.SQLCommon github.com/jinzhu/gorm.logModeValue github.com/jinzhu/gorm.logger github.com/jinzhu/gorm.search github.com/jinzhu/gorm.Callback github.com/jinzhu/gorm.Dialect github.com/raahii/golang-grpc-realworld-example/model.Article github.com/jinzhu/gorm.Model github.com/raahii/golang-grpc-realworld-example/model.Tag github.com/raahii/golang-grpc-realworld-example/model.User github.com/raahii/golang-grpc-realworld-example/model.Comment]
2025/02/14 16:36:11 Expr: Offset: type of expression is &types.Signature{rparams:(*types.TypeParamList)(nil), tparams:(*types.TypeParamList)(nil), scope:(*types.Scope)(0xc014e83aa0), recv:(*types.Var)(0xc014e83b60), params:(*types.Tuple)(0xc014b83770), results:(*types.Tuple)(0xc014b83788), variadic:false}; Resolved type: func(offset interface{}) *github.com/jinzhu/gorm.DB; Out: []
2025/02/14 16:36:11 Expr: Limit: type of expression is &types.Signature{rparams:(*types.TypeParamList)(nil), tparams:(*types.TypeParamList)(nil), scope:(*types.Scope)(0xc014e838c0), recv:(*types.Var)(0xc014e83980), params:(*types.Tuple)(0xc014b83740), results:(*types.Tuple)(0xc014b83758), variadic:false}; Resolved type: func(limit interface{}) *github.com/jinzhu/gorm.DB; Out: []
2025/02/14 16:36:11 Resolved slice type: []github.com/raahii/golang-grpc-realworld-example/model.Article
2025/02/14 16:36:11 Already collected type: github.com/raahii/golang-grpc-realworld-example/model.Article. Current structs: [github.com/raahii/golang-grpc-realworld-example/store.ArticleStore github.com/jinzhu/gorm.DB github.com/jinzhu/gorm.SQLCommon github.com/jinzhu/gorm.logModeValue github.com/jinzhu/gorm.logger github.com/jinzhu/gorm.search github.com/jinzhu/gorm.Callback github.com/jinzhu/gorm.Dialect github.com/raahii/golang-grpc-realworld-example/model.Article github.com/jinzhu/gorm.Model github.com/raahii/golang-grpc-realworld-example/model.Tag github.com/raahii/golang-grpc-realworld-example/model.User github.com/raahii/golang-grpc-realworld-example/model.Comment]
2025/02/14 16:36:11 Expr: Article: type of expression is &types.Named{check:(*types.Checker)(nil), obj:(*types.TypeName)(0xc01e4ffbd0), fromRHS:(*types.Struct)(0xc01e4fbdd0), inst:(*types.instance)(nil), mu:sync.Mutex{state:0, sema:0x0}, state_:0x2, underlying:(*types.Struct)(0xc01e4fbdd0), tparams:(*types.TypeParamList)(nil), methods:[]*types.Func{(*types.Func)(0xc01e4874a0), (*types.Func)(0xc01e487560), (*types.Func)(0xc01e487620)}, loader:(func(*types.Named) ([]*types.TypeParam, types.Type, []*types.Func))(nil)}; Resolved type: github.com/raahii/golang-grpc-realworld-example/model.Article; Out: [github.com/raahii/golang-grpc-realworld-example/model.Article]
2025/02/14 16:36:11 Already collected type: github.com/raahii/golang-grpc-realworld-example/model.Article. Current structs: [github.com/raahii/golang-grpc-realworld-example/store.ArticleStore github.com/jinzhu/gorm.DB github.com/jinzhu/gorm.SQLCommon github.com/jinzhu/gorm.logModeValue github.com/jinzhu/gorm.logger github.com/jinzhu/gorm.search github.com/jinzhu/gorm.Callback github.com/jinzhu/gorm.Dialect github.com/raahii/golang-grpc-realworld-example/model.Article github.com/jinzhu/gorm.Model github.com/raahii/golang-grpc-realworld-example/model.Tag github.com/raahii/golang-grpc-realworld-example/model.User github.com/raahii/golang-grpc-realworld-example/model.Comment]
2025/02/14 16:36:11 Expr: &{X:0xc00634afc0 Sel:Error}: type of expression is &types.Named{check:(*types.Checker)(nil), obj:(*types.TypeName)(0xc00006ca00), fromRHS:(*types.Interface)(0xc00006ca50), inst:(*types.instance)(nil), mu:sync.Mutex{state:0, sema:0x0}, state_:0x2, underlying:(*types.Interface)(0xc00006ca50), tparams:(*types.TypeParamList)(nil), methods:[]*types.Func(nil), loader:(func(*types.Named) ([]*types.TypeParam, types.Type, []*types.Func))(nil)}; Resolved type: error; Out: []
2025/02/14 16:36:11 Expr: err: type of expression is &types.Named{check:(*types.Checker)(nil), obj:(*types.TypeName)(0xc00006ca00), fromRHS:(*types.Interface)(0xc00006ca50), inst:(*types.instance)(nil), mu:sync.Mutex{state:0, sema:0x0}, state_:0x2, underlying:(*types.Interface)(0xc00006ca50), tparams:(*types.TypeParamList)(nil), methods:[]*types.Func(nil), loader:(func(*types.Named) ([]*types.TypeParam, types.Type, []*types.Func))(nil)}; Resolved type: error; Out: []
2025/02/14 16:36:11 Expr: d: type of expression is &types.Pointer{base:(*types.Named)(0xc0134725b0)}; Resolved type: *github.com/jinzhu/gorm.DB; Out: [github.com/jinzhu/gorm.DB]
2025/02/14 16:36:11 Already collected type: github.com/jinzhu/gorm.DB. Current structs: [github.com/raahii/golang-grpc-realworld-example/store.ArticleStore github.com/jinzhu/gorm.DB github.com/jinzhu/gorm.SQLCommon github.com/jinzhu/gorm.logModeValue github.com/jinzhu/gorm.logger github.com/jinzhu/gorm.search github.com/jinzhu/gorm.Callback github.com/jinzhu/gorm.Dialect github.com/raahii/golang-grpc-realworld-example/model.Article github.com/jinzhu/gorm.Model github.com/raahii/golang-grpc-realworld-example/model.Tag github.com/raahii/golang-grpc-realworld-example/model.User github.com/raahii/golang-grpc-realworld-example/model.Comment]
2025/02/14 16:36:11 Expr: Find: type of expression is &types.Signature{rparams:(*types.TypeParamList)(nil), tparams:(*types.TypeParamList)(nil), scope:(*types.Scope)(0xc014e8d920), recv:(*types.Var)(0xc014e8d9e0), params:(*types.Tuple)(0xc014b83a28), results:(*types.Tuple)(0xc014b83a40), variadic:true}; Resolved type: func(out interface{}, where ...interface{}) *github.com/jinzhu/gorm.DB; Out: []
2025/02/14 16:36:11 Resolved slice type: []github.com/raahii/golang-grpc-realworld-example/model.Article
2025/02/14 16:36:11 Already collected type: github.com/raahii/golang-grpc-realworld-example/model.Article. Current structs: [github.com/raahii/golang-grpc-realworld-example/store.ArticleStore github.com/jinzhu/gorm.DB github.com/jinzhu/gorm.SQLCommon github.com/jinzhu/gorm.logModeValue github.com/jinzhu/gorm.logger github.com/jinzhu/gorm.search github.com/jinzhu/gorm.Callback github.com/jinzhu/gorm.Dialect github.com/raahii/golang-grpc-realworld-example/model.Article github.com/jinzhu/gorm.Model github.com/raahii/golang-grpc-realworld-example/model.Tag github.com/raahii/golang-grpc-realworld-example/model.User github.com/raahii/golang-grpc-realworld-example/model.Comment]
2025/02/14 16:36:11 Expr: Error: type of expression is &types.Named{check:(*types.Checker)(nil), obj:(*types.TypeName)(0xc00006ca00), fromRHS:(*types.Interface)(0xc00006ca50), inst:(*types.instance)(nil), mu:sync.Mutex{state:0, sema:0x0}, state_:0x2, underlying:(*types.Interface)(0xc00006ca50), tparams:(*types.TypeParamList)(nil), methods:[]*types.Func(nil), loader:(func(*types.Named) ([]*types.TypeParam, types.Type, []*types.Func))(nil)}; Resolved type: error; Out: []
2025/02/14 16:36:11 Resolved slice type: []github.com/raahii/golang-grpc-realworld-example/model.Article
2025/02/14 16:36:11 Already collected type: github.com/raahii/golang-grpc-realworld-example/model.Article. Current structs: [github.com/raahii/golang-grpc-realworld-example/store.ArticleStore github.com/jinzhu/gorm.DB github.com/jinzhu/gorm.SQLCommon github.com/jinzhu/gorm.logModeValue github.com/jinzhu/gorm.logger github.com/jinzhu/gorm.search github.com/jinzhu/gorm.Callback github.com/jinzhu/gorm.Dialect github.com/raahii/golang-grpc-realworld-example/model.Article github.com/jinzhu/gorm.Model github.com/raahii/golang-grpc-realworld-example/model.Tag github.com/raahii/golang-grpc-realworld-example/model.User github.com/raahii/golang-grpc-realworld-example/model.Comment]
2025/02/14 16:36:11 Expr: err: type of expression is &types.Named{check:(*types.Checker)(nil), obj:(*types.TypeName)(0xc00006ca00), fromRHS:(*types.Interface)(0xc00006ca50), inst:(*types.instance)(nil), mu:sync.Mutex{state:0, sema:0x0}, state_:0x2, underlying:(*types.Interface)(0xc00006ca50), tparams:(*types.TypeParamList)(nil), methods:[]*types.Func(nil), loader:(func(*types.Named) ([]*types.TypeParam, types.Type, []*types.Func))(nil)}; Resolved type: error; Out: []
2025/02/14 16:36:11 Receiver type: *github.com/jinzhu/gorm.DB
2025/02/14 16:36:11 Found selector function call: github.com/jinzhu/gorm.DB.Where, current functions list: []
2025/02/14 16:36:11 Split github.com/jinzhu/gorm.DB.Where into github.com/jinzhu/gorm and DB.Where:
2025/02/14 16:36:11 Receiver type: *github.com/jinzhu/gorm.DB
2025/02/14 16:36:11 Found selector function call: github.com/jinzhu/gorm.DB.Preload, current functions list: [github.com/jinzhu/gorm.DB.Where]
2025/02/14 16:36:11 Split github.com/jinzhu/gorm.DB.Preload into github.com/jinzhu/gorm and DB.Preload:
2025/02/14 16:36:11 Receiver type: *github.com/jinzhu/gorm.DB
2025/02/14 16:36:11 Found selector function call: github.com/jinzhu/gorm.DB.Limit, current functions list: [github.com/jinzhu/gorm.DB.Where github.com/jinzhu/gorm.DB.Preload]
2025/02/14 16:36:11 Split github.com/jinzhu/gorm.DB.Limit into github.com/jinzhu/gorm and DB.Limit:
2025/02/14 16:36:11 Receiver type: *github.com/jinzhu/gorm.DB
2025/02/14 16:36:11 Found selector function call: github.com/jinzhu/gorm.DB.Offset, current functions list: [github.com/jinzhu/gorm.DB.Where github.com/jinzhu/gorm.DB.Preload github.com/jinzhu/gorm.DB.Limit]
2025/02/14 16:36:11 Split github.com/jinzhu/gorm.DB.Offset into github.com/jinzhu/gorm and DB.Offset:
2025/02/14 16:36:11 Receiver type: *github.com/jinzhu/gorm.DB
2025/02/14 16:36:11 Found selector function call: github.com/jinzhu/gorm.DB.Find, current functions list: [github.com/jinzhu/gorm.DB.Where github.com/jinzhu/gorm.DB.Preload github.com/jinzhu/gorm.DB.Limit github.com/jinzhu/gorm.DB.Offset]
2025/02/14 16:36:11 Split github.com/jinzhu/gorm.DB.Find into github.com/jinzhu/gorm and DB.Find:
2025/02/14 16:36:11 Split github.com/jinzhu/gorm.DB.Preload into github.com/jinzhu/gorm and DB.Preload:
2025/02/14 16:36:11 Found definition for github.com/jinzhu/gorm|DB.Preload|func, cache results {definition:func (s *DB) Preload(column string, conditions ...interface{}) *DB {
	return s.clone().search.Preload(column, conditions...).db
} dependentFilePath:C:\Users\aksha\go\pkg\mod\github.com\jinzhu\gorm@v1.9.12\main.go importString:package github.com/jinzhu/gorm
}
2025/02/14 16:36:11 Split github.com/jinzhu/gorm.DB.Limit into github.com/jinzhu/gorm and DB.Limit:
2025/02/14 16:36:11 Found definition for github.com/jinzhu/gorm|DB.Limit|func, cache results {definition:func (s *DB) Limit(limit interface{}) *DB {
	return s.clone().search.Limit(limit).db
} dependentFilePath:C:\Users\aksha\go\pkg\mod\github.com\jinzhu\gorm@v1.9.12\main.go importString:package github.com/jinzhu/gorm
}
2025/02/14 16:36:11 Split github.com/jinzhu/gorm.DB.Offset into github.com/jinzhu/gorm and DB.Offset:
2025/02/14 16:36:11 Found definition for github.com/jinzhu/gorm|DB.Offset|func, cache results {definition:func (s *DB) Offset(offset interface{}) *DB {
	return s.clone().search.Offset(offset).db
} dependentFilePath:C:\Users\aksha\go\pkg\mod\github.com\jinzhu\gorm@v1.9.12\main.go importString:package github.com/jinzhu/gorm
}
2025/02/14 16:36:11 Split github.com/jinzhu/gorm.DB.Find into github.com/jinzhu/gorm and DB.Find:
2025/02/14 16:36:11 Found definition for github.com/jinzhu/gorm|DB.Find|func, cache results {definition:func (s *DB) Find(out interface{}, where ...interface{}) *DB {
	return s.NewScope(out).inlineCondition(where...).callCallbacks(s.parent.callbacks.queries).db
} dependentFilePath:C:\Users\aksha\go\pkg\mod\github.com\jinzhu\gorm@v1.9.12\main.go importString:package github.com/jinzhu/gorm
}
2025/02/14 16:36:11 Split github.com/jinzhu/gorm.DB.Where into github.com/jinzhu/gorm and DB.Where:
2025/02/14 16:36:11 Found definition for github.com/jinzhu/gorm|DB.Where|func, cache results {definition:func (s *DB) Where(query interface{}, args ...interface{}) *DB {
	return s.clone().search.Where(query, args...).db
} dependentFilePath:C:\Users\aksha\go\pkg\mod\github.com\jinzhu\gorm@v1.9.12\main.go importString:package github.com/jinzhu/gorm
}
2025/02/14 16:36:11 Split github.com/raahii/golang-grpc-realworld-example/store.ArticleStore into github.com/raahii/golang-grpc-realworld-example/store and ArticleStore:
2025/02/14 16:36:11 Found definition for github.com/raahii/golang-grpc-realworld-example/store|ArticleStore|struct, cache results {definition:type ArticleStore struct {
	db *gorm.DB
} dependentFilePath:C:\var\tmp\Roost\RoostGPT\golang-1\ece53592-7de3-4391-a2fb-0d6935272614\source\golang-grpc-realworld-example\store\article.go importString:package github.com/raahii/golang-grpc-realworld-example/store
import (
	"github.com/jinzhu/gorm"
	"github.com/raahii/golang-grpc-realworld-example/model"
)
}
2025/02/14 16:36:11 Split github.com/jinzhu/gorm.SQLCommon into github.com/jinzhu/gorm and SQLCommon:
2025/02/14 16:36:11 Found definition for github.com/jinzhu/gorm|SQLCommon|struct, cache results {definition:type SQLCommon interface {
	Exec(query string, args ...interface{}) (sql.Result, error)
	Prepare(query string) (*sql.Stmt, error)
	Query(query string, args ...interface{}) (*sql.Rows, error)
	QueryRow(query string, args ...interface{}) *sql.Row
} dependentFilePath:C:\Users\aksha\go\pkg\mod\github.com\jinzhu\gorm@v1.9.12\interface.go importString:package github.com/jinzhu/gorm
}
2025/02/14 16:36:11 Split github.com/jinzhu/gorm.search into github.com/jinzhu/gorm and search:
2025/02/14 16:36:11 Found definition for github.com/jinzhu/gorm|search|struct, cache results {definition:type search struct {
	db               *DB
	whereConditions  []map[string]interface{}
	orConditions     []map[string]interface{}
	notConditions    []map[string]interface{}
	havingConditions []map[string]interface{}
	joinConditions   []map[string]interface{}
	initAttrs        []interface{}
	assignAttrs      []interface{}
	selects          map[string]interface{}
	omits            []string
	orders           []interface{}
	preload          []searchPreload
	offset           interface{}
	limit            interface{}
	group            string
	tableName        string
	raw              bool
	Unscoped         bool
	ignoreOrderQuery bool
} dependentFilePath:C:\Users\aksha\go\pkg\mod\github.com\jinzhu\gorm@v1.9.12\search.go importString:package github.com/jinzhu/gorm
}
2025/02/14 16:36:11 Split github.com/jinzhu/gorm.Callback into github.com/jinzhu/gorm and Callback:
2025/02/14 16:36:11 Found definition for github.com/jinzhu/gorm|Callback|struct, cache results {definition:type Callback struct {
	logger     logger
	creates    []*func(scope *Scope)
	updates    []*func(scope *Scope)
	deletes    []*func(scope *Scope)
	queries    []*func(scope *Scope)
	rowQueries []*func(scope *Scope)
	processors []*CallbackProcessor
} dependentFilePath:C:\Users\aksha\go\pkg\mod\github.com\jinzhu\gorm@v1.9.12\callback.go importString:package github.com/jinzhu/gorm
}
2025/02/14 16:36:11 Split github.com/jinzhu/gorm.Dialect into github.com/jinzhu/gorm and Dialect:
2025/02/14 16:36:11 Found definition for github.com/jinzhu/gorm|Dialect|struct, cache results {definition:type Dialect interface {
	// GetName get dialect's name
	GetName() string

	// SetDB set db for dialect
	SetDB(db SQLCommon)

	// BindVar return the placeholder for actual values in SQL statements, in many dbs it is "?", Postgres using $1
	BindVar(i int) string
	// Quote quotes field name to avoid SQL parsing exceptions by using a reserved word as a field name
	Quote(key string) string
	// DataTypeOf return data's sql type
	DataTypeOf(field *StructField) string

	// HasIndex check has index or not
	HasIndex(tableName string, indexName string) bool
	// HasForeignKey check has foreign key or not
	HasForeignKey(tableName string, foreignKeyName string) bool
	// RemoveIndex remove index
	RemoveIndex(tableName string, indexName string) error
	// HasTable check has table or not
	HasTable(tableName string) bool
	// HasColumn check has column or not
	HasColumn(tableName string, columnName string) bool
	// ModifyColumn modify column's type
	ModifyColumn(tableName string, columnName string, typ string) error

	// LimitAndOffsetSQL return generated SQL with Limit and Offset, as mssql has special case
	LimitAndOffsetSQL(limit, offset interface{}) (string, error)
	// SelectFromDummyTable return select values, for most dbs, `SELECT values` just works, mysql needs `SELECT value FROM DUAL`
	SelectFromDummyTable() string
	// LastInsertIDOutputInterstitial most dbs support LastInsertId, but mssql needs to use `OUTPUT`
	LastInsertIDOutputInterstitial(tableName, columnName string, columns []string) string
	// LastInsertIdReturningSuffix most dbs support LastInsertId, but postgres needs to use `RETURNING`
	LastInsertIDReturningSuffix(tableName, columnName string) string
	// DefaultValueStr
	DefaultValueStr() string

	// BuildKeyName returns a valid key name (foreign key, index key) for the given table, field and reference
	BuildKeyName(kind, tableName string, fields ...string) string

	// NormalizeIndexAndColumn returns valid index name and column name depending on each dialect
	NormalizeIndexAndColumn(indexName, columnName string) (string, string)

	// CurrentDatabase return current database name
	CurrentDatabase() string
} dependentFilePath:C:\Users\aksha\go\pkg\mod\github.com\jinzhu\gorm@v1.9.12\dialect.go importString:package github.com/jinzhu/gorm
}
2025/02/14 16:36:11 Split github.com/jinzhu/gorm.Model into github.com/jinzhu/gorm and Model:
2025/02/14 16:36:11 Found definition for github.com/jinzhu/gorm|Model|struct, cache results {definition:type Model struct {
	ID        uint `gorm:"primary_key"`
	CreatedAt time.Time
	UpdatedAt time.Time
	DeletedAt *time.Time `sql:"index"`
} dependentFilePath:C:\Users\aksha\go\pkg\mod\github.com\jinzhu\gorm@v1.9.12\model.go importString:package github.com/jinzhu/gorm
}
2025/02/14 16:36:11 Split github.com/raahii/golang-grpc-realworld-example/model.User into github.com/raahii/golang-grpc-realworld-example/model and User:
2025/02/14 16:36:11 Found definition for github.com/raahii/golang-grpc-realworld-example/model|User|struct, cache results {definition:type User struct {
	gorm.Model
	Username         string    `gorm:"unique_index;not null"`
	Email            string    `gorm:"unique_index;not null"`
	Password         string    `gorm:"not null"`
	Bio              string    `gorm:"not null"`
	Image            string    `gorm:"not null"`
	Follows          []User    `gorm:"many2many:follows;jointable_foreignkey:from_user_id;association_jointable_foreignkey:to_user_id"`
	FavoriteArticles []Article `gorm:"many2many:favorite_articles;"`
} dependentFilePath:C:\var\tmp\Roost\RoostGPT\golang-1\ece53592-7de3-4391-a2fb-0d6935272614\source\golang-grpc-realworld-example\model\user.go importString:package github.com/raahii/golang-grpc-realworld-example/model
import (
	validation "github.com/go-ozzo/ozzo-validation"
	"github.com/go-ozzo/ozzo-validation/is"
	"github.com/jinzhu/gorm"
	pb "github.com/raahii/golang-grpc-realworld-example/proto"
	"golang.org/x/crypto/bcrypt"
)
}
2025/02/14 16:36:11 Split github.com/jinzhu/gorm.DB into github.com/jinzhu/gorm and DB:
2025/02/14 16:36:11 Found definition for github.com/jinzhu/gorm|DB|struct, cache results {definition:type DB struct {
	sync.RWMutex
	Value        interface{}
	Error        error
	RowsAffected int64

	// single db
	db                SQLCommon
	blockGlobalUpdate bool
	logMode           logModeValue
	logger            logger
	search            *search
	values            sync.Map

	// global db
	parent        *DB
	callbacks     *Callback
	dialect       Dialect
	singularTable bool

	// function to be used to override the creating of a new timestamp
	nowFuncOverride func() time.Time
} dependentFilePath:C:\Users\aksha\go\pkg\mod\github.com\jinzhu\gorm@v1.9.12\main.go importString:package github.com/jinzhu/gorm
}
2025/02/14 16:36:11 Split github.com/jinzhu/gorm.logModeValue into github.com/jinzhu/gorm and logModeValue:
2025/02/14 16:36:11 Found definition for github.com/jinzhu/gorm|logModeValue|struct, cache results {definition:type logModeValue int

const (
	defaultLogMode logModeValue = iota
	noLogMode
	detailedLogMode
) dependentFilePath:C:\Users\aksha\go\pkg\mod\github.com\jinzhu\gorm@v1.9.12\main.go importString:package github.com/jinzhu/gorm
}
2025/02/14 16:36:11 Split github.com/jinzhu/gorm.logger into github.com/jinzhu/gorm and logger:
2025/02/14 16:36:11 Found definition for github.com/jinzhu/gorm|logger|struct, cache results {definition:type logger interface {
	Print(v ...interface{})
} dependentFilePath:C:\Users\aksha\go\pkg\mod\github.com\jinzhu\gorm@v1.9.12\logger.go importString:package github.com/jinzhu/gorm
}
2025/02/14 16:36:11 Split github.com/raahii/golang-grpc-realworld-example/model.Article into github.com/raahii/golang-grpc-realworld-example/model and Article:
2025/02/14 16:36:11 Found definition for github.com/raahii/golang-grpc-realworld-example/model|Article|struct, cache results {definition:type Article struct {
	gorm.Model
	Title          string `gorm:"not null"`
	Description    string `gorm:"not null"`
	Body           string `gorm:"not null"`
	Tags           []Tag  `gorm:"many2many:article_tags"`
	Author         User   `gorm:"foreignkey:UserID"`
	UserID         uint   `gorm:"not null"`
	FavoritesCount int32  `gorm:"not null;default=0"`
	FavoritedUsers []User `gorm:"many2many:favorite_articles"`
	Comments       []Comment
} dependentFilePath:C:\var\tmp\Roost\RoostGPT\golang-1\ece53592-7de3-4391-a2fb-0d6935272614\source\golang-grpc-realworld-example\model\article.go importString:package github.com/raahii/golang-grpc-realworld-example/model
import (
	validation "github.com/go-ozzo/ozzo-validation"
	"github.com/jinzhu/gorm"
	pb "github.com/raahii/golang-grpc-realworld-example/proto"
)
}
2025/02/14 16:36:11 Split github.com/raahii/golang-grpc-realworld-example/model.Tag into github.com/raahii/golang-grpc-realworld-example/model and Tag:
2025/02/14 16:36:11 Found definition for github.com/raahii/golang-grpc-realworld-example/model|Tag|struct, cache results {definition:type Tag struct {
	gorm.Model
	Name string `gorm:"not null"`
} dependentFilePath:C:\var\tmp\Roost\RoostGPT\golang-1\ece53592-7de3-4391-a2fb-0d6935272614\source\golang-grpc-realworld-example\model\article.go importString:package github.com/raahii/golang-grpc-realworld-example/model
import (
	validation "github.com/go-ozzo/ozzo-validation"
	"github.com/jinzhu/gorm"
	pb "github.com/raahii/golang-grpc-realworld-example/proto"
)
}
2025/02/14 16:36:11 Split github.com/raahii/golang-grpc-realworld-example/model.Comment into github.com/raahii/golang-grpc-realworld-example/model and Comment:
2025/02/14 16:36:11 Found definition for github.com/raahii/golang-grpc-realworld-example/model|Comment|struct, cache results {definition:type Comment struct {
	gorm.Model
	Body      string `gorm:"not null"`
	UserID    uint   `gorm:"not null"`
	Author    User   `gorm:"foreignkey:UserID"`
	ArticleID uint   `gorm:"not null"`
	Article   Article
} dependentFilePath:C:\var\tmp\Roost\RoostGPT\golang-1\ece53592-7de3-4391-a2fb-0d6935272614\source\golang-grpc-realworld-example\model\comment.go importString:package github.com/raahii/golang-grpc-realworld-example/model
import (
	validation "github.com/go-ozzo/ozzo-validation"
	"github.com/jinzhu/gorm"
	pb "github.com/raahii/golang-grpc-realworld-example/proto"
)
}
2025/02/14 16:36:11 Analyzing function: Delete in file: C:\var\tmp\Roost\RoostGPT\golang-1\ece53592-7de3-4391-a2fb-0d6935272614\source\golang-grpc-realworld-example\store\article.go
2025/02/14 16:36:11 Expr: &{Star:14972551 X:ArticleStore}: type of expression is &types.Pointer{base:(*types.Named)(0xc014479490)}; Resolved type: *github.com/raahii/golang-grpc-realworld-example/store.ArticleStore; Out: [github.com/raahii/golang-grpc-realworld-example/store.ArticleStore]
2025/02/14 16:36:11 Recording and checking type: github.com/raahii/golang-grpc-realworld-example/store.ArticleStore
2025/02/14 16:36:11 Processing struct: github.com/raahii/golang-grpc-realworld-example/store.ArticleStore with 1 fields
2025/02/14 16:36:11 Recording and checking type: github.com/jinzhu/gorm.DB
2025/02/14 16:36:11 Processing struct: github.com/jinzhu/gorm.DB with 15 fields
2025/02/14 16:36:11 Recording and checking type: github.com/jinzhu/gorm.SQLCommon
2025/02/14 16:36:11 Underlying type is not a struct for: github.com/jinzhu/gorm.SQLCommon
2025/02/14 16:36:11 Recording and checking type: github.com/jinzhu/gorm.logModeValue
2025/02/14 16:36:11 Underlying type is not a struct for: github.com/jinzhu/gorm.logModeValue
2025/02/14 16:36:11 Recording and checking type: github.com/jinzhu/gorm.logger
2025/02/14 16:36:11 Underlying type is not a struct for: github.com/jinzhu/gorm.logger
2025/02/14 16:36:11 Recording and checking type: github.com/jinzhu/gorm.search
2025/02/14 16:36:11 Processing struct: github.com/jinzhu/gorm.search with 19 fields
2025/02/14 16:36:11 Recording and checking type: github.com/jinzhu/gorm.Callback
2025/02/14 16:36:11 Processing struct: github.com/jinzhu/gorm.Callback with 7 fields
2025/02/14 16:36:11 Recording and checking type: github.com/jinzhu/gorm.Dialect
2025/02/14 16:36:11 Underlying type is not a struct for: github.com/jinzhu/gorm.Dialect
2025/02/14 16:36:11 Expr: &{Star:14972575 X:0xc01eb42a20}: type of expression is &types.Pointer{base:(*types.Named)(0xc017970d20)}; Resolved type: *github.com/raahii/golang-grpc-realworld-example/model.Article; Out: [github.com/raahii/golang-grpc-realworld-example/model.Article]
2025/02/14 16:36:11 Collected field type: github.com/raahii/golang-grpc-realworld-example/model.Article
2025/02/14 16:36:11 Recording and checking type: github.com/raahii/golang-grpc-realworld-example/model.Article
2025/02/14 16:36:11 Processing struct: github.com/raahii/golang-grpc-realworld-example/model.Article with 10 fields
2025/02/14 16:36:11 Recording and checking type: github.com/jinzhu/gorm.Model
2025/02/14 16:36:11 Processing struct: github.com/jinzhu/gorm.Model with 4 fields
2025/02/14 16:36:11 Recording and checking type: github.com/raahii/golang-grpc-realworld-example/model.Tag
2025/02/14 16:36:11 Processing struct: github.com/raahii/golang-grpc-realworld-example/model.Tag with 2 fields
2025/02/14 16:36:11 Recording and checking type: github.com/raahii/golang-grpc-realworld-example/model.User
2025/02/14 16:36:11 Processing struct: github.com/raahii/golang-grpc-realworld-example/model.User with 8 fields
2025/02/14 16:36:11 Recording and checking type: github.com/raahii/golang-grpc-realworld-example/model.Comment
2025/02/14 16:36:11 Processing struct: github.com/raahii/golang-grpc-realworld-example/model.Comment with 6 fields
2025/02/14 16:36:11 Expr: error: type of expression is &types.Named{check:(*types.Checker)(nil), obj:(*types.TypeName)(0xc00006ca00), fromRHS:(*types.Interface)(0xc00006ca50), inst:(*types.instance)(nil), mu:sync.Mutex{state:0, sema:0x0}, state_:0x2, underlying:(*types.Interface)(0xc00006ca50), tparams:(*types.TypeParamList)(nil), methods:[]*types.Func(nil), loader:(func(*types.Named) ([]*types.TypeParam, types.Type, []*types.Func))(nil)}; Resolved type: error; Out: []
2025/02/14 16:36:11 Expr: s: type of expression is &types.Pointer{base:(*types.Named)(0xc014479490)}; Resolved type: *github.com/raahii/golang-grpc-realworld-example/store.ArticleStore; Out: [github.com/raahii/golang-grpc-realworld-example/store.ArticleStore]
2025/02/14 16:36:11 Already collected type: github.com/raahii/golang-grpc-realworld-example/store.ArticleStore. Current structs: [github.com/raahii/golang-grpc-realworld-example/store.ArticleStore github.com/jinzhu/gorm.DB github.com/jinzhu/gorm.SQLCommon github.com/jinzhu/gorm.logModeValue github.com/jinzhu/gorm.logger github.com/jinzhu/gorm.search github.com/jinzhu/gorm.Callback github.com/jinzhu/gorm.Dialect github.com/raahii/golang-grpc-realworld-example/model.Article github.com/jinzhu/gorm.Model github.com/raahii/golang-grpc-realworld-example/model.Tag github.com/raahii/golang-grpc-realworld-example/model.User github.com/raahii/golang-grpc-realworld-example/model.Comment]
2025/02/14 16:36:11 Expr: db: type of expression is &types.Pointer{base:(*types.Named)(0xc0134725b0)}; Resolved type: *github.com/jinzhu/gorm.DB; Out: [github.com/jinzhu/gorm.DB]
2025/02/14 16:36:11 Already collected type: github.com/jinzhu/gorm.DB. Current structs: [github.com/raahii/golang-grpc-realworld-example/store.ArticleStore github.com/jinzhu/gorm.DB github.com/jinzhu/gorm.SQLCommon github.com/jinzhu/gorm.logModeValue github.com/jinzhu/gorm.logger github.com/jinzhu/gorm.search github.com/jinzhu/gorm.Callback github.com/jinzhu/gorm.Dialect github.com/raahii/golang-grpc-realworld-example/model.Article github.com/jinzhu/gorm.Model github.com/raahii/golang-grpc-realworld-example/model.Tag github.com/raahii/golang-grpc-realworld-example/model.User github.com/raahii/golang-grpc-realworld-example/model.Comment]
2025/02/14 16:36:11 Expr: Delete: type of expression is &types.Signature{rparams:(*types.TypeParamList)(nil), tparams:(*types.TypeParamList)(nil), scope:(*types.Scope)(0xc014e91bc0), recv:(*types.Var)(0xc014e91c80), params:(*types.Tuple)(0xc014b83d28), results:(*types.Tuple)(0xc014b83d40), variadic:true}; Resolved type: func(value interface{}, where ...interface{}) *github.com/jinzhu/gorm.DB; Out: []
2025/02/14 16:36:11 Expr: m: type of expression is &types.Pointer{base:(*types.Named)(0xc017970d20)}; Resolved type: *github.com/raahii/golang-grpc-realworld-example/model.Article; Out: [github.com/raahii/golang-grpc-realworld-example/model.Article]
2025/02/14 16:36:11 Already collected type: github.com/raahii/golang-grpc-realworld-example/model.Article. Current structs: [github.com/raahii/golang-grpc-realworld-example/store.ArticleStore github.com/jinzhu/gorm.DB github.com/jinzhu/gorm.SQLCommon github.com/jinzhu/gorm.logModeValue github.com/jinzhu/gorm.logger github.com/jinzhu/gorm.search github.com/jinzhu/gorm.Callback github.com/jinzhu/gorm.Dialect github.com/raahii/golang-grpc-realworld-example/model.Article github.com/jinzhu/gorm.Model github.com/raahii/golang-grpc-realworld-example/model.Tag github.com/raahii/golang-grpc-realworld-example/model.User github.com/raahii/golang-grpc-realworld-example/model.Comment]
2025/02/14 16:36:11 Expr: Error: type of expression is &types.Named{check:(*types.Checker)(nil), obj:(*types.TypeName)(0xc00006ca00), fromRHS:(*types.Interface)(0xc00006ca50), inst:(*types.instance)(nil), mu:sync.Mutex{state:0, sema:0x0}, state_:0x2, underlying:(*types.Interface)(0xc00006ca50), tparams:(*types.TypeParamList)(nil), methods:[]*types.Func(nil), loader:(func(*types.Named) ([]*types.TypeParam, types.Type, []*types.Func))(nil)}; Resolved type: error; Out: []
2025/02/14 16:36:11 Receiver type: *github.com/jinzhu/gorm.DB
2025/02/14 16:36:11 Found selector function call: github.com/jinzhu/gorm.DB.Delete, current functions list: []
2025/02/14 16:36:11 Split github.com/jinzhu/gorm.DB.Delete into github.com/jinzhu/gorm and DB.Delete:
2025/02/14 16:36:11 Split github.com/jinzhu/gorm.DB.Delete into github.com/jinzhu/gorm and DB.Delete:
2025/02/14 16:36:11 name is DB.Delete with search type func 
2025/02/14 16:36:11 Entering: loadAndHandlePackage for github.com/jinzhu/gorm
2025/02/14 16:36:13 Exiting: loadAndHandlePackage for github.com/jinzhu/gorm
2025/02/14 16:36:13 Stored for github.com/jinzhu/gorm|DB.Delete|func, cache results {definition: dependentFilePath: importString:}
2025/02/14 16:36:13 Split github.com/raahii/golang-grpc-realworld-example/store.ArticleStore into github.com/raahii/golang-grpc-realworld-example/store and ArticleStore:
2025/02/14 16:36:13 Found definition for github.com/raahii/golang-grpc-realworld-example/store|ArticleStore|struct, cache results {definition:type ArticleStore struct {
	db *gorm.DB
} dependentFilePath:C:\var\tmp\Roost\RoostGPT\golang-1\ece53592-7de3-4391-a2fb-0d6935272614\source\golang-grpc-realworld-example\store\article.go importString:package github.com/raahii/golang-grpc-realworld-example/store
import (
	"github.com/jinzhu/gorm"
	"github.com/raahii/golang-grpc-realworld-example/model"
)
}
2025/02/14 16:36:13 Split github.com/jinzhu/gorm.DB into github.com/jinzhu/gorm and DB:
2025/02/14 16:36:13 Found definition for github.com/jinzhu/gorm|DB|struct, cache results {definition:type DB struct {
	sync.RWMutex
	Value        interface{}
	Error        error
	RowsAffected int64

	// single db
	db                SQLCommon
	blockGlobalUpdate bool
	logMode           logModeValue
	logger            logger
	search            *search
	values            sync.Map

	// global db
	parent        *DB
	callbacks     *Callback
	dialect       Dialect
	singularTable bool

	// function to be used to override the creating of a new timestamp
	nowFuncOverride func() time.Time
} dependentFilePath:C:\Users\aksha\go\pkg\mod\github.com\jinzhu\gorm@v1.9.12\main.go importString:package github.com/jinzhu/gorm
}
2025/02/14 16:36:13 Split github.com/jinzhu/gorm.SQLCommon into github.com/jinzhu/gorm and SQLCommon:
2025/02/14 16:36:13 Found definition for github.com/jinzhu/gorm|SQLCommon|struct, cache results {definition:type SQLCommon interface {
	Exec(query string, args ...interface{}) (sql.Result, error)
	Prepare(query string) (*sql.Stmt, error)
	Query(query string, args ...interface{}) (*sql.Rows, error)
	QueryRow(query string, args ...interface{}) *sql.Row
} dependentFilePath:C:\Users\aksha\go\pkg\mod\github.com\jinzhu\gorm@v1.9.12\interface.go importString:package github.com/jinzhu/gorm
}
2025/02/14 16:36:13 Split github.com/jinzhu/gorm.logModeValue into github.com/jinzhu/gorm and logModeValue:
2025/02/14 16:36:13 Found definition for github.com/jinzhu/gorm|logModeValue|struct, cache results {definition:type logModeValue int

const (
	defaultLogMode logModeValue = iota
	noLogMode
	detailedLogMode
) dependentFilePath:C:\Users\aksha\go\pkg\mod\github.com\jinzhu\gorm@v1.9.12\main.go importString:package github.com/jinzhu/gorm
}
2025/02/14 16:36:13 Split github.com/jinzhu/gorm.logger into github.com/jinzhu/gorm and logger:
2025/02/14 16:36:13 Found definition for github.com/jinzhu/gorm|logger|struct, cache results {definition:type logger interface {
	Print(v ...interface{})
} dependentFilePath:C:\Users\aksha\go\pkg\mod\github.com\jinzhu\gorm@v1.9.12\logger.go importString:package github.com/jinzhu/gorm
}
2025/02/14 16:36:13 Split github.com/jinzhu/gorm.Dialect into github.com/jinzhu/gorm and Dialect:
2025/02/14 16:36:13 Found definition for github.com/jinzhu/gorm|Dialect|struct, cache results {definition:type Dialect interface {
	// GetName get dialect's name
	GetName() string

	// SetDB set db for dialect
	SetDB(db SQLCommon)

	// BindVar return the placeholder for actual values in SQL statements, in many dbs it is "?", Postgres using $1
	BindVar(i int) string
	// Quote quotes field name to avoid SQL parsing exceptions by using a reserved word as a field name
	Quote(key string) string
	// DataTypeOf return data's sql type
	DataTypeOf(field *StructField) string

	// HasIndex check has index or not
	HasIndex(tableName string, indexName string) bool
	// HasForeignKey check has foreign key or not
	HasForeignKey(tableName string, foreignKeyName string) bool
	// RemoveIndex remove index
	RemoveIndex(tableName string, indexName string) error
	// HasTable check has table or not
	HasTable(tableName string) bool
	// HasColumn check has column or not
	HasColumn(tableName string, columnName string) bool
	// ModifyColumn modify column's type
	ModifyColumn(tableName string, columnName string, typ string) error

	// LimitAndOffsetSQL return generated SQL with Limit and Offset, as mssql has special case
	LimitAndOffsetSQL(limit, offset interface{}) (string, error)
	// SelectFromDummyTable return select values, for most dbs, `SELECT values` just works, mysql needs `SELECT value FROM DUAL`
	SelectFromDummyTable() string
	// LastInsertIDOutputInterstitial most dbs support LastInsertId, but mssql needs to use `OUTPUT`
	LastInsertIDOutputInterstitial(tableName, columnName string, columns []string) string
	// LastInsertIdReturningSuffix most dbs support LastInsertId, but postgres needs to use `RETURNING`
	LastInsertIDReturningSuffix(tableName, columnName string) string
	// DefaultValueStr
	DefaultValueStr() string

	// BuildKeyName returns a valid key name (foreign key, index key) for the given table, field and reference
	BuildKeyName(kind, tableName string, fields ...string) string

	// NormalizeIndexAndColumn returns valid index name and column name depending on each dialect
	NormalizeIndexAndColumn(indexName, columnName string) (string, string)

	// CurrentDatabase return current database name
	CurrentDatabase() string
} dependentFilePath:C:\Users\aksha\go\pkg\mod\github.com\jinzhu\gorm@v1.9.12\dialect.go importString:package github.com/jinzhu/gorm
}
2025/02/14 16:36:13 Split github.com/raahii/golang-grpc-realworld-example/model.Article into github.com/raahii/golang-grpc-realworld-example/model and Article:
2025/02/14 16:36:13 Found definition for github.com/raahii/golang-grpc-realworld-example/model|Article|struct, cache results {definition:type Article struct {
	gorm.Model
	Title          string `gorm:"not null"`
	Description    string `gorm:"not null"`
	Body           string `gorm:"not null"`
	Tags           []Tag  `gorm:"many2many:article_tags"`
	Author         User   `gorm:"foreignkey:UserID"`
	UserID         uint   `gorm:"not null"`
	FavoritesCount int32  `gorm:"not null;default=0"`
	FavoritedUsers []User `gorm:"many2many:favorite_articles"`
	Comments       []Comment
} dependentFilePath:C:\var\tmp\Roost\RoostGPT\golang-1\ece53592-7de3-4391-a2fb-0d6935272614\source\golang-grpc-realworld-example\model\article.go importString:package github.com/raahii/golang-grpc-realworld-example/model
import (
	validation "github.com/go-ozzo/ozzo-validation"
	"github.com/jinzhu/gorm"
	pb "github.com/raahii/golang-grpc-realworld-example/proto"
)
}
2025/02/14 16:36:13 Split github.com/jinzhu/gorm.Model into github.com/jinzhu/gorm and Model:
2025/02/14 16:36:13 Found definition for github.com/jinzhu/gorm|Model|struct, cache results {definition:type Model struct {
	ID        uint `gorm:"primary_key"`
	CreatedAt time.Time
	UpdatedAt time.Time
	DeletedAt *time.Time `sql:"index"`
} dependentFilePath:C:\Users\aksha\go\pkg\mod\github.com\jinzhu\gorm@v1.9.12\model.go importString:package github.com/jinzhu/gorm
}
2025/02/14 16:36:13 Split github.com/raahii/golang-grpc-realworld-example/model.Tag into github.com/raahii/golang-grpc-realworld-example/model and Tag:
2025/02/14 16:36:13 Found definition for github.com/raahii/golang-grpc-realworld-example/model|Tag|struct, cache results {definition:type Tag struct {
	gorm.Model
	Name string `gorm:"not null"`
} dependentFilePath:C:\var\tmp\Roost\RoostGPT\golang-1\ece53592-7de3-4391-a2fb-0d6935272614\source\golang-grpc-realworld-example\model\article.go importString:package github.com/raahii/golang-grpc-realworld-example/model
import (
	validation "github.com/go-ozzo/ozzo-validation"
	"github.com/jinzhu/gorm"
	pb "github.com/raahii/golang-grpc-realworld-example/proto"
)
}
2025/02/14 16:36:13 Split github.com/jinzhu/gorm.search into github.com/jinzhu/gorm and search:
2025/02/14 16:36:13 Found definition for github.com/jinzhu/gorm|search|struct, cache results {definition:type search struct {
	db               *DB
	whereConditions  []map[string]interface{}
	orConditions     []map[string]interface{}
	notConditions    []map[string]interface{}
	havingConditions []map[string]interface{}
	joinConditions   []map[string]interface{}
	initAttrs        []interface{}
	assignAttrs      []interface{}
	selects          map[string]interface{}
	omits            []string
	orders           []interface{}
	preload          []searchPreload
	offset           interface{}
	limit            interface{}
	group            string
	tableName        string
	raw              bool
	Unscoped         bool
	ignoreOrderQuery bool
} dependentFilePath:C:\Users\aksha\go\pkg\mod\github.com\jinzhu\gorm@v1.9.12\search.go importString:package github.com/jinzhu/gorm
}
2025/02/14 16:36:13 Split github.com/jinzhu/gorm.Callback into github.com/jinzhu/gorm and Callback:
2025/02/14 16:36:13 Found definition for github.com/jinzhu/gorm|Callback|struct, cache results {definition:type Callback struct {
	logger     logger
	creates    []*func(scope *Scope)
	updates    []*func(scope *Scope)
	deletes    []*func(scope *Scope)
	queries    []*func(scope *Scope)
	rowQueries []*func(scope *Scope)
	processors []*CallbackProcessor
} dependentFilePath:C:\Users\aksha\go\pkg\mod\github.com\jinzhu\gorm@v1.9.12\callback.go importString:package github.com/jinzhu/gorm
}
2025/02/14 16:36:13 Split github.com/raahii/golang-grpc-realworld-example/model.User into github.com/raahii/golang-grpc-realworld-example/model and User:
2025/02/14 16:36:13 Found definition for github.com/raahii/golang-grpc-realworld-example/model|User|struct, cache results {definition:type User struct {
	gorm.Model
	Username         string    `gorm:"unique_index;not null"`
	Email            string    `gorm:"unique_index;not null"`
	Password         string    `gorm:"not null"`
	Bio              string    `gorm:"not null"`
	Image            string    `gorm:"not null"`
	Follows          []User    `gorm:"many2many:follows;jointable_foreignkey:from_user_id;association_jointable_foreignkey:to_user_id"`
	FavoriteArticles []Article `gorm:"many2many:favorite_articles;"`
} dependentFilePath:C:\var\tmp\Roost\RoostGPT\golang-1\ece53592-7de3-4391-a2fb-0d6935272614\source\golang-grpc-realworld-example\model\user.go importString:package github.com/raahii/golang-grpc-realworld-example/model
import (
	validation "github.com/go-ozzo/ozzo-validation"
	"github.com/go-ozzo/ozzo-validation/is"
	"github.com/jinzhu/gorm"
	pb "github.com/raahii/golang-grpc-realworld-example/proto"
	"golang.org/x/crypto/bcrypt"
)
}
2025/02/14 16:36:13 Split github.com/raahii/golang-grpc-realworld-example/model.Comment into github.com/raahii/golang-grpc-realworld-example/model and Comment:
2025/02/14 16:36:13 Found definition for github.com/raahii/golang-grpc-realworld-example/model|Comment|struct, cache results {definition:type Comment struct {
	gorm.Model
	Body      string `gorm:"not null"`
	UserID    uint   `gorm:"not null"`
	Author    User   `gorm:"foreignkey:UserID"`
	ArticleID uint   `gorm:"not null"`
	Article   Article
} dependentFilePath:C:\var\tmp\Roost\RoostGPT\golang-1\ece53592-7de3-4391-a2fb-0d6935272614\source\golang-grpc-realworld-example\model\comment.go importString:package github.com/raahii/golang-grpc-realworld-example/model
import (
	validation "github.com/go-ozzo/ozzo-validation"
	"github.com/jinzhu/gorm"
	pb "github.com/raahii/golang-grpc-realworld-example/proto"
)
}
2025/02/14 16:36:13 Analyzing function: IsFavorited in file: C:\var\tmp\Roost\RoostGPT\golang-1\ece53592-7de3-4391-a2fb-0d6935272614\source\golang-grpc-realworld-example\store\article.go
2025/02/14 16:36:13 Expr: &{Star:14972707 X:ArticleStore}: type of expression is &types.Pointer{base:(*types.Named)(0xc014479490)}; Resolved type: *github.com/raahii/golang-grpc-realworld-example/store.ArticleStore; Out: [github.com/raahii/golang-grpc-realworld-example/store.ArticleStore]
2025/02/14 16:36:13 Recording and checking type: github.com/raahii/golang-grpc-realworld-example/store.ArticleStore
2025/02/14 16:36:13 Processing struct: github.com/raahii/golang-grpc-realworld-example/store.ArticleStore with 1 fields
2025/02/14 16:36:13 Recording and checking type: github.com/jinzhu/gorm.DB
2025/02/14 16:36:13 Processing struct: github.com/jinzhu/gorm.DB with 15 fields
2025/02/14 16:36:13 Recording and checking type: github.com/jinzhu/gorm.SQLCommon
2025/02/14 16:36:13 Underlying type is not a struct for: github.com/jinzhu/gorm.SQLCommon
2025/02/14 16:36:13 Recording and checking type: github.com/jinzhu/gorm.logModeValue
2025/02/14 16:36:13 Underlying type is not a struct for: github.com/jinzhu/gorm.logModeValue
2025/02/14 16:36:13 Recording and checking type: github.com/jinzhu/gorm.logger
2025/02/14 16:36:13 Underlying type is not a struct for: github.com/jinzhu/gorm.logger
2025/02/14 16:36:13 Recording and checking type: github.com/jinzhu/gorm.search
2025/02/14 16:36:13 Processing struct: github.com/jinzhu/gorm.search with 19 fields
2025/02/14 16:36:13 Recording and checking type: github.com/jinzhu/gorm.Callback
2025/02/14 16:36:13 Processing struct: github.com/jinzhu/gorm.Callback with 7 fields
2025/02/14 16:36:13 Recording and checking type: github.com/jinzhu/gorm.Dialect
2025/02/14 16:36:13 Underlying type is not a struct for: github.com/jinzhu/gorm.Dialect
2025/02/14 16:36:13 Expr: &{Star:14972736 X:0xc01eb42b10}: type of expression is &types.Pointer{base:(*types.Named)(0xc017970d20)}; Resolved type: *github.com/raahii/golang-grpc-realworld-example/model.Article; Out: [github.com/raahii/golang-grpc-realworld-example/model.Article]
2025/02/14 16:36:13 Collected field type: github.com/raahii/golang-grpc-realworld-example/model.Article
2025/02/14 16:36:13 Expr: &{Star:14972754 X:0xc01eb42b58}: type of expression is &types.Pointer{base:(*types.Named)(0xc017970e00)}; Resolved type: *github.com/raahii/golang-grpc-realworld-example/model.User; Out: [github.com/raahii/golang-grpc-realworld-example/model.User]
2025/02/14 16:36:13 Collected field type: github.com/raahii/golang-grpc-realworld-example/model.User
2025/02/14 16:36:13 Recording and checking type: github.com/raahii/golang-grpc-realworld-example/model.Article
2025/02/14 16:36:13 Processing struct: github.com/raahii/golang-grpc-realworld-example/model.Article with 10 fields
2025/02/14 16:36:13 Recording and checking type: github.com/jinzhu/gorm.Model
2025/02/14 16:36:13 Processing struct: github.com/jinzhu/gorm.Model with 4 fields
2025/02/14 16:36:13 Recording and checking type: github.com/raahii/golang-grpc-realworld-example/model.Tag
2025/02/14 16:36:13 Processing struct: github.com/raahii/golang-grpc-realworld-example/model.Tag with 2 fields
2025/02/14 16:36:13 Recording and checking type: github.com/raahii/golang-grpc-realworld-example/model.User
2025/02/14 16:36:13 Processing struct: github.com/raahii/golang-grpc-realworld-example/model.User with 8 fields
2025/02/14 16:36:13 Recording and checking type: github.com/raahii/golang-grpc-realworld-example/model.Comment
2025/02/14 16:36:13 Processing struct: github.com/raahii/golang-grpc-realworld-example/model.Comment with 6 fields
2025/02/14 16:36:13 Already collected type: github.com/raahii/golang-grpc-realworld-example/model.User. Current structs: [github.com/raahii/golang-grpc-realworld-example/store.ArticleStore github.com/jinzhu/gorm.DB github.com/jinzhu/gorm.SQLCommon github.com/jinzhu/gorm.logModeValue github.com/jinzhu/gorm.logger github.com/jinzhu/gorm.search github.com/jinzhu/gorm.Callback github.com/jinzhu/gorm.Dialect github.com/raahii/golang-grpc-realworld-example/model.Article github.com/jinzhu/gorm.Model github.com/raahii/golang-grpc-realworld-example/model.Tag github.com/raahii/golang-grpc-realworld-example/model.User github.com/raahii/golang-grpc-realworld-example/model.Comment]
2025/02/14 16:36:13 Expr: error: type of expression is &types.Named{check:(*types.Checker)(nil), obj:(*types.TypeName)(0xc00006ca00), fromRHS:(*types.Interface)(0xc00006ca50), inst:(*types.instance)(nil), mu:sync.Mutex{state:0, sema:0x0}, state_:0x2, underlying:(*types.Interface)(0xc00006ca50), tparams:(*types.TypeParamList)(nil), methods:[]*types.Func(nil), loader:(func(*types.Named) ([]*types.TypeParam, types.Type, []*types.Func))(nil)}; Resolved type: error; Out: []
2025/02/14 16:36:13 Expr: a: type of expression is &types.Pointer{base:(*types.Named)(0xc017970d20)}; Resolved type: *github.com/raahii/golang-grpc-realworld-example/model.Article; Out: [github.com/raahii/golang-grpc-realworld-example/model.Article]
2025/02/14 16:36:13 Already collected type: github.com/raahii/golang-grpc-realworld-example/model.Article. Current structs: [github.com/raahii/golang-grpc-realworld-example/store.ArticleStore github.com/jinzhu/gorm.DB github.com/jinzhu/gorm.SQLCommon github.com/jinzhu/gorm.logModeValue github.com/jinzhu/gorm.logger github.com/jinzhu/gorm.search github.com/jinzhu/gorm.Callback github.com/jinzhu/gorm.Dialect github.com/raahii/golang-grpc-realworld-example/model.Article github.com/jinzhu/gorm.Model github.com/raahii/golang-grpc-realworld-example/model.Tag github.com/raahii/golang-grpc-realworld-example/model.User github.com/raahii/golang-grpc-realworld-example/model.Comment]
2025/02/14 16:36:13 Expr: u: type of expression is &types.Pointer{base:(*types.Named)(0xc017970e00)}; Resolved type: *github.com/raahii/golang-grpc-realworld-example/model.User; Out: [github.com/raahii/golang-grpc-realworld-example/model.User]
2025/02/14 16:36:13 Already collected type: github.com/raahii/golang-grpc-realworld-example/model.User. Current structs: [github.com/raahii/golang-grpc-realworld-example/store.ArticleStore github.com/jinzhu/gorm.DB github.com/jinzhu/gorm.SQLCommon github.com/jinzhu/gorm.logModeValue github.com/jinzhu/gorm.logger github.com/jinzhu/gorm.search github.com/jinzhu/gorm.Callback github.com/jinzhu/gorm.Dialect github.com/raahii/golang-grpc-realworld-example/model.Article github.com/jinzhu/gorm.Model github.com/raahii/golang-grpc-realworld-example/model.Tag github.com/raahii/golang-grpc-realworld-example/model.User github.com/raahii/golang-grpc-realworld-example/model.Comment]
2025/02/14 16:36:13 Expr: &{X:0xc00634b3c0 Sel:Error}: type of expression is &types.Named{check:(*types.Checker)(nil), obj:(*types.TypeName)(0xc00006ca00), fromRHS:(*types.Interface)(0xc00006ca50), inst:(*types.instance)(nil), mu:sync.Mutex{state:0, sema:0x0}, state_:0x2, underlying:(*types.Interface)(0xc00006ca50), tparams:(*types.TypeParamList)(nil), methods:[]*types.Func(nil), loader:(func(*types.Named) ([]*types.TypeParam, types.Type, []*types.Func))(nil)}; Resolved type: error; Out: []
2025/02/14 16:36:13 Expr: err: type of expression is &types.Named{check:(*types.Checker)(nil), obj:(*types.TypeName)(0xc00006ca00), fromRHS:(*types.Interface)(0xc00006ca50), inst:(*types.instance)(nil), mu:sync.Mutex{state:0, sema:0x0}, state_:0x2, underlying:(*types.Interface)(0xc00006ca50), tparams:(*types.TypeParamList)(nil), methods:[]*types.Func(nil), loader:(func(*types.Named) ([]*types.TypeParam, types.Type, []*types.Func))(nil)}; Resolved type: error; Out: []
2025/02/14 16:36:13 Expr: s: type of expression is &types.Pointer{base:(*types.Named)(0xc014479490)}; Resolved type: *github.com/raahii/golang-grpc-realworld-example/store.ArticleStore; Out: [github.com/raahii/golang-grpc-realworld-example/store.ArticleStore]
2025/02/14 16:36:13 Already collected type: github.com/raahii/golang-grpc-realworld-example/store.ArticleStore. Current structs: [github.com/raahii/golang-grpc-realworld-example/store.ArticleStore github.com/jinzhu/gorm.DB github.com/jinzhu/gorm.SQLCommon github.com/jinzhu/gorm.logModeValue github.com/jinzhu/gorm.logger github.com/jinzhu/gorm.search github.com/jinzhu/gorm.Callback github.com/jinzhu/gorm.Dialect github.com/raahii/golang-grpc-realworld-example/model.Article github.com/jinzhu/gorm.Model github.com/raahii/golang-grpc-realworld-example/model.Tag github.com/raahii/golang-grpc-realworld-example/model.User github.com/raahii/golang-grpc-realworld-example/model.Comment]
2025/02/14 16:36:13 Expr: db: type of expression is &types.Pointer{base:(*types.Named)(0xc0134725b0)}; Resolved type: *github.com/jinzhu/gorm.DB; Out: [github.com/jinzhu/gorm.DB]
2025/02/14 16:36:13 Already collected type: github.com/jinzhu/gorm.DB. Current structs: [github.com/raahii/golang-grpc-realworld-example/store.ArticleStore github.com/jinzhu/gorm.DB github.com/jinzhu/gorm.SQLCommon github.com/jinzhu/gorm.logModeValue github.com/jinzhu/gorm.logger github.com/jinzhu/gorm.search github.com/jinzhu/gorm.Callback github.com/jinzhu/gorm.Dialect github.com/raahii/golang-grpc-realworld-example/model.Article github.com/jinzhu/gorm.Model github.com/raahii/golang-grpc-realworld-example/model.Tag github.com/raahii/golang-grpc-realworld-example/model.User github.com/raahii/golang-grpc-realworld-example/model.Comment]
2025/02/14 16:36:13 Expr: Table: type of expression is &types.Signature{rparams:(*types.TypeParamList)(nil), tparams:(*types.TypeParamList)(nil), scope:(*types.Scope)(0xc014e964e0), recv:(*types.Var)(0xc014e965a0), params:(*types.Tuple)(0xc014b83de8), results:(*types.Tuple)(0xc014b83e00), variadic:false}; Resolved type: func(name string) *github.com/jinzhu/gorm.DB; Out: []
2025/02/14 16:36:13 Expr: Where: type of expression is &types.Signature{rparams:(*types.TypeParamList)(nil), tparams:(*types.TypeParamList)(nil), scope:(*types.Scope)(0xc014e83200), recv:(*types.Var)(0xc014e832c0), params:(*types.Tuple)(0xc014b836b0), results:(*types.Tuple)(0xc014b836c8), variadic:true}; Resolved type: func(query interface{}, args ...interface{}) *github.com/jinzhu/gorm.DB; Out: []
2025/02/14 16:36:13 Expr: a: type of expression is &types.Pointer{base:(*types.Named)(0xc017970d20)}; Resolved type: *github.com/raahii/golang-grpc-realworld-example/model.Article; Out: [github.com/raahii/golang-grpc-realworld-example/model.Article]
2025/02/14 16:36:13 Already collected type: github.com/raahii/golang-grpc-realworld-example/model.Article. Current structs: [github.com/raahii/golang-grpc-realworld-example/store.ArticleStore github.com/jinzhu/gorm.DB github.com/jinzhu/gorm.SQLCommon github.com/jinzhu/gorm.logModeValue github.com/jinzhu/gorm.logger github.com/jinzhu/gorm.search github.com/jinzhu/gorm.Callback github.com/jinzhu/gorm.Dialect github.com/raahii/golang-grpc-realworld-example/model.Article github.com/jinzhu/gorm.Model github.com/raahii/golang-grpc-realworld-example/model.Tag github.com/raahii/golang-grpc-realworld-example/model.User github.com/raahii/golang-grpc-realworld-example/model.Comment]
2025/02/14 16:36:13 Expr: u: type of expression is &types.Pointer{base:(*types.Named)(0xc017970e00)}; Resolved type: *github.com/raahii/golang-grpc-realworld-example/model.User; Out: [github.com/raahii/golang-grpc-realworld-example/model.User]
2025/02/14 16:36:13 Already collected type: github.com/raahii/golang-grpc-realworld-example/model.User. Current structs: [github.com/raahii/golang-grpc-realworld-example/store.ArticleStore github.com/jinzhu/gorm.DB github.com/jinzhu/gorm.SQLCommon github.com/jinzhu/gorm.logModeValue github.com/jinzhu/gorm.logger github.com/jinzhu/gorm.search github.com/jinzhu/gorm.Callback github.com/jinzhu/gorm.Dialect github.com/raahii/golang-grpc-realworld-example/model.Article github.com/jinzhu/gorm.Model github.com/raahii/golang-grpc-realworld-example/model.Tag github.com/raahii/golang-grpc-realworld-example/model.User github.com/raahii/golang-grpc-realworld-example/model.Comment]
2025/02/14 16:36:13 Expr: Count: type of expression is &types.Signature{rparams:(*types.TypeParamList)(nil), tparams:(*types.TypeParamList)(nil), scope:(*types.Scope)(0xc014e90780), recv:(*types.Var)(0xc014e90840), params:(*types.Tuple)(0xc014b83b48), results:(*types.Tuple)(0xc014b83b60), variadic:false}; Resolved type: func(value interface{}) *github.com/jinzhu/gorm.DB; Out: []
2025/02/14 16:36:13 Expr: Error: type of expression is &types.Named{check:(*types.Checker)(nil), obj:(*types.TypeName)(0xc00006ca00), fromRHS:(*types.Interface)(0xc00006ca50), inst:(*types.instance)(nil), mu:sync.Mutex{state:0, sema:0x0}, state_:0x2, underlying:(*types.Interface)(0xc00006ca50), tparams:(*types.TypeParamList)(nil), methods:[]*types.Func(nil), loader:(func(*types.Named) ([]*types.TypeParam, types.Type, []*types.Func))(nil)}; Resolved type: error; Out: []
2025/02/14 16:36:13 Expr: err: type of expression is &types.Named{check:(*types.Checker)(nil), obj:(*types.TypeName)(0xc00006ca00), fromRHS:(*types.Interface)(0xc00006ca50), inst:(*types.instance)(nil), mu:sync.Mutex{state:0, sema:0x0}, state_:0x2, underlying:(*types.Interface)(0xc00006ca50), tparams:(*types.TypeParamList)(nil), methods:[]*types.Func(nil), loader:(func(*types.Named) ([]*types.TypeParam, types.Type, []*types.Func))(nil)}; Resolved type: error; Out: []
2025/02/14 16:36:13 Expr: err: type of expression is &types.Named{check:(*types.Checker)(nil), obj:(*types.TypeName)(0xc00006ca00), fromRHS:(*types.Interface)(0xc00006ca50), inst:(*types.instance)(nil), mu:sync.Mutex{state:0, sema:0x0}, state_:0x2, underlying:(*types.Interface)(0xc00006ca50), tparams:(*types.TypeParamList)(nil), methods:[]*types.Func(nil), loader:(func(*types.Named) ([]*types.TypeParam, types.Type, []*types.Func))(nil)}; Resolved type: error; Out: []
2025/02/14 16:36:13 Receiver type: *github.com/jinzhu/gorm.DB
2025/02/14 16:36:13 Found selector function call: github.com/jinzhu/gorm.DB.Count, current functions list: []
2025/02/14 16:36:13 Split github.com/jinzhu/gorm.DB.Count into github.com/jinzhu/gorm and DB.Count:
2025/02/14 16:36:13 Receiver type: *github.com/jinzhu/gorm.DB
2025/02/14 16:36:13 Found selector function call: github.com/jinzhu/gorm.DB.Where, current functions list: [github.com/jinzhu/gorm.DB.Count]
2025/02/14 16:36:13 Split github.com/jinzhu/gorm.DB.Where into github.com/jinzhu/gorm and DB.Where:
2025/02/14 16:36:13 Receiver type: *github.com/jinzhu/gorm.DB
2025/02/14 16:36:13 Found selector function call: github.com/jinzhu/gorm.DB.Table, current functions list: [github.com/jinzhu/gorm.DB.Count github.com/jinzhu/gorm.DB.Where]
2025/02/14 16:36:13 Split github.com/jinzhu/gorm.DB.Table into github.com/jinzhu/gorm and DB.Table:
2025/02/14 16:36:13 Split github.com/jinzhu/gorm.DB.Count into github.com/jinzhu/gorm and DB.Count:
2025/02/14 16:36:13 name is DB.Count with search type func 
2025/02/14 16:36:13 Entering: loadAndHandlePackage for github.com/jinzhu/gorm
2025/02/14 16:36:18 Exiting: loadAndHandlePackage for github.com/jinzhu/gorm
2025/02/14 16:36:18 Stored for github.com/jinzhu/gorm|DB.Count|func, cache results {definition: dependentFilePath: importString:}
2025/02/14 16:36:18 Split github.com/jinzhu/gorm.DB.Where into github.com/jinzhu/gorm and DB.Where:
2025/02/14 16:36:18 Found definition for github.com/jinzhu/gorm|DB.Where|func, cache results {definition:func (s *DB) Where(query interface{}, args ...interface{}) *DB {
	return s.clone().search.Where(query, args...).db
} dependentFilePath:C:\Users\aksha\go\pkg\mod\github.com\jinzhu\gorm@v1.9.12\main.go importString:package github.com/jinzhu/gorm
}
2025/02/14 16:36:18 Split github.com/jinzhu/gorm.DB.Table into github.com/jinzhu/gorm and DB.Table:
2025/02/14 16:36:18 Found definition for github.com/jinzhu/gorm|DB.Table|func, cache results {definition:func (s *DB) Table(name string) *DB {
	clone := s.clone()
	clone.search.Table(name)
	clone.Value = nil
	return clone
} dependentFilePath:C:\Users\aksha\go\pkg\mod\github.com\jinzhu\gorm@v1.9.12\main.go importString:package github.com/jinzhu/gorm
}
2025/02/14 16:36:18 Split github.com/raahii/golang-grpc-realworld-example/model.Tag into github.com/raahii/golang-grpc-realworld-example/model and Tag:
2025/02/14 16:36:18 Found definition for github.com/raahii/golang-grpc-realworld-example/model|Tag|struct, cache results {definition:type Tag struct {
	gorm.Model
	Name string `gorm:"not null"`
} dependentFilePath:C:\var\tmp\Roost\RoostGPT\golang-1\ece53592-7de3-4391-a2fb-0d6935272614\source\golang-grpc-realworld-example\model\article.go importString:package github.com/raahii/golang-grpc-realworld-example/model
import (
	validation "github.com/go-ozzo/ozzo-validation"
	"github.com/jinzhu/gorm"
	pb "github.com/raahii/golang-grpc-realworld-example/proto"
)
}
2025/02/14 16:36:18 Split github.com/raahii/golang-grpc-realworld-example/model.User into github.com/raahii/golang-grpc-realworld-example/model and User:
2025/02/14 16:36:18 Found definition for github.com/raahii/golang-grpc-realworld-example/model|User|struct, cache results {definition:type User struct {
	gorm.Model
	Username         string    `gorm:"unique_index;not null"`
	Email            string    `gorm:"unique_index;not null"`
	Password         string    `gorm:"not null"`
	Bio              string    `gorm:"not null"`
	Image            string    `gorm:"not null"`
	Follows          []User    `gorm:"many2many:follows;jointable_foreignkey:from_user_id;association_jointable_foreignkey:to_user_id"`
	FavoriteArticles []Article `gorm:"many2many:favorite_articles;"`
} dependentFilePath:C:\var\tmp\Roost\RoostGPT\golang-1\ece53592-7de3-4391-a2fb-0d6935272614\source\golang-grpc-realworld-example\model\user.go importString:package github.com/raahii/golang-grpc-realworld-example/model
import (
	validation "github.com/go-ozzo/ozzo-validation"
	"github.com/go-ozzo/ozzo-validation/is"
	"github.com/jinzhu/gorm"
	pb "github.com/raahii/golang-grpc-realworld-example/proto"
	"golang.org/x/crypto/bcrypt"
)
}
2025/02/14 16:36:18 Split github.com/raahii/golang-grpc-realworld-example/model.Comment into github.com/raahii/golang-grpc-realworld-example/model and Comment:
2025/02/14 16:36:18 Found definition for github.com/raahii/golang-grpc-realworld-example/model|Comment|struct, cache results {definition:type Comment struct {
	gorm.Model
	Body      string `gorm:"not null"`
	UserID    uint   `gorm:"not null"`
	Author    User   `gorm:"foreignkey:UserID"`
	ArticleID uint   `gorm:"not null"`
	Article   Article
} dependentFilePath:C:\var\tmp\Roost\RoostGPT\golang-1\ece53592-7de3-4391-a2fb-0d6935272614\source\golang-grpc-realworld-example\model\comment.go importString:package github.com/raahii/golang-grpc-realworld-example/model
import (
	validation "github.com/go-ozzo/ozzo-validation"
	"github.com/jinzhu/gorm"
	pb "github.com/raahii/golang-grpc-realworld-example/proto"
)
}
2025/02/14 16:36:18 Split github.com/raahii/golang-grpc-realworld-example/store.ArticleStore into github.com/raahii/golang-grpc-realworld-example/store and ArticleStore:
2025/02/14 16:36:18 Found definition for github.com/raahii/golang-grpc-realworld-example/store|ArticleStore|struct, cache results {definition:type ArticleStore struct {
	db *gorm.DB
} dependentFilePath:C:\var\tmp\Roost\RoostGPT\golang-1\ece53592-7de3-4391-a2fb-0d6935272614\source\golang-grpc-realworld-example\store\article.go importString:package github.com/raahii/golang-grpc-realworld-example/store
import (
	"github.com/jinzhu/gorm"
	"github.com/raahii/golang-grpc-realworld-example/model"
)
}
2025/02/14 16:36:18 Split github.com/jinzhu/gorm.search into github.com/jinzhu/gorm and search:
2025/02/14 16:36:18 Found definition for github.com/jinzhu/gorm|search|struct, cache results {definition:type search struct {
	db               *DB
	whereConditions  []map[string]interface{}
	orConditions     []map[string]interface{}
	notConditions    []map[string]interface{}
	havingConditions []map[string]interface{}
	joinConditions   []map[string]interface{}
	initAttrs        []interface{}
	assignAttrs      []interface{}
	selects          map[string]interface{}
	omits            []string
	orders           []interface{}
	preload          []searchPreload
	offset           interface{}
	limit            interface{}
	group            string
	tableName        string
	raw              bool
	Unscoped         bool
	ignoreOrderQuery bool
} dependentFilePath:C:\Users\aksha\go\pkg\mod\github.com\jinzhu\gorm@v1.9.12\search.go importString:package github.com/jinzhu/gorm
}
2025/02/14 16:36:18 Split github.com/jinzhu/gorm.Callback into github.com/jinzhu/gorm and Callback:
2025/02/14 16:36:18 Found definition for github.com/jinzhu/gorm|Callback|struct, cache results {definition:type Callback struct {
	logger     logger
	creates    []*func(scope *Scope)
	updates    []*func(scope *Scope)
	deletes    []*func(scope *Scope)
	queries    []*func(scope *Scope)
	rowQueries []*func(scope *Scope)
	processors []*CallbackProcessor
} dependentFilePath:C:\Users\aksha\go\pkg\mod\github.com\jinzhu\gorm@v1.9.12\callback.go importString:package github.com/jinzhu/gorm
}
2025/02/14 16:36:18 Split github.com/jinzhu/gorm.Dialect into github.com/jinzhu/gorm and Dialect:
2025/02/14 16:36:18 Found definition for github.com/jinzhu/gorm|Dialect|struct, cache results {definition:type Dialect interface {
	// GetName get dialect's name
	GetName() string

	// SetDB set db for dialect
	SetDB(db SQLCommon)

	// BindVar return the placeholder for actual values in SQL statements, in many dbs it is "?", Postgres using $1
	BindVar(i int) string
	// Quote quotes field name to avoid SQL parsing exceptions by using a reserved word as a field name
	Quote(key string) string
	// DataTypeOf return data's sql type
	DataTypeOf(field *StructField) string

	// HasIndex check has index or not
	HasIndex(tableName string, indexName string) bool
	// HasForeignKey check has foreign key or not
	HasForeignKey(tableName string, foreignKeyName string) bool
	// RemoveIndex remove index
	RemoveIndex(tableName string, indexName string) error
	// HasTable check has table or not
	HasTable(tableName string) bool
	// HasColumn check has column or not
	HasColumn(tableName string, columnName string) bool
	// ModifyColumn modify column's type
	ModifyColumn(tableName string, columnName string, typ string) error

	// LimitAndOffsetSQL return generated SQL with Limit and Offset, as mssql has special case
	LimitAndOffsetSQL(limit, offset interface{}) (string, error)
	// SelectFromDummyTable return select values, for most dbs, `SELECT values` just works, mysql needs `SELECT value FROM DUAL`
	SelectFromDummyTable() string
	// LastInsertIDOutputInterstitial most dbs support LastInsertId, but mssql needs to use `OUTPUT`
	LastInsertIDOutputInterstitial(tableName, columnName string, columns []string) string
	// LastInsertIdReturningSuffix most dbs support LastInsertId, but postgres needs to use `RETURNING`
	LastInsertIDReturningSuffix(tableName, columnName string) string
	// DefaultValueStr
	DefaultValueStr() string

	// BuildKeyName returns a valid key name (foreign key, index key) for the given table, field and reference
	BuildKeyName(kind, tableName string, fields ...string) string

	// NormalizeIndexAndColumn returns valid index name and column name depending on each dialect
	NormalizeIndexAndColumn(indexName, columnName string) (string, string)

	// CurrentDatabase return current database name
	CurrentDatabase() string
} dependentFilePath:C:\Users\aksha\go\pkg\mod\github.com\jinzhu\gorm@v1.9.12\dialect.go importString:package github.com/jinzhu/gorm
}
2025/02/14 16:36:18 Split github.com/jinzhu/gorm.Model into github.com/jinzhu/gorm and Model:
2025/02/14 16:36:18 Found definition for github.com/jinzhu/gorm|Model|struct, cache results {definition:type Model struct {
	ID        uint `gorm:"primary_key"`
	CreatedAt time.Time
	UpdatedAt time.Time
	DeletedAt *time.Time `sql:"index"`
} dependentFilePath:C:\Users\aksha\go\pkg\mod\github.com\jinzhu\gorm@v1.9.12\model.go importString:package github.com/jinzhu/gorm
}
2025/02/14 16:36:18 Split github.com/jinzhu/gorm.DB into github.com/jinzhu/gorm and DB:
2025/02/14 16:36:18 Found definition for github.com/jinzhu/gorm|DB|struct, cache results {definition:type DB struct {
	sync.RWMutex
	Value        interface{}
	Error        error
	RowsAffected int64

	// single db
	db                SQLCommon
	blockGlobalUpdate bool
	logMode           logModeValue
	logger            logger
	search            *search
	values            sync.Map

	// global db
	parent        *DB
	callbacks     *Callback
	dialect       Dialect
	singularTable bool

	// function to be used to override the creating of a new timestamp
	nowFuncOverride func() time.Time
} dependentFilePath:C:\Users\aksha\go\pkg\mod\github.com\jinzhu\gorm@v1.9.12\main.go importString:package github.com/jinzhu/gorm
}
2025/02/14 16:36:18 Split github.com/jinzhu/gorm.SQLCommon into github.com/jinzhu/gorm and SQLCommon:
2025/02/14 16:36:18 Found definition for github.com/jinzhu/gorm|SQLCommon|struct, cache results {definition:type SQLCommon interface {
	Exec(query string, args ...interface{}) (sql.Result, error)
	Prepare(query string) (*sql.Stmt, error)
	Query(query string, args ...interface{}) (*sql.Rows, error)
	QueryRow(query string, args ...interface{}) *sql.Row
} dependentFilePath:C:\Users\aksha\go\pkg\mod\github.com\jinzhu\gorm@v1.9.12\interface.go importString:package github.com/jinzhu/gorm
}
2025/02/14 16:36:18 Split github.com/jinzhu/gorm.logModeValue into github.com/jinzhu/gorm and logModeValue:
2025/02/14 16:36:18 Found definition for github.com/jinzhu/gorm|logModeValue|struct, cache results {definition:type logModeValue int

const (
	defaultLogMode logModeValue = iota
	noLogMode
	detailedLogMode
) dependentFilePath:C:\Users\aksha\go\pkg\mod\github.com\jinzhu\gorm@v1.9.12\main.go importString:package github.com/jinzhu/gorm
}
2025/02/14 16:36:18 Split github.com/jinzhu/gorm.logger into github.com/jinzhu/gorm and logger:
2025/02/14 16:36:18 Found definition for github.com/jinzhu/gorm|logger|struct, cache results {definition:type logger interface {
	Print(v ...interface{})
} dependentFilePath:C:\Users\aksha\go\pkg\mod\github.com\jinzhu\gorm@v1.9.12\logger.go importString:package github.com/jinzhu/gorm
}
2025/02/14 16:36:18 Split github.com/raahii/golang-grpc-realworld-example/model.Article into github.com/raahii/golang-grpc-realworld-example/model and Article:
2025/02/14 16:36:18 Found definition for github.com/raahii/golang-grpc-realworld-example/model|Article|struct, cache results {definition:type Article struct {
	gorm.Model
	Title          string `gorm:"not null"`
	Description    string `gorm:"not null"`
	Body           string `gorm:"not null"`
	Tags           []Tag  `gorm:"many2many:article_tags"`
	Author         User   `gorm:"foreignkey:UserID"`
	UserID         uint   `gorm:"not null"`
	FavoritesCount int32  `gorm:"not null;default=0"`
	FavoritedUsers []User `gorm:"many2many:favorite_articles"`
	Comments       []Comment
} dependentFilePath:C:\var\tmp\Roost\RoostGPT\golang-1\ece53592-7de3-4391-a2fb-0d6935272614\source\golang-grpc-realworld-example\model\article.go importString:package github.com/raahii/golang-grpc-realworld-example/model
import (
	validation "github.com/go-ozzo/ozzo-validation"
	"github.com/jinzhu/gorm"
	pb "github.com/raahii/golang-grpc-realworld-example/proto"
)
}
2025/02/14 16:36:18 Analyzing function: AddFavorite in file: C:\var\tmp\Roost\RoostGPT\golang-1\ece53592-7de3-4391-a2fb-0d6935272614\source\golang-grpc-realworld-example\store\article.go
2025/02/14 16:36:18 Expr: &{Star:14973077 X:ArticleStore}: type of expression is &types.Pointer{base:(*types.Named)(0xc014479490)}; Resolved type: *github.com/raahii/golang-grpc-realworld-example/store.ArticleStore; Out: [github.com/raahii/golang-grpc-realworld-example/store.ArticleStore]
2025/02/14 16:36:18 Recording and checking type: github.com/raahii/golang-grpc-realworld-example/store.ArticleStore
2025/02/14 16:36:18 Processing struct: github.com/raahii/golang-grpc-realworld-example/store.ArticleStore with 1 fields
2025/02/14 16:36:18 Recording and checking type: github.com/jinzhu/gorm.DB
2025/02/14 16:36:18 Processing struct: github.com/jinzhu/gorm.DB with 15 fields
2025/02/14 16:36:18 Recording and checking type: github.com/jinzhu/gorm.SQLCommon
2025/02/14 16:36:18 Underlying type is not a struct for: github.com/jinzhu/gorm.SQLCommon
2025/02/14 16:36:18 Recording and checking type: github.com/jinzhu/gorm.logModeValue
2025/02/14 16:36:18 Underlying type is not a struct for: github.com/jinzhu/gorm.logModeValue
2025/02/14 16:36:18 Recording and checking type: github.com/jinzhu/gorm.logger
2025/02/14 16:36:18 Underlying type is not a struct for: github.com/jinzhu/gorm.logger
2025/02/14 16:36:18 Recording and checking type: github.com/jinzhu/gorm.search
2025/02/14 16:36:18 Processing struct: github.com/jinzhu/gorm.search with 19 fields
2025/02/14 16:36:18 Recording and checking type: github.com/jinzhu/gorm.Callback
2025/02/14 16:36:18 Processing struct: github.com/jinzhu/gorm.Callback with 7 fields
2025/02/14 16:36:18 Recording and checking type: github.com/jinzhu/gorm.Dialect
2025/02/14 16:36:18 Underlying type is not a struct for: github.com/jinzhu/gorm.Dialect
2025/02/14 16:36:18 Expr: &{Star:14973106 X:0xc01eb42ca8}: type of expression is &types.Pointer{base:(*types.Named)(0xc017970d20)}; Resolved type: *github.com/raahii/golang-grpc-realworld-example/model.Article; Out: [github.com/raahii/golang-grpc-realworld-example/model.Article]
2025/02/14 16:36:18 Collected field type: github.com/raahii/golang-grpc-realworld-example/model.Article
2025/02/14 16:36:18 Expr: &{Star:14973124 X:0xc01eb42cf0}: type of expression is &types.Pointer{base:(*types.Named)(0xc017970e00)}; Resolved type: *github.com/raahii/golang-grpc-realworld-example/model.User; Out: [github.com/raahii/golang-grpc-realworld-example/model.User]
2025/02/14 16:36:18 Collected field type: github.com/raahii/golang-grpc-realworld-example/model.User
2025/02/14 16:36:18 Recording and checking type: github.com/raahii/golang-grpc-realworld-example/model.Article
2025/02/14 16:36:18 Processing struct: github.com/raahii/golang-grpc-realworld-example/model.Article with 10 fields
2025/02/14 16:36:18 Recording and checking type: github.com/jinzhu/gorm.Model
2025/02/14 16:36:18 Processing struct: github.com/jinzhu/gorm.Model with 4 fields
2025/02/14 16:36:18 Recording and checking type: github.com/raahii/golang-grpc-realworld-example/model.Tag
2025/02/14 16:36:18 Processing struct: github.com/raahii/golang-grpc-realworld-example/model.Tag with 2 fields
2025/02/14 16:36:18 Recording and checking type: github.com/raahii/golang-grpc-realworld-example/model.User
2025/02/14 16:36:18 Processing struct: github.com/raahii/golang-grpc-realworld-example/model.User with 8 fields
2025/02/14 16:36:18 Recording and checking type: github.com/raahii/golang-grpc-realworld-example/model.Comment
2025/02/14 16:36:18 Processing struct: github.com/raahii/golang-grpc-realworld-example/model.Comment with 6 fields
2025/02/14 16:36:18 Already collected type: github.com/raahii/golang-grpc-realworld-example/model.User. Current structs: [github.com/raahii/golang-grpc-realworld-example/store.ArticleStore github.com/jinzhu/gorm.DB github.com/jinzhu/gorm.SQLCommon github.com/jinzhu/gorm.logModeValue github.com/jinzhu/gorm.logger github.com/jinzhu/gorm.search github.com/jinzhu/gorm.Callback github.com/jinzhu/gorm.Dialect github.com/raahii/golang-grpc-realworld-example/model.Article github.com/jinzhu/gorm.Model github.com/raahii/golang-grpc-realworld-example/model.Tag github.com/raahii/golang-grpc-realworld-example/model.User github.com/raahii/golang-grpc-realworld-example/model.Comment]
2025/02/14 16:36:18 Expr: error: type of expression is &types.Named{check:(*types.Checker)(nil), obj:(*types.TypeName)(0xc00006ca00), fromRHS:(*types.Interface)(0xc00006ca50), inst:(*types.instance)(nil), mu:sync.Mutex{state:0, sema:0x0}, state_:0x2, underlying:(*types.Interface)(0xc00006ca50), tparams:(*types.TypeParamList)(nil), methods:[]*types.Func(nil), loader:(func(*types.Named) ([]*types.TypeParam, types.Type, []*types.Func))(nil)}; Resolved type: error; Out: []
2025/02/14 16:36:18 Expr: &{Fun:0xc01eb42d38 Lparen:14973162 Args:[] Ellipsis:0 Rparen:14973163}: type of expression is &types.Pointer{base:(*types.Named)(0xc0134725b0)}; Resolved type: *github.com/jinzhu/gorm.DB; Out: [github.com/jinzhu/gorm.DB]
2025/02/14 16:36:18 Already collected type: github.com/jinzhu/gorm.DB. Current structs: [github.com/raahii/golang-grpc-realworld-example/store.ArticleStore github.com/jinzhu/gorm.DB github.com/jinzhu/gorm.SQLCommon github.com/jinzhu/gorm.logModeValue github.com/jinzhu/gorm.logger github.com/jinzhu/gorm.search github.com/jinzhu/gorm.Callback github.com/jinzhu/gorm.Dialect github.com/raahii/golang-grpc-realworld-example/model.Article github.com/jinzhu/gorm.Model github.com/raahii/golang-grpc-realworld-example/model.Tag github.com/raahii/golang-grpc-realworld-example/model.User github.com/raahii/golang-grpc-realworld-example/model.Comment]
2025/02/14 16:36:18 Expr: tx: type of expression is &types.Pointer{base:(*types.Named)(0xc0134725b0)}; Resolved type: *github.com/jinzhu/gorm.DB; Out: [github.com/jinzhu/gorm.DB]
2025/02/14 16:36:18 Already collected type: github.com/jinzhu/gorm.DB. Current structs: [github.com/raahii/golang-grpc-realworld-example/store.ArticleStore github.com/jinzhu/gorm.DB github.com/jinzhu/gorm.SQLCommon github.com/jinzhu/gorm.logModeValue github.com/jinzhu/gorm.logger github.com/jinzhu/gorm.search github.com/jinzhu/gorm.Callback github.com/jinzhu/gorm.Dialect github.com/raahii/golang-grpc-realworld-example/model.Article github.com/jinzhu/gorm.Model github.com/raahii/golang-grpc-realworld-example/model.Tag github.com/raahii/golang-grpc-realworld-example/model.User github.com/raahii/golang-grpc-realworld-example/model.Comment]
2025/02/14 16:36:18 Expr: s: type of expression is &types.Pointer{base:(*types.Named)(0xc014479490)}; Resolved type: *github.com/raahii/golang-grpc-realworld-example/store.ArticleStore; Out: [github.com/raahii/golang-grpc-realworld-example/store.ArticleStore]
2025/02/14 16:36:18 Already collected type: github.com/raahii/golang-grpc-realworld-example/store.ArticleStore. Current structs: [github.com/raahii/golang-grpc-realworld-example/store.ArticleStore github.com/jinzhu/gorm.DB github.com/jinzhu/gorm.SQLCommon github.com/jinzhu/gorm.logModeValue github.com/jinzhu/gorm.logger github.com/jinzhu/gorm.search github.com/jinzhu/gorm.Callback github.com/jinzhu/gorm.Dialect github.com/raahii/golang-grpc-realworld-example/model.Article github.com/jinzhu/gorm.Model github.com/raahii/golang-grpc-realworld-example/model.Tag github.com/raahii/golang-grpc-realworld-example/model.User github.com/raahii/golang-grpc-realworld-example/model.Comment]
2025/02/14 16:36:18 Expr: db: type of expression is &types.Pointer{base:(*types.Named)(0xc0134725b0)}; Resolved type: *github.com/jinzhu/gorm.DB; Out: [github.com/jinzhu/gorm.DB]
2025/02/14 16:36:18 Already collected type: github.com/jinzhu/gorm.DB. Current structs: [github.com/raahii/golang-grpc-realworld-example/store.ArticleStore github.com/jinzhu/gorm.DB github.com/jinzhu/gorm.SQLCommon github.com/jinzhu/gorm.logModeValue github.com/jinzhu/gorm.logger github.com/jinzhu/gorm.search github.com/jinzhu/gorm.Callback github.com/jinzhu/gorm.Dialect github.com/raahii/golang-grpc-realworld-example/model.Article github.com/jinzhu/gorm.Model github.com/raahii/golang-grpc-realworld-example/model.Tag github.com/raahii/golang-grpc-realworld-example/model.User github.com/raahii/golang-grpc-realworld-example/model.Comment]
2025/02/14 16:36:18 Expr: Begin: type of expression is &types.Signature{rparams:(*types.TypeParamList)(nil), tparams:(*types.TypeParamList)(nil), scope:(*types.Scope)(0xc014e96ba0), recv:(*types.Var)(0xc014e96c60), params:(*types.Tuple)(nil), results:(*types.Tuple)(0xc014b83e90), variadic:false}; Resolved type: func() *github.com/jinzhu/gorm.DB; Out: []
2025/02/14 16:36:18 Expr: &{X:0xc00634b6c0 Sel:Error}: type of expression is &types.Named{check:(*types.Checker)(nil), obj:(*types.TypeName)(0xc00006ca00), fromRHS:(*types.Interface)(0xc00006ca50), inst:(*types.instance)(nil), mu:sync.Mutex{state:0, sema:0x0}, state_:0x2, underlying:(*types.Interface)(0xc00006ca50), tparams:(*types.TypeParamList)(nil), methods:[]*types.Func(nil), loader:(func(*types.Named) ([]*types.TypeParam, types.Type, []*types.Func))(nil)}; Resolved type: error; Out: []
2025/02/14 16:36:18 Expr: err: type of expression is &types.Named{check:(*types.Checker)(nil), obj:(*types.TypeName)(0xc00006ca00), fromRHS:(*types.Interface)(0xc00006ca50), inst:(*types.instance)(nil), mu:sync.Mutex{state:0, sema:0x0}, state_:0x2, underlying:(*types.Interface)(0xc00006ca50), tparams:(*types.TypeParamList)(nil), methods:[]*types.Func(nil), loader:(func(*types.Named) ([]*types.TypeParam, types.Type, []*types.Func))(nil)}; Resolved type: error; Out: []
2025/02/14 16:36:18 Expr: tx: type of expression is &types.Pointer{base:(*types.Named)(0xc0134725b0)}; Resolved type: *github.com/jinzhu/gorm.DB; Out: [github.com/jinzhu/gorm.DB]
2025/02/14 16:36:18 Already collected type: github.com/jinzhu/gorm.DB. Current structs: [github.com/raahii/golang-grpc-realworld-example/store.ArticleStore github.com/jinzhu/gorm.DB github.com/jinzhu/gorm.SQLCommon github.com/jinzhu/gorm.logModeValue github.com/jinzhu/gorm.logger github.com/jinzhu/gorm.search github.com/jinzhu/gorm.Callback github.com/jinzhu/gorm.Dialect github.com/raahii/golang-grpc-realworld-example/model.Article github.com/jinzhu/gorm.Model github.com/raahii/golang-grpc-realworld-example/model.Tag github.com/raahii/golang-grpc-realworld-example/model.User github.com/raahii/golang-grpc-realworld-example/model.Comment]
2025/02/14 16:36:18 Expr: Model: type of expression is &types.Signature{rparams:(*types.TypeParamList)(nil), tparams:(*types.TypeParamList)(nil), scope:(*types.Scope)(0xc014e96300), recv:(*types.Var)(0xc014e963c0), params:(*types.Tuple)(0xc014b83db8), results:(*types.Tuple)(0xc014b83dd0), variadic:false}; Resolved type: func(value interface{}) *github.com/jinzhu/gorm.DB; Out: []
2025/02/14 16:36:18 Expr: a: type of expression is &types.Pointer{base:(*types.Named)(0xc017970d20)}; Resolved type: *github.com/raahii/golang-grpc-realworld-example/model.Article; Out: [github.com/raahii/golang-grpc-realworld-example/model.Article]
2025/02/14 16:36:18 Already collected type: github.com/raahii/golang-grpc-realworld-example/model.Article. Current structs: [github.com/raahii/golang-grpc-realworld-example/store.ArticleStore github.com/jinzhu/gorm.DB github.com/jinzhu/gorm.SQLCommon github.com/jinzhu/gorm.logModeValue github.com/jinzhu/gorm.logger github.com/jinzhu/gorm.search github.com/jinzhu/gorm.Callback github.com/jinzhu/gorm.Dialect github.com/raahii/golang-grpc-realworld-example/model.Article github.com/jinzhu/gorm.Model github.com/raahii/golang-grpc-realworld-example/model.Tag github.com/raahii/golang-grpc-realworld-example/model.User github.com/raahii/golang-grpc-realworld-example/model.Comment]
2025/02/14 16:36:18 Expr: Association: type of expression is &types.Signature{rparams:(*types.TypeParamList)(nil), tparams:(*types.TypeParamList)(nil), scope:(*types.Scope)(0xc014eab0e0), recv:(*types.Var)(0xc014eab1a0), params:(*types.Tuple)(0xc014ea8228), results:(*types.Tuple)(0xc014ea8240), variadic:false}; Resolved type: func(column string) *github.com/jinzhu/gorm.Association; Out: []
2025/02/14 16:36:18 Expr: Append: type of expression is &types.Signature{rparams:(*types.TypeParamList)(nil), tparams:(*types.TypeParamList)(nil), scope:(*types.Scope)(0xc014b8a000), recv:(*types.Var)(0xc014b8a0c0), params:(*types.Tuple)(0xc014b82198), results:(*types.Tuple)(0xc014b821b0), variadic:true}; Resolved type: func(values ...interface{}) *github.com/jinzhu/gorm.Association; Out: []
2025/02/14 16:36:18 Expr: u: type of expression is &types.Pointer{base:(*types.Named)(0xc017970e00)}; Resolved type: *github.com/raahii/golang-grpc-realworld-example/model.User; Out: [github.com/raahii/golang-grpc-realworld-example/model.User]
2025/02/14 16:36:18 Already collected type: github.com/raahii/golang-grpc-realworld-example/model.User. Current structs: [github.com/raahii/golang-grpc-realworld-example/store.ArticleStore github.com/jinzhu/gorm.DB github.com/jinzhu/gorm.SQLCommon github.com/jinzhu/gorm.logModeValue github.com/jinzhu/gorm.logger github.com/jinzhu/gorm.search github.com/jinzhu/gorm.Callback github.com/jinzhu/gorm.Dialect github.com/raahii/golang-grpc-realworld-example/model.Article github.com/jinzhu/gorm.Model github.com/raahii/golang-grpc-realworld-example/model.Tag github.com/raahii/golang-grpc-realworld-example/model.User github.com/raahii/golang-grpc-realworld-example/model.Comment]
2025/02/14 16:36:18 Expr: Error: type of expression is &types.Named{check:(*types.Checker)(nil), obj:(*types.TypeName)(0xc00006ca00), fromRHS:(*types.Interface)(0xc00006ca50), inst:(*types.instance)(nil), mu:sync.Mutex{state:0, sema:0x0}, state_:0x2, underlying:(*types.Interface)(0xc00006ca50), tparams:(*types.TypeParamList)(nil), methods:[]*types.Func(nil), loader:(func(*types.Named) ([]*types.TypeParam, types.Type, []*types.Func))(nil)}; Resolved type: error; Out: []
2025/02/14 16:36:18 Expr: err: type of expression is &types.Named{check:(*types.Checker)(nil), obj:(*types.TypeName)(0xc00006ca00), fromRHS:(*types.Interface)(0xc00006ca50), inst:(*types.instance)(nil), mu:sync.Mutex{state:0, sema:0x0}, state_:0x2, underlying:(*types.Interface)(0xc00006ca50), tparams:(*types.TypeParamList)(nil), methods:[]*types.Func(nil), loader:(func(*types.Named) ([]*types.TypeParam, types.Type, []*types.Func))(nil)}; Resolved type: error; Out: []
2025/02/14 16:36:18 Expr: &{Fun:0xc01eb42db0 Lparen:14973265 Args:[] Ellipsis:0 Rparen:14973266}: type of expression is &types.Pointer{base:(*types.Named)(0xc0134725b0)}; Resolved type: *github.com/jinzhu/gorm.DB; Out: [github.com/jinzhu/gorm.DB]
2025/02/14 16:36:18 Already collected type: github.com/jinzhu/gorm.DB. Current structs: [github.com/raahii/golang-grpc-realworld-example/store.ArticleStore github.com/jinzhu/gorm.DB github.com/jinzhu/gorm.SQLCommon github.com/jinzhu/gorm.logModeValue github.com/jinzhu/gorm.logger github.com/jinzhu/gorm.search github.com/jinzhu/gorm.Callback github.com/jinzhu/gorm.Dialect github.com/raahii/golang-grpc-realworld-example/model.Article github.com/jinzhu/gorm.Model github.com/raahii/golang-grpc-realworld-example/model.Tag github.com/raahii/golang-grpc-realworld-example/model.User github.com/raahii/golang-grpc-realworld-example/model.Comment]
2025/02/14 16:36:18 Expr: tx: type of expression is &types.Pointer{base:(*types.Named)(0xc0134725b0)}; Resolved type: *github.com/jinzhu/gorm.DB; Out: [github.com/jinzhu/gorm.DB]
2025/02/14 16:36:18 Already collected type: github.com/jinzhu/gorm.DB. Current structs: [github.com/raahii/golang-grpc-realworld-example/store.ArticleStore github.com/jinzhu/gorm.DB github.com/jinzhu/gorm.SQLCommon github.com/jinzhu/gorm.logModeValue github.com/jinzhu/gorm.logger github.com/jinzhu/gorm.search github.com/jinzhu/gorm.Callback github.com/jinzhu/gorm.Dialect github.com/raahii/golang-grpc-realworld-example/model.Article github.com/jinzhu/gorm.Model github.com/raahii/golang-grpc-realworld-example/model.Tag github.com/raahii/golang-grpc-realworld-example/model.User github.com/raahii/golang-grpc-realworld-example/model.Comment]
2025/02/14 16:36:18 Expr: Rollback: type of expression is &types.Signature{rparams:(*types.TypeParamList)(nil), tparams:(*types.TypeParamList)(nil), scope:(*types.Scope)(0xc014e970e0), recv:(*types.Var)(0xc014e971a0), params:(*types.Tuple)(nil), results:(*types.Tuple)(0xc014b83ef0), variadic:false}; Resolved type: func() *github.com/jinzhu/gorm.DB; Out: []
2025/02/14 16:36:18 Expr: err: type of expression is &types.Named{check:(*types.Checker)(nil), obj:(*types.TypeName)(0xc00006ca00), fromRHS:(*types.Interface)(0xc00006ca50), inst:(*types.instance)(nil), mu:sync.Mutex{state:0, sema:0x0}, state_:0x2, underlying:(*types.Interface)(0xc00006ca50), tparams:(*types.TypeParamList)(nil), methods:[]*types.Func(nil), loader:(func(*types.Named) ([]*types.TypeParam, types.Type, []*types.Func))(nil)}; Resolved type: error; Out: []
2025/02/14 16:36:18 Expr: &{X:0xc00634b880 Sel:Error}: type of expression is &types.Named{check:(*types.Checker)(nil), obj:(*types.TypeName)(0xc00006ca00), fromRHS:(*types.Interface)(0xc00006ca50), inst:(*types.instance)(nil), mu:sync.Mutex{state:0, sema:0x0}, state_:0x2, underlying:(*types.Interface)(0xc00006ca50), tparams:(*types.TypeParamList)(nil), methods:[]*types.Func(nil), loader:(func(*types.Named) ([]*types.TypeParam, types.Type, []*types.Func))(nil)}; Resolved type: error; Out: []
2025/02/14 16:36:18 Expr: err: type of expression is &types.Named{check:(*types.Checker)(nil), obj:(*types.TypeName)(0xc00006ca00), fromRHS:(*types.Interface)(0xc00006ca50), inst:(*types.instance)(nil), mu:sync.Mutex{state:0, sema:0x0}, state_:0x2, underlying:(*types.Interface)(0xc00006ca50), tparams:(*types.TypeParamList)(nil), methods:[]*types.Func(nil), loader:(func(*types.Named) ([]*types.TypeParam, types.Type, []*types.Func))(nil)}; Resolved type: error; Out: []
2025/02/14 16:36:18 Expr: tx: type of expression is &types.Pointer{base:(*types.Named)(0xc0134725b0)}; Resolved type: *github.com/jinzhu/gorm.DB; Out: [github.com/jinzhu/gorm.DB]
2025/02/14 16:36:18 Already collected type: github.com/jinzhu/gorm.DB. Current structs: [github.com/raahii/golang-grpc-realworld-example/store.ArticleStore github.com/jinzhu/gorm.DB github.com/jinzhu/gorm.SQLCommon github.com/jinzhu/gorm.logModeValue github.com/jinzhu/gorm.logger github.com/jinzhu/gorm.search github.com/jinzhu/gorm.Callback github.com/jinzhu/gorm.Dialect github.com/raahii/golang-grpc-realworld-example/model.Article github.com/jinzhu/gorm.Model github.com/raahii/golang-grpc-realworld-example/model.Tag github.com/raahii/golang-grpc-realworld-example/model.User github.com/raahii/golang-grpc-realworld-example/model.Comment]
2025/02/14 16:36:18 Expr: Model: type of expression is &types.Signature{rparams:(*types.TypeParamList)(nil), tparams:(*types.TypeParamList)(nil), scope:(*types.Scope)(0xc014e96300), recv:(*types.Var)(0xc014e963c0), params:(*types.Tuple)(0xc014b83db8), results:(*types.Tuple)(0xc014b83dd0), variadic:false}; Resolved type: func(value interface{}) *github.com/jinzhu/gorm.DB; Out: []
2025/02/14 16:36:18 Expr: a: type of expression is &types.Pointer{base:(*types.Named)(0xc017970d20)}; Resolved type: *github.com/raahii/golang-grpc-realworld-example/model.Article; Out: [github.com/raahii/golang-grpc-realworld-example/model.Article]
2025/02/14 16:36:18 Already collected type: github.com/raahii/golang-grpc-realworld-example/model.Article. Current structs: [github.com/raahii/golang-grpc-realworld-example/store.ArticleStore github.com/jinzhu/gorm.DB github.com/jinzhu/gorm.SQLCommon github.com/jinzhu/gorm.logModeValue github.com/jinzhu/gorm.logger github.com/jinzhu/gorm.search github.com/jinzhu/gorm.Callback github.com/jinzhu/gorm.Dialect github.com/raahii/golang-grpc-realworld-example/model.Article github.com/jinzhu/gorm.Model github.com/raahii/golang-grpc-realworld-example/model.Tag github.com/raahii/golang-grpc-realworld-example/model.User github.com/raahii/golang-grpc-realworld-example/model.Comment]
2025/02/14 16:36:18 Expr: Update: type of expression is &types.Signature{rparams:(*types.TypeParamList)(nil), tparams:(*types.TypeParamList)(nil), scope:(*types.Scope)(0xc014e91020), recv:(*types.Var)(0xc014e910e0), params:(*types.Tuple)(0xc014b83c08), results:(*types.Tuple)(0xc014b83c20), variadic:true}; Resolved type: func(attrs ...interface{}) *github.com/jinzhu/gorm.DB; Out: []
2025/02/14 16:36:18 Expr: Expr: type of expression is &types.Signature{rparams:(*types.TypeParamList)(nil), tparams:(*types.TypeParamList)(nil), scope:(*types.Scope)(0xc01550a0c0), recv:(*types.Var)(nil), params:(*types.Tuple)(0xc014ea9458), results:(*types.Tuple)(0xc014ea9470), variadic:true}; Resolved type: func(expression string, args ...interface{}) *github.com/jinzhu/gorm.SqlExpr; Out: []
2025/02/14 16:36:18 Expr: Error: type of expression is &types.Named{check:(*types.Checker)(nil), obj:(*types.TypeName)(0xc00006ca00), fromRHS:(*types.Interface)(0xc00006ca50), inst:(*types.instance)(nil), mu:sync.Mutex{state:0, sema:0x0}, state_:0x2, underlying:(*types.Interface)(0xc00006ca50), tparams:(*types.TypeParamList)(nil), methods:[]*types.Func(nil), loader:(func(*types.Named) ([]*types.TypeParam, types.Type, []*types.Func))(nil)}; Resolved type: error; Out: []
2025/02/14 16:36:18 Expr: err: type of expression is &types.Named{check:(*types.Checker)(nil), obj:(*types.TypeName)(0xc00006ca00), fromRHS:(*types.Interface)(0xc00006ca50), inst:(*types.instance)(nil), mu:sync.Mutex{state:0, sema:0x0}, state_:0x2, underlying:(*types.Interface)(0xc00006ca50), tparams:(*types.TypeParamList)(nil), methods:[]*types.Func(nil), loader:(func(*types.Named) ([]*types.TypeParam, types.Type, []*types.Func))(nil)}; Resolved type: error; Out: []
2025/02/14 16:36:18 Expr: &{Fun:0xc01eb42e28 Lparen:14973406 Args:[] Ellipsis:0 Rparen:14973407}: type of expression is &types.Pointer{base:(*types.Named)(0xc0134725b0)}; Resolved type: *github.com/jinzhu/gorm.DB; Out: [github.com/jinzhu/gorm.DB]
2025/02/14 16:36:18 Already collected type: github.com/jinzhu/gorm.DB. Current structs: [github.com/raahii/golang-grpc-realworld-example/store.ArticleStore github.com/jinzhu/gorm.DB github.com/jinzhu/gorm.SQLCommon github.com/jinzhu/gorm.logModeValue github.com/jinzhu/gorm.logger github.com/jinzhu/gorm.search github.com/jinzhu/gorm.Callback github.com/jinzhu/gorm.Dialect github.com/raahii/golang-grpc-realworld-example/model.Article github.com/jinzhu/gorm.Model github.com/raahii/golang-grpc-realworld-example/model.Tag github.com/raahii/golang-grpc-realworld-example/model.User github.com/raahii/golang-grpc-realworld-example/model.Comment]
2025/02/14 16:36:18 Expr: tx: type of expression is &types.Pointer{base:(*types.Named)(0xc0134725b0)}; Resolved type: *github.com/jinzhu/gorm.DB; Out: [github.com/jinzhu/gorm.DB]
2025/02/14 16:36:18 Already collected type: github.com/jinzhu/gorm.DB. Current structs: [github.com/raahii/golang-grpc-realworld-example/store.ArticleStore github.com/jinzhu/gorm.DB github.com/jinzhu/gorm.SQLCommon github.com/jinzhu/gorm.logModeValue github.com/jinzhu/gorm.logger github.com/jinzhu/gorm.search github.com/jinzhu/gorm.Callback github.com/jinzhu/gorm.Dialect github.com/raahii/golang-grpc-realworld-example/model.Article github.com/jinzhu/gorm.Model github.com/raahii/golang-grpc-realworld-example/model.Tag github.com/raahii/golang-grpc-realworld-example/model.User github.com/raahii/golang-grpc-realworld-example/model.Comment]
2025/02/14 16:36:18 Expr: Rollback: type of expression is &types.Signature{rparams:(*types.TypeParamList)(nil), tparams:(*types.TypeParamList)(nil), scope:(*types.Scope)(0xc014e970e0), recv:(*types.Var)(0xc014e971a0), params:(*types.Tuple)(nil), results:(*types.Tuple)(0xc014b83ef0), variadic:false}; Resolved type: func() *github.com/jinzhu/gorm.DB; Out: []
2025/02/14 16:36:18 Expr: err: type of expression is &types.Named{check:(*types.Checker)(nil), obj:(*types.TypeName)(0xc00006ca00), fromRHS:(*types.Interface)(0xc00006ca50), inst:(*types.instance)(nil), mu:sync.Mutex{state:0, sema:0x0}, state_:0x2, underlying:(*types.Interface)(0xc00006ca50), tparams:(*types.TypeParamList)(nil), methods:[]*types.Func(nil), loader:(func(*types.Named) ([]*types.TypeParam, types.Type, []*types.Func))(nil)}; Resolved type: error; Out: []
2025/02/14 16:36:18 Expr: &{Fun:0xc01eb42e40 Lparen:14973436 Args:[] Ellipsis:0 Rparen:14973437}: type of expression is &types.Pointer{base:(*types.Named)(0xc0134725b0)}; Resolved type: *github.com/jinzhu/gorm.DB; Out: [github.com/jinzhu/gorm.DB]
2025/02/14 16:36:18 Already collected type: github.com/jinzhu/gorm.DB. Current structs: [github.com/raahii/golang-grpc-realworld-example/store.ArticleStore github.com/jinzhu/gorm.DB github.com/jinzhu/gorm.SQLCommon github.com/jinzhu/gorm.logModeValue github.com/jinzhu/gorm.logger github.com/jinzhu/gorm.search github.com/jinzhu/gorm.Callback github.com/jinzhu/gorm.Dialect github.com/raahii/golang-grpc-realworld-example/model.Article github.com/jinzhu/gorm.Model github.com/raahii/golang-grpc-realworld-example/model.Tag github.com/raahii/golang-grpc-realworld-example/model.User github.com/raahii/golang-grpc-realworld-example/model.Comment]
2025/02/14 16:36:18 Expr: tx: type of expression is &types.Pointer{base:(*types.Named)(0xc0134725b0)}; Resolved type: *github.com/jinzhu/gorm.DB; Out: [github.com/jinzhu/gorm.DB]
2025/02/14 16:36:18 Already collected type: github.com/jinzhu/gorm.DB. Current structs: [github.com/raahii/golang-grpc-realworld-example/store.ArticleStore github.com/jinzhu/gorm.DB github.com/jinzhu/gorm.SQLCommon github.com/jinzhu/gorm.logModeValue github.com/jinzhu/gorm.logger github.com/jinzhu/gorm.search github.com/jinzhu/gorm.Callback github.com/jinzhu/gorm.Dialect github.com/raahii/golang-grpc-realworld-example/model.Article github.com/jinzhu/gorm.Model github.com/raahii/golang-grpc-realworld-example/model.Tag github.com/raahii/golang-grpc-realworld-example/model.User github.com/raahii/golang-grpc-realworld-example/model.Comment]
2025/02/14 16:36:18 Expr: Commit: type of expression is &types.Signature{rparams:(*types.TypeParamList)(nil), tparams:(*types.TypeParamList)(nil), scope:(*types.Scope)(0xc014e96f60), recv:(*types.Var)(0xc014e97020), params:(*types.Tuple)(nil), results:(*types.Tuple)(0xc014b83ed8), variadic:false}; Resolved type: func() *github.com/jinzhu/gorm.DB; Out: []
2025/02/14 16:36:18 Expr: a: type of expression is &types.Pointer{base:(*types.Named)(0xc017970d20)}; Resolved type: *github.com/raahii/golang-grpc-realworld-example/model.Article; Out: [github.com/raahii/golang-grpc-realworld-example/model.Article]
2025/02/14 16:36:18 Already collected type: github.com/raahii/golang-grpc-realworld-example/model.Article. Current structs: [github.com/raahii/golang-grpc-realworld-example/store.ArticleStore github.com/jinzhu/gorm.DB github.com/jinzhu/gorm.SQLCommon github.com/jinzhu/gorm.logModeValue github.com/jinzhu/gorm.logger github.com/jinzhu/gorm.search github.com/jinzhu/gorm.Callback github.com/jinzhu/gorm.Dialect github.com/raahii/golang-grpc-realworld-example/model.Article github.com/jinzhu/gorm.Model github.com/raahii/golang-grpc-realworld-example/model.Tag github.com/raahii/golang-grpc-realworld-example/model.User github.com/raahii/golang-grpc-realworld-example/model.Comment]
2025/02/14 16:36:18 Receiver type: *github.com/jinzhu/gorm.DB
2025/02/14 16:36:18 Found selector function call: github.com/jinzhu/gorm.DB.Begin, current functions list: []
2025/02/14 16:36:18 Split github.com/jinzhu/gorm.DB.Begin into github.com/jinzhu/gorm and DB.Begin:
2025/02/14 16:36:18 Receiver type: *github.com/jinzhu/gorm.Association
2025/02/14 16:36:18 Found selector function call: github.com/jinzhu/gorm.Association.Append, current functions list: [github.com/jinzhu/gorm.DB.Begin]
2025/02/14 16:36:18 Split github.com/jinzhu/gorm.Association.Append into github.com/jinzhu/gorm and Association.Append:
2025/02/14 16:36:18 Receiver type: *github.com/jinzhu/gorm.DB
2025/02/14 16:36:18 Found selector function call: github.com/jinzhu/gorm.DB.Association, current functions list: [github.com/jinzhu/gorm.DB.Begin github.com/jinzhu/gorm.Association.Append]
2025/02/14 16:36:18 Split github.com/jinzhu/gorm.DB.Association into github.com/jinzhu/gorm and DB.Association:
2025/02/14 16:36:18 Receiver type: *github.com/jinzhu/gorm.DB
2025/02/14 16:36:18 Found selector function call: github.com/jinzhu/gorm.DB.Model, current functions list: [github.com/jinzhu/gorm.DB.Begin github.com/jinzhu/gorm.Association.Append github.com/jinzhu/gorm.DB.Association]
2025/02/14 16:36:18 Split github.com/jinzhu/gorm.DB.Model into github.com/jinzhu/gorm and DB.Model:
2025/02/14 16:36:18 Receiver type: *github.com/jinzhu/gorm.DB
2025/02/14 16:36:18 Found selector function call: github.com/jinzhu/gorm.DB.Rollback, current functions list: [github.com/jinzhu/gorm.DB.Begin github.com/jinzhu/gorm.Association.Append github.com/jinzhu/gorm.DB.Association github.com/jinzhu/gorm.DB.Model]
2025/02/14 16:36:18 Split github.com/jinzhu/gorm.DB.Rollback into github.com/jinzhu/gorm and DB.Rollback:
2025/02/14 16:36:18 Receiver type: *github.com/jinzhu/gorm.DB
2025/02/14 16:36:18 Found selector function call: github.com/jinzhu/gorm.DB.Update, current functions list: [github.com/jinzhu/gorm.DB.Begin github.com/jinzhu/gorm.Association.Append github.com/jinzhu/gorm.DB.Association github.com/jinzhu/gorm.DB.Model github.com/jinzhu/gorm.DB.Rollback]
2025/02/14 16:36:18 Split github.com/jinzhu/gorm.DB.Update into github.com/jinzhu/gorm and DB.Update:
2025/02/14 16:36:18 Receiver type: *github.com/jinzhu/gorm.DB
2025/02/14 16:36:18 Found selector function call: github.com/jinzhu/gorm.Expr, current functions list: [github.com/jinzhu/gorm.DB.Begin github.com/jinzhu/gorm.Association.Append github.com/jinzhu/gorm.DB.Association github.com/jinzhu/gorm.DB.Model github.com/jinzhu/gorm.DB.Rollback github.com/jinzhu/gorm.DB.Update]
2025/02/14 16:36:18 Split github.com/jinzhu/gorm.Expr into github.com/jinzhu/gorm and Expr:
2025/02/14 16:36:18 (Depth 1) Inspecting function declaration: Expr
2025/02/14 16:36:18 Receiver type: *github.com/jinzhu/gorm.DB
2025/02/14 16:36:18 Receiver type: *github.com/jinzhu/gorm.DB
2025/02/14 16:36:18 Found selector function call: github.com/jinzhu/gorm.DB.Commit, current functions list: [github.com/jinzhu/gorm.DB.Model github.com/jinzhu/gorm.DB.Rollback github.com/jinzhu/gorm.DB.Update github.com/jinzhu/gorm.Expr github.com/jinzhu/gorm.DB.Begin github.com/jinzhu/gorm.Association.Append github.com/jinzhu/gorm.DB.Association]
2025/02/14 16:36:18 Split github.com/jinzhu/gorm.DB.Commit into github.com/jinzhu/gorm and DB.Commit:
2025/02/14 16:36:18 Split github.com/jinzhu/gorm.DB.Commit into github.com/jinzhu/gorm and DB.Commit:
2025/02/14 16:36:18 name is DB.Commit with search type func 
2025/02/14 16:36:18 Entering: loadAndHandlePackage for github.com/jinzhu/gorm
2025/02/14 16:36:21 Exiting: loadAndHandlePackage for github.com/jinzhu/gorm
2025/02/14 16:36:21 Stored for github.com/jinzhu/gorm|DB.Commit|func, cache results {definition: dependentFilePath: importString:}
2025/02/14 16:36:21 Split github.com/jinzhu/gorm.DB.Model into github.com/jinzhu/gorm and DB.Model:
2025/02/14 16:36:21 Found definition for github.com/jinzhu/gorm|DB.Model|func, cache results {definition:func (s *DB) Model(value interface{}) *DB {
	c := s.clone()
	c.Value = value
	return c
} dependentFilePath:C:\Users\aksha\go\pkg\mod\github.com\jinzhu\gorm@v1.9.12\main.go importString:package github.com/jinzhu/gorm
}
2025/02/14 16:36:21 Split github.com/jinzhu/gorm.DB.Rollback into github.com/jinzhu/gorm and DB.Rollback:
2025/02/14 16:36:21 name is DB.Rollback with search type func 
2025/02/14 16:36:21 Entering: loadAndHandlePackage for github.com/jinzhu/gorm
2025/02/14 16:36:24 Exiting: loadAndHandlePackage for github.com/jinzhu/gorm
2025/02/14 16:36:24 Stored for github.com/jinzhu/gorm|DB.Rollback|func, cache results {definition: dependentFilePath: importString:}
2025/02/14 16:36:24 Split github.com/jinzhu/gorm.DB.Update into github.com/jinzhu/gorm and DB.Update:
2025/02/14 16:36:24 Found definition for github.com/jinzhu/gorm|DB.Update|func, cache results {definition:func (s *DB) Update(attrs ...interface{}) *DB {
	return s.Updates(toSearchableMap(attrs...), true)
} dependentFilePath:C:\Users\aksha\go\pkg\mod\github.com\jinzhu\gorm@v1.9.12\main.go importString:package github.com/jinzhu/gorm
}
2025/02/14 16:36:24 Split github.com/jinzhu/gorm.Expr into github.com/jinzhu/gorm and Expr:
2025/02/14 16:36:24 name is Expr with search type func 
2025/02/14 16:36:24 Entering: loadAndHandlePackage for github.com/jinzhu/gorm
2025/02/14 16:36:27 Exiting: loadAndHandlePackage for github.com/jinzhu/gorm
2025/02/14 16:36:27 Stored for github.com/jinzhu/gorm|Expr|func, cache results {definition: dependentFilePath: importString:}
2025/02/14 16:36:27 Split github.com/jinzhu/gorm.DB.Begin into github.com/jinzhu/gorm and DB.Begin:
2025/02/14 16:36:27 name is DB.Begin with search type func 
2025/02/14 16:36:27 Entering: loadAndHandlePackage for github.com/jinzhu/gorm
2025/02/14 16:36:30 Exiting: loadAndHandlePackage for github.com/jinzhu/gorm
2025/02/14 16:36:30 Stored for github.com/jinzhu/gorm|DB.Begin|func, cache results {definition: dependentFilePath: importString:}
2025/02/14 16:36:30 Split github.com/jinzhu/gorm.Association.Append into github.com/jinzhu/gorm and Association.Append:
2025/02/14 16:36:30 name is Association.Append with search type func 
2025/02/14 16:36:30 Entering: loadAndHandlePackage for github.com/jinzhu/gorm
2025/02/14 16:36:34 Exiting: loadAndHandlePackage for github.com/jinzhu/gorm
2025/02/14 16:36:34 Stored for github.com/jinzhu/gorm|Association.Append|func, cache results {definition: dependentFilePath: importString:}
2025/02/14 16:36:34 Split github.com/jinzhu/gorm.DB.Association into github.com/jinzhu/gorm and DB.Association:
2025/02/14 16:36:34 name is DB.Association with search type func 
2025/02/14 16:36:34 Entering: loadAndHandlePackage for github.com/jinzhu/gorm
2025/02/14 16:36:41 Exiting: loadAndHandlePackage for github.com/jinzhu/gorm
2025/02/14 16:36:41 Stored for github.com/jinzhu/gorm|DB.Association|func, cache results {definition: dependentFilePath: importString:}
2025/02/14 16:36:41 Split github.com/raahii/golang-grpc-realworld-example/model.User into github.com/raahii/golang-grpc-realworld-example/model and User:
2025/02/14 16:36:41 Found definition for github.com/raahii/golang-grpc-realworld-example/model|User|struct, cache results {definition:type User struct {
	gorm.Model
	Username         string    `gorm:"unique_index;not null"`
	Email            string    `gorm:"unique_index;not null"`
	Password         string    `gorm:"not null"`
	Bio              string    `gorm:"not null"`
	Image            string    `gorm:"not null"`
	Follows          []User    `gorm:"many2many:follows;jointable_foreignkey:from_user_id;association_jointable_foreignkey:to_user_id"`
	FavoriteArticles []Article `gorm:"many2many:favorite_articles;"`
} dependentFilePath:C:\var\tmp\Roost\RoostGPT\golang-1\ece53592-7de3-4391-a2fb-0d6935272614\source\golang-grpc-realworld-example\model\user.go importString:package github.com/raahii/golang-grpc-realworld-example/model
import (
	validation "github.com/go-ozzo/ozzo-validation"
	"github.com/go-ozzo/ozzo-validation/is"
	"github.com/jinzhu/gorm"
	pb "github.com/raahii/golang-grpc-realworld-example/proto"
	"golang.org/x/crypto/bcrypt"
)
}
2025/02/14 16:36:41 Split github.com/jinzhu/gorm.DB into github.com/jinzhu/gorm and DB:
2025/02/14 16:36:41 Found definition for github.com/jinzhu/gorm|DB|struct, cache results {definition:type DB struct {
	sync.RWMutex
	Value        interface{}
	Error        error
	RowsAffected int64

	// single db
	db                SQLCommon
	blockGlobalUpdate bool
	logMode           logModeValue
	logger            logger
	search            *search
	values            sync.Map

	// global db
	parent        *DB
	callbacks     *Callback
	dialect       Dialect
	singularTable bool

	// function to be used to override the creating of a new timestamp
	nowFuncOverride func() time.Time
} dependentFilePath:C:\Users\aksha\go\pkg\mod\github.com\jinzhu\gorm@v1.9.12\main.go importString:package github.com/jinzhu/gorm
}
2025/02/14 16:36:41 Split github.com/jinzhu/gorm.SQLCommon into github.com/jinzhu/gorm and SQLCommon:
2025/02/14 16:36:41 Found definition for github.com/jinzhu/gorm|SQLCommon|struct, cache results {definition:type SQLCommon interface {
	Exec(query string, args ...interface{}) (sql.Result, error)
	Prepare(query string) (*sql.Stmt, error)
	Query(query string, args ...interface{}) (*sql.Rows, error)
	QueryRow(query string, args ...interface{}) *sql.Row
} dependentFilePath:C:\Users\aksha\go\pkg\mod\github.com\jinzhu\gorm@v1.9.12\interface.go importString:package github.com/jinzhu/gorm
}
2025/02/14 16:36:41 Split github.com/jinzhu/gorm.logModeValue into github.com/jinzhu/gorm and logModeValue:
2025/02/14 16:36:41 Found definition for github.com/jinzhu/gorm|logModeValue|struct, cache results {definition:type logModeValue int

const (
	defaultLogMode logModeValue = iota
	noLogMode
	detailedLogMode
) dependentFilePath:C:\Users\aksha\go\pkg\mod\github.com\jinzhu\gorm@v1.9.12\main.go importString:package github.com/jinzhu/gorm
}
2025/02/14 16:36:41 Split github.com/jinzhu/gorm.logger into github.com/jinzhu/gorm and logger:
2025/02/14 16:36:41 Found definition for github.com/jinzhu/gorm|logger|struct, cache results {definition:type logger interface {
	Print(v ...interface{})
} dependentFilePath:C:\Users\aksha\go\pkg\mod\github.com\jinzhu\gorm@v1.9.12\logger.go importString:package github.com/jinzhu/gorm
}
2025/02/14 16:36:41 Split github.com/jinzhu/gorm.Dialect into github.com/jinzhu/gorm and Dialect:
2025/02/14 16:36:41 Found definition for github.com/jinzhu/gorm|Dialect|struct, cache results {definition:type Dialect interface {
	// GetName get dialect's name
	GetName() string

	// SetDB set db for dialect
	SetDB(db SQLCommon)

	// BindVar return the placeholder for actual values in SQL statements, in many dbs it is "?", Postgres using $1
	BindVar(i int) string
	// Quote quotes field name to avoid SQL parsing exceptions by using a reserved word as a field name
	Quote(key string) string
	// DataTypeOf return data's sql type
	DataTypeOf(field *StructField) string

	// HasIndex check has index or not
	HasIndex(tableName string, indexName string) bool
	// HasForeignKey check has foreign key or not
	HasForeignKey(tableName string, foreignKeyName string) bool
	// RemoveIndex remove index
	RemoveIndex(tableName string, indexName string) error
	// HasTable check has table or not
	HasTable(tableName string) bool
	// HasColumn check has column or not
	HasColumn(tableName string, columnName string) bool
	// ModifyColumn modify column's type
	ModifyColumn(tableName string, columnName string, typ string) error

	// LimitAndOffsetSQL return generated SQL with Limit and Offset, as mssql has special case
	LimitAndOffsetSQL(limit, offset interface{}) (string, error)
	// SelectFromDummyTable return select values, for most dbs, `SELECT values` just works, mysql needs `SELECT value FROM DUAL`
	SelectFromDummyTable() string
	// LastInsertIDOutputInterstitial most dbs support LastInsertId, but mssql needs to use `OUTPUT`
	LastInsertIDOutputInterstitial(tableName, columnName string, columns []string) string
	// LastInsertIdReturningSuffix most dbs support LastInsertId, but postgres needs to use `RETURNING`
	LastInsertIDReturningSuffix(tableName, columnName string) string
	// DefaultValueStr
	DefaultValueStr() string

	// BuildKeyName returns a valid key name (foreign key, index key) for the given table, field and reference
	BuildKeyName(kind, tableName string, fields ...string) string

	// NormalizeIndexAndColumn returns valid index name and column name depending on each dialect
	NormalizeIndexAndColumn(indexName, columnName string) (string, string)

	// CurrentDatabase return current database name
	CurrentDatabase() string
} dependentFilePath:C:\Users\aksha\go\pkg\mod\github.com\jinzhu\gorm@v1.9.12\dialect.go importString:package github.com/jinzhu/gorm
}
2025/02/14 16:36:41 Split github.com/raahii/golang-grpc-realworld-example/model.Article into github.com/raahii/golang-grpc-realworld-example/model and Article:
2025/02/14 16:36:41 Found definition for github.com/raahii/golang-grpc-realworld-example/model|Article|struct, cache results {definition:type Article struct {
	gorm.Model
	Title          string `gorm:"not null"`
	Description    string `gorm:"not null"`
	Body           string `gorm:"not null"`
	Tags           []Tag  `gorm:"many2many:article_tags"`
	Author         User   `gorm:"foreignkey:UserID"`
	UserID         uint   `gorm:"not null"`
	FavoritesCount int32  `gorm:"not null;default=0"`
	FavoritedUsers []User `gorm:"many2many:favorite_articles"`
	Comments       []Comment
} dependentFilePath:C:\var\tmp\Roost\RoostGPT\golang-1\ece53592-7de3-4391-a2fb-0d6935272614\source\golang-grpc-realworld-example\model\article.go importString:package github.com/raahii/golang-grpc-realworld-example/model
import (
	validation "github.com/go-ozzo/ozzo-validation"
	"github.com/jinzhu/gorm"
	pb "github.com/raahii/golang-grpc-realworld-example/proto"
)
}
2025/02/14 16:36:41 Split github.com/raahii/golang-grpc-realworld-example/model.Tag into github.com/raahii/golang-grpc-realworld-example/model and Tag:
2025/02/14 16:36:41 Found definition for github.com/raahii/golang-grpc-realworld-example/model|Tag|struct, cache results {definition:type Tag struct {
	gorm.Model
	Name string `gorm:"not null"`
} dependentFilePath:C:\var\tmp\Roost\RoostGPT\golang-1\ece53592-7de3-4391-a2fb-0d6935272614\source\golang-grpc-realworld-example\model\article.go importString:package github.com/raahii/golang-grpc-realworld-example/model
import (
	validation "github.com/go-ozzo/ozzo-validation"
	"github.com/jinzhu/gorm"
	pb "github.com/raahii/golang-grpc-realworld-example/proto"
)
}
2025/02/14 16:36:41 Split github.com/raahii/golang-grpc-realworld-example/store.ArticleStore into github.com/raahii/golang-grpc-realworld-example/store and ArticleStore:
2025/02/14 16:36:41 Found definition for github.com/raahii/golang-grpc-realworld-example/store|ArticleStore|struct, cache results {definition:type ArticleStore struct {
	db *gorm.DB
} dependentFilePath:C:\var\tmp\Roost\RoostGPT\golang-1\ece53592-7de3-4391-a2fb-0d6935272614\source\golang-grpc-realworld-example\store\article.go importString:package github.com/raahii/golang-grpc-realworld-example/store
import (
	"github.com/jinzhu/gorm"
	"github.com/raahii/golang-grpc-realworld-example/model"
)
}
2025/02/14 16:36:41 Split github.com/jinzhu/gorm.search into github.com/jinzhu/gorm and search:
2025/02/14 16:36:41 Found definition for github.com/jinzhu/gorm|search|struct, cache results {definition:type search struct {
	db               *DB
	whereConditions  []map[string]interface{}
	orConditions     []map[string]interface{}
	notConditions    []map[string]interface{}
	havingConditions []map[string]interface{}
	joinConditions   []map[string]interface{}
	initAttrs        []interface{}
	assignAttrs      []interface{}
	selects          map[string]interface{}
	omits            []string
	orders           []interface{}
	preload          []searchPreload
	offset           interface{}
	limit            interface{}
	group            string
	tableName        string
	raw              bool
	Unscoped         bool
	ignoreOrderQuery bool
} dependentFilePath:C:\Users\aksha\go\pkg\mod\github.com\jinzhu\gorm@v1.9.12\search.go importString:package github.com/jinzhu/gorm
}
2025/02/14 16:36:41 Split github.com/jinzhu/gorm.Callback into github.com/jinzhu/gorm and Callback:
2025/02/14 16:36:41 Found definition for github.com/jinzhu/gorm|Callback|struct, cache results {definition:type Callback struct {
	logger     logger
	creates    []*func(scope *Scope)
	updates    []*func(scope *Scope)
	deletes    []*func(scope *Scope)
	queries    []*func(scope *Scope)
	rowQueries []*func(scope *Scope)
	processors []*CallbackProcessor
} dependentFilePath:C:\Users\aksha\go\pkg\mod\github.com\jinzhu\gorm@v1.9.12\callback.go importString:package github.com/jinzhu/gorm
}
2025/02/14 16:36:41 Split github.com/jinzhu/gorm.Model into github.com/jinzhu/gorm and Model:
2025/02/14 16:36:41 Found definition for github.com/jinzhu/gorm|Model|struct, cache results {definition:type Model struct {
	ID        uint `gorm:"primary_key"`
	CreatedAt time.Time
	UpdatedAt time.Time
	DeletedAt *time.Time `sql:"index"`
} dependentFilePath:C:\Users\aksha\go\pkg\mod\github.com\jinzhu\gorm@v1.9.12\model.go importString:package github.com/jinzhu/gorm
}
2025/02/14 16:36:41 Split github.com/raahii/golang-grpc-realworld-example/model.Comment into github.com/raahii/golang-grpc-realworld-example/model and Comment:
2025/02/14 16:36:41 Found definition for github.com/raahii/golang-grpc-realworld-example/model|Comment|struct, cache results {definition:type Comment struct {
	gorm.Model
	Body      string `gorm:"not null"`
	UserID    uint   `gorm:"not null"`
	Author    User   `gorm:"foreignkey:UserID"`
	ArticleID uint   `gorm:"not null"`
	Article   Article
} dependentFilePath:C:\var\tmp\Roost\RoostGPT\golang-1\ece53592-7de3-4391-a2fb-0d6935272614\source\golang-grpc-realworld-example\model\comment.go importString:package github.com/raahii/golang-grpc-realworld-example/model
import (
	validation "github.com/go-ozzo/ozzo-validation"
	"github.com/jinzhu/gorm"
	pb "github.com/raahii/golang-grpc-realworld-example/proto"
)
}
2025/02/14 16:36:41 Analyzing function: DeleteFavorite in file: C:\var\tmp\Roost\RoostGPT\golang-1\ece53592-7de3-4391-a2fb-0d6935272614\source\golang-grpc-realworld-example\store\article.go
2025/02/14 16:36:41 Expr: &{Star:14973523 X:ArticleStore}: type of expression is &types.Pointer{base:(*types.Named)(0xc014479490)}; Resolved type: *github.com/raahii/golang-grpc-realworld-example/store.ArticleStore; Out: [github.com/raahii/golang-grpc-realworld-example/store.ArticleStore]
2025/02/14 16:36:41 Recording and checking type: github.com/raahii/golang-grpc-realworld-example/store.ArticleStore
2025/02/14 16:36:41 Processing struct: github.com/raahii/golang-grpc-realworld-example/store.ArticleStore with 1 fields
2025/02/14 16:36:41 Recording and checking type: github.com/jinzhu/gorm.DB
2025/02/14 16:36:41 Processing struct: github.com/jinzhu/gorm.DB with 15 fields
2025/02/14 16:36:41 Recording and checking type: github.com/jinzhu/gorm.SQLCommon
2025/02/14 16:36:41 Underlying type is not a struct for: github.com/jinzhu/gorm.SQLCommon
2025/02/14 16:36:41 Recording and checking type: github.com/jinzhu/gorm.logModeValue
2025/02/14 16:36:41 Underlying type is not a struct for: github.com/jinzhu/gorm.logModeValue
2025/02/14 16:36:41 Recording and checking type: github.com/jinzhu/gorm.logger
2025/02/14 16:36:41 Underlying type is not a struct for: github.com/jinzhu/gorm.logger
2025/02/14 16:36:41 Recording and checking type: github.com/jinzhu/gorm.search
2025/02/14 16:36:41 Processing struct: github.com/jinzhu/gorm.search with 19 fields
2025/02/14 16:36:41 Recording and checking type: github.com/jinzhu/gorm.Callback
2025/02/14 16:36:41 Processing struct: github.com/jinzhu/gorm.Callback with 7 fields
2025/02/14 16:36:41 Recording and checking type: github.com/jinzhu/gorm.Dialect
2025/02/14 16:36:41 Underlying type is not a struct for: github.com/jinzhu/gorm.Dialect
2025/02/14 16:36:41 Expr: &{Star:14973555 X:0xc01eb42ed0}: type of expression is &types.Pointer{base:(*types.Named)(0xc017970d20)}; Resolved type: *github.com/raahii/golang-grpc-realworld-example/model.Article; Out: [github.com/raahii/golang-grpc-realworld-example/model.Article]
2025/02/14 16:36:41 Collected field type: github.com/raahii/golang-grpc-realworld-example/model.Article
2025/02/14 16:36:41 Expr: &{Star:14973573 X:0xc01eb42f18}: type of expression is &types.Pointer{base:(*types.Named)(0xc017970e00)}; Resolved type: *github.com/raahii/golang-grpc-realworld-example/model.User; Out: [github.com/raahii/golang-grpc-realworld-example/model.User]
2025/02/14 16:36:41 Collected field type: github.com/raahii/golang-grpc-realworld-example/model.User
2025/02/14 16:36:41 Recording and checking type: github.com/raahii/golang-grpc-realworld-example/model.Article
2025/02/14 16:36:41 Processing struct: github.com/raahii/golang-grpc-realworld-example/model.Article with 10 fields
2025/02/14 16:36:41 Recording and checking type: github.com/jinzhu/gorm.Model
2025/02/14 16:36:41 Processing struct: github.com/jinzhu/gorm.Model with 4 fields
2025/02/14 16:36:41 Recording and checking type: github.com/raahii/golang-grpc-realworld-example/model.Tag
2025/02/14 16:36:41 Processing struct: github.com/raahii/golang-grpc-realworld-example/model.Tag with 2 fields
2025/02/14 16:36:41 Recording and checking type: github.com/raahii/golang-grpc-realworld-example/model.User
2025/02/14 16:36:41 Processing struct: github.com/raahii/golang-grpc-realworld-example/model.User with 8 fields
2025/02/14 16:36:41 Recording and checking type: github.com/raahii/golang-grpc-realworld-example/model.Comment
2025/02/14 16:36:41 Processing struct: github.com/raahii/golang-grpc-realworld-example/model.Comment with 6 fields
2025/02/14 16:36:41 Already collected type: github.com/raahii/golang-grpc-realworld-example/model.User. Current structs: [github.com/raahii/golang-grpc-realworld-example/store.ArticleStore github.com/jinzhu/gorm.DB github.com/jinzhu/gorm.SQLCommon github.com/jinzhu/gorm.logModeValue github.com/jinzhu/gorm.logger github.com/jinzhu/gorm.search github.com/jinzhu/gorm.Callback github.com/jinzhu/gorm.Dialect github.com/raahii/golang-grpc-realworld-example/model.Article github.com/jinzhu/gorm.Model github.com/raahii/golang-grpc-realworld-example/model.Tag github.com/raahii/golang-grpc-realworld-example/model.User github.com/raahii/golang-grpc-realworld-example/model.Comment]
2025/02/14 16:36:41 Expr: error: type of expression is &types.Named{check:(*types.Checker)(nil), obj:(*types.TypeName)(0xc00006ca00), fromRHS:(*types.Interface)(0xc00006ca50), inst:(*types.instance)(nil), mu:sync.Mutex{state:0, sema:0x0}, state_:0x2, underlying:(*types.Interface)(0xc00006ca50), tparams:(*types.TypeParamList)(nil), methods:[]*types.Func(nil), loader:(func(*types.Named) ([]*types.TypeParam, types.Type, []*types.Func))(nil)}; Resolved type: error; Out: []
2025/02/14 16:36:41 Expr: &{Fun:0xc01eb42f60 Lparen:14973611 Args:[] Ellipsis:0 Rparen:14973612}: type of expression is &types.Pointer{base:(*types.Named)(0xc0134725b0)}; Resolved type: *github.com/jinzhu/gorm.DB; Out: [github.com/jinzhu/gorm.DB]
2025/02/14 16:36:41 Already collected type: github.com/jinzhu/gorm.DB. Current structs: [github.com/raahii/golang-grpc-realworld-example/store.ArticleStore github.com/jinzhu/gorm.DB github.com/jinzhu/gorm.SQLCommon github.com/jinzhu/gorm.logModeValue github.com/jinzhu/gorm.logger github.com/jinzhu/gorm.search github.com/jinzhu/gorm.Callback github.com/jinzhu/gorm.Dialect github.com/raahii/golang-grpc-realworld-example/model.Article github.com/jinzhu/gorm.Model github.com/raahii/golang-grpc-realworld-example/model.Tag github.com/raahii/golang-grpc-realworld-example/model.User github.com/raahii/golang-grpc-realworld-example/model.Comment]
2025/02/14 16:36:41 Expr: tx: type of expression is &types.Pointer{base:(*types.Named)(0xc0134725b0)}; Resolved type: *github.com/jinzhu/gorm.DB; Out: [github.com/jinzhu/gorm.DB]
2025/02/14 16:36:41 Already collected type: github.com/jinzhu/gorm.DB. Current structs: [github.com/raahii/golang-grpc-realworld-example/store.ArticleStore github.com/jinzhu/gorm.DB github.com/jinzhu/gorm.SQLCommon github.com/jinzhu/gorm.logModeValue github.com/jinzhu/gorm.logger github.com/jinzhu/gorm.search github.com/jinzhu/gorm.Callback github.com/jinzhu/gorm.Dialect github.com/raahii/golang-grpc-realworld-example/model.Article github.com/jinzhu/gorm.Model github.com/raahii/golang-grpc-realworld-example/model.Tag github.com/raahii/golang-grpc-realworld-example/model.User github.com/raahii/golang-grpc-realworld-example/model.Comment]
2025/02/14 16:36:41 Expr: s: type of expression is &types.Pointer{base:(*types.Named)(0xc014479490)}; Resolved type: *github.com/raahii/golang-grpc-realworld-example/store.ArticleStore; Out: [github.com/raahii/golang-grpc-realworld-example/store.ArticleStore]
2025/02/14 16:36:41 Already collected type: github.com/raahii/golang-grpc-realworld-example/store.ArticleStore. Current structs: [github.com/raahii/golang-grpc-realworld-example/store.ArticleStore github.com/jinzhu/gorm.DB github.com/jinzhu/gorm.SQLCommon github.com/jinzhu/gorm.logModeValue github.com/jinzhu/gorm.logger github.com/jinzhu/gorm.search github.com/jinzhu/gorm.Callback github.com/jinzhu/gorm.Dialect github.com/raahii/golang-grpc-realworld-example/model.Article github.com/jinzhu/gorm.Model github.com/raahii/golang-grpc-realworld-example/model.Tag github.com/raahii/golang-grpc-realworld-example/model.User github.com/raahii/golang-grpc-realworld-example/model.Comment]
2025/02/14 16:36:41 Expr: db: type of expression is &types.Pointer{base:(*types.Named)(0xc0134725b0)}; Resolved type: *github.com/jinzhu/gorm.DB; Out: [github.com/jinzhu/gorm.DB]
2025/02/14 16:36:41 Already collected type: github.com/jinzhu/gorm.DB. Current structs: [github.com/raahii/golang-grpc-realworld-example/store.ArticleStore github.com/jinzhu/gorm.DB github.com/jinzhu/gorm.SQLCommon github.com/jinzhu/gorm.logModeValue github.com/jinzhu/gorm.logger github.com/jinzhu/gorm.search github.com/jinzhu/gorm.Callback github.com/jinzhu/gorm.Dialect github.com/raahii/golang-grpc-realworld-example/model.Article github.com/jinzhu/gorm.Model github.com/raahii/golang-grpc-realworld-example/model.Tag github.com/raahii/golang-grpc-realworld-example/model.User github.com/raahii/golang-grpc-realworld-example/model.Comment]
2025/02/14 16:36:41 Expr: Begin: type of expression is &types.Signature{rparams:(*types.TypeParamList)(nil), tparams:(*types.TypeParamList)(nil), scope:(*types.Scope)(0xc014e96ba0), recv:(*types.Var)(0xc014e96c60), params:(*types.Tuple)(nil), results:(*types.Tuple)(0xc014b83e90), variadic:false}; Resolved type: func() *github.com/jinzhu/gorm.DB; Out: []
2025/02/14 16:36:41 Expr: &{X:0xc00634bbc0 Sel:Error}: type of expression is &types.Named{check:(*types.Checker)(nil), obj:(*types.TypeName)(0xc00006ca00), fromRHS:(*types.Interface)(0xc00006ca50), inst:(*types.instance)(nil), mu:sync.Mutex{state:0, sema:0x0}, state_:0x2, underlying:(*types.Interface)(0xc00006ca50), tparams:(*types.TypeParamList)(nil), methods:[]*types.Func(nil), loader:(func(*types.Named) ([]*types.TypeParam, types.Type, []*types.Func))(nil)}; Resolved type: error; Out: []
2025/02/14 16:36:41 Expr: err: type of expression is &types.Named{check:(*types.Checker)(nil), obj:(*types.TypeName)(0xc00006ca00), fromRHS:(*types.Interface)(0xc00006ca50), inst:(*types.instance)(nil), mu:sync.Mutex{state:0, sema:0x0}, state_:0x2, underlying:(*types.Interface)(0xc00006ca50), tparams:(*types.TypeParamList)(nil), methods:[]*types.Func(nil), loader:(func(*types.Named) ([]*types.TypeParam, types.Type, []*types.Func))(nil)}; Resolved type: error; Out: []
2025/02/14 16:36:41 Expr: tx: type of expression is &types.Pointer{base:(*types.Named)(0xc0134725b0)}; Resolved type: *github.com/jinzhu/gorm.DB; Out: [github.com/jinzhu/gorm.DB]
2025/02/14 16:36:41 Already collected type: github.com/jinzhu/gorm.DB. Current structs: [github.com/raahii/golang-grpc-realworld-example/store.ArticleStore github.com/jinzhu/gorm.DB github.com/jinzhu/gorm.SQLCommon github.com/jinzhu/gorm.logModeValue github.com/jinzhu/gorm.logger github.com/jinzhu/gorm.search github.com/jinzhu/gorm.Callback github.com/jinzhu/gorm.Dialect github.com/raahii/golang-grpc-realworld-example/model.Article github.com/jinzhu/gorm.Model github.com/raahii/golang-grpc-realworld-example/model.Tag github.com/raahii/golang-grpc-realworld-example/model.User github.com/raahii/golang-grpc-realworld-example/model.Comment]
2025/02/14 16:36:41 Expr: Model: type of expression is &types.Signature{rparams:(*types.TypeParamList)(nil), tparams:(*types.TypeParamList)(nil), scope:(*types.Scope)(0xc014e96300), recv:(*types.Var)(0xc014e963c0), params:(*types.Tuple)(0xc014b83db8), results:(*types.Tuple)(0xc014b83dd0), variadic:false}; Resolved type: func(value interface{}) *github.com/jinzhu/gorm.DB; Out: []
2025/02/14 16:36:41 Expr: a: type of expression is &types.Pointer{base:(*types.Named)(0xc017970d20)}; Resolved type: *github.com/raahii/golang-grpc-realworld-example/model.Article; Out: [github.com/raahii/golang-grpc-realworld-example/model.Article]
2025/02/14 16:36:41 Already collected type: github.com/raahii/golang-grpc-realworld-example/model.Article. Current structs: [github.com/raahii/golang-grpc-realworld-example/store.ArticleStore github.com/jinzhu/gorm.DB github.com/jinzhu/gorm.SQLCommon github.com/jinzhu/gorm.logModeValue github.com/jinzhu/gorm.logger github.com/jinzhu/gorm.search github.com/jinzhu/gorm.Callback github.com/jinzhu/gorm.Dialect github.com/raahii/golang-grpc-realworld-example/model.Article github.com/jinzhu/gorm.Model github.com/raahii/golang-grpc-realworld-example/model.Tag github.com/raahii/golang-grpc-realworld-example/model.User github.com/raahii/golang-grpc-realworld-example/model.Comment]
2025/02/14 16:36:41 Expr: Association: type of expression is &types.Signature{rparams:(*types.TypeParamList)(nil), tparams:(*types.TypeParamList)(nil), scope:(*types.Scope)(0xc014eab0e0), recv:(*types.Var)(0xc014eab1a0), params:(*types.Tuple)(0xc014ea8228), results:(*types.Tuple)(0xc014ea8240), variadic:false}; Resolved type: func(column string) *github.com/jinzhu/gorm.Association; Out: []
2025/02/14 16:36:41 Expr: Delete: type of expression is &types.Signature{rparams:(*types.TypeParamList)(nil), tparams:(*types.TypeParamList)(nil), scope:(*types.Scope)(0xc014b8a3c0), recv:(*types.Var)(0xc014b8a480), params:(*types.Tuple)(0xc014b821f8), results:(*types.Tuple)(0xc014b82210), variadic:true}; Resolved type: func(values ...interface{}) *github.com/jinzhu/gorm.Association; Out: []
2025/02/14 16:36:41 Expr: u: type of expression is &types.Pointer{base:(*types.Named)(0xc017970e00)}; Resolved type: *github.com/raahii/golang-grpc-realworld-example/model.User; Out: [github.com/raahii/golang-grpc-realworld-example/model.User]
2025/02/14 16:36:41 Already collected type: github.com/raahii/golang-grpc-realworld-example/model.User. Current structs: [github.com/raahii/golang-grpc-realworld-example/store.ArticleStore github.com/jinzhu/gorm.DB github.com/jinzhu/gorm.SQLCommon github.com/jinzhu/gorm.logModeValue github.com/jinzhu/gorm.logger github.com/jinzhu/gorm.search github.com/jinzhu/gorm.Callback github.com/jinzhu/gorm.Dialect github.com/raahii/golang-grpc-realworld-example/model.Article github.com/jinzhu/gorm.Model github.com/raahii/golang-grpc-realworld-example/model.Tag github.com/raahii/golang-grpc-realworld-example/model.User github.com/raahii/golang-grpc-realworld-example/model.Comment]
2025/02/14 16:36:41 Expr: Error: type of expression is &types.Named{check:(*types.Checker)(nil), obj:(*types.TypeName)(0xc00006ca00), fromRHS:(*types.Interface)(0xc00006ca50), inst:(*types.instance)(nil), mu:sync.Mutex{state:0, sema:0x0}, state_:0x2, underlying:(*types.Interface)(0xc00006ca50), tparams:(*types.TypeParamList)(nil), methods:[]*types.Func(nil), loader:(func(*types.Named) ([]*types.TypeParam, types.Type, []*types.Func))(nil)}; Resolved type: error; Out: []
2025/02/14 16:36:41 Expr: err: type of expression is &types.Named{check:(*types.Checker)(nil), obj:(*types.TypeName)(0xc00006ca00), fromRHS:(*types.Interface)(0xc00006ca50), inst:(*types.instance)(nil), mu:sync.Mutex{state:0, sema:0x0}, state_:0x2, underlying:(*types.Interface)(0xc00006ca50), tparams:(*types.TypeParamList)(nil), methods:[]*types.Func(nil), loader:(func(*types.Named) ([]*types.TypeParam, types.Type, []*types.Func))(nil)}; Resolved type: error; Out: []
2025/02/14 16:36:41 Expr: &{Fun:0xc01eb42fd8 Lparen:14973714 Args:[] Ellipsis:0 Rparen:14973715}: type of expression is &types.Pointer{base:(*types.Named)(0xc0134725b0)}; Resolved type: *github.com/jinzhu/gorm.DB; Out: [github.com/jinzhu/gorm.DB]
2025/02/14 16:36:41 Already collected type: github.com/jinzhu/gorm.DB. Current structs: [github.com/raahii/golang-grpc-realworld-example/store.ArticleStore github.com/jinzhu/gorm.DB github.com/jinzhu/gorm.SQLCommon github.com/jinzhu/gorm.logModeValue github.com/jinzhu/gorm.logger github.com/jinzhu/gorm.search github.com/jinzhu/gorm.Callback github.com/jinzhu/gorm.Dialect github.com/raahii/golang-grpc-realworld-example/model.Article github.com/jinzhu/gorm.Model github.com/raahii/golang-grpc-realworld-example/model.Tag github.com/raahii/golang-grpc-realworld-example/model.User github.com/raahii/golang-grpc-realworld-example/model.Comment]
2025/02/14 16:36:41 Expr: tx: type of expression is &types.Pointer{base:(*types.Named)(0xc0134725b0)}; Resolved type: *github.com/jinzhu/gorm.DB; Out: [github.com/jinzhu/gorm.DB]
2025/02/14 16:36:41 Already collected type: github.com/jinzhu/gorm.DB. Current structs: [github.com/raahii/golang-grpc-realworld-example/store.ArticleStore github.com/jinzhu/gorm.DB github.com/jinzhu/gorm.SQLCommon github.com/jinzhu/gorm.logModeValue github.com/jinzhu/gorm.logger github.com/jinzhu/gorm.search github.com/jinzhu/gorm.Callback github.com/jinzhu/gorm.Dialect github.com/raahii/golang-grpc-realworld-example/model.Article github.com/jinzhu/gorm.Model github.com/raahii/golang-grpc-realworld-example/model.Tag github.com/raahii/golang-grpc-realworld-example/model.User github.com/raahii/golang-grpc-realworld-example/model.Comment]
2025/02/14 16:36:41 Expr: Rollback: type of expression is &types.Signature{rparams:(*types.TypeParamList)(nil), tparams:(*types.TypeParamList)(nil), scope:(*types.Scope)(0xc014e970e0), recv:(*types.Var)(0xc014e971a0), params:(*types.Tuple)(nil), results:(*types.Tuple)(0xc014b83ef0), variadic:false}; Resolved type: func() *github.com/jinzhu/gorm.DB; Out: []
2025/02/14 16:36:41 Expr: err: type of expression is &types.Named{check:(*types.Checker)(nil), obj:(*types.TypeName)(0xc00006ca00), fromRHS:(*types.Interface)(0xc00006ca50), inst:(*types.instance)(nil), mu:sync.Mutex{state:0, sema:0x0}, state_:0x2, underlying:(*types.Interface)(0xc00006ca50), tparams:(*types.TypeParamList)(nil), methods:[]*types.Func(nil), loader:(func(*types.Named) ([]*types.TypeParam, types.Type, []*types.Func))(nil)}; Resolved type: error; Out: []
2025/02/14 16:36:41 Expr: &{X:0xc00634bd80 Sel:Error}: type of expression is &types.Named{check:(*types.Checker)(nil), obj:(*types.TypeName)(0xc00006ca00), fromRHS:(*types.Interface)(0xc00006ca50), inst:(*types.instance)(nil), mu:sync.Mutex{state:0, sema:0x0}, state_:0x2, underlying:(*types.Interface)(0xc00006ca50), tparams:(*types.TypeParamList)(nil), methods:[]*types.Func(nil), loader:(func(*types.Named) ([]*types.TypeParam, types.Type, []*types.Func))(nil)}; Resolved type: error; Out: []
2025/02/14 16:36:41 Expr: err: type of expression is &types.Named{check:(*types.Checker)(nil), obj:(*types.TypeName)(0xc00006ca00), fromRHS:(*types.Interface)(0xc00006ca50), inst:(*types.instance)(nil), mu:sync.Mutex{state:0, sema:0x0}, state_:0x2, underlying:(*types.Interface)(0xc00006ca50), tparams:(*types.TypeParamList)(nil), methods:[]*types.Func(nil), loader:(func(*types.Named) ([]*types.TypeParam, types.Type, []*types.Func))(nil)}; Resolved type: error; Out: []
2025/02/14 16:36:41 Expr: tx: type of expression is &types.Pointer{base:(*types.Named)(0xc0134725b0)}; Resolved type: *github.com/jinzhu/gorm.DB; Out: [github.com/jinzhu/gorm.DB]
2025/02/14 16:36:41 Already collected type: github.com/jinzhu/gorm.DB. Current structs: [github.com/raahii/golang-grpc-realworld-example/store.ArticleStore github.com/jinzhu/gorm.DB github.com/jinzhu/gorm.SQLCommon github.com/jinzhu/gorm.logModeValue github.com/jinzhu/gorm.logger github.com/jinzhu/gorm.search github.com/jinzhu/gorm.Callback github.com/jinzhu/gorm.Dialect github.com/raahii/golang-grpc-realworld-example/model.Article github.com/jinzhu/gorm.Model github.com/raahii/golang-grpc-realworld-example/model.Tag github.com/raahii/golang-grpc-realworld-example/model.User github.com/raahii/golang-grpc-realworld-example/model.Comment]
2025/02/14 16:36:41 Expr: Model: type of expression is &types.Signature{rparams:(*types.TypeParamList)(nil), tparams:(*types.TypeParamList)(nil), scope:(*types.Scope)(0xc014e96300), recv:(*types.Var)(0xc014e963c0), params:(*types.Tuple)(0xc014b83db8), results:(*types.Tuple)(0xc014b83dd0), variadic:false}; Resolved type: func(value interface{}) *github.com/jinzhu/gorm.DB; Out: []
2025/02/14 16:36:41 Expr: a: type of expression is &types.Pointer{base:(*types.Named)(0xc017970d20)}; Resolved type: *github.com/raahii/golang-grpc-realworld-example/model.Article; Out: [github.com/raahii/golang-grpc-realworld-example/model.Article]
2025/02/14 16:36:41 Already collected type: github.com/raahii/golang-grpc-realworld-example/model.Article. Current structs: [github.com/raahii/golang-grpc-realworld-example/store.ArticleStore github.com/jinzhu/gorm.DB github.com/jinzhu/gorm.SQLCommon github.com/jinzhu/gorm.logModeValue github.com/jinzhu/gorm.logger github.com/jinzhu/gorm.search github.com/jinzhu/gorm.Callback github.com/jinzhu/gorm.Dialect github.com/raahii/golang-grpc-realworld-example/model.Article github.com/jinzhu/gorm.Model github.com/raahii/golang-grpc-realworld-example/model.Tag github.com/raahii/golang-grpc-realworld-example/model.User github.com/raahii/golang-grpc-realworld-example/model.Comment]
2025/02/14 16:36:41 Expr: Update: type of expression is &types.Signature{rparams:(*types.TypeParamList)(nil), tparams:(*types.TypeParamList)(nil), scope:(*types.Scope)(0xc014e91020), recv:(*types.Var)(0xc014e910e0), params:(*types.Tuple)(0xc014b83c08), results:(*types.Tuple)(0xc014b83c20), variadic:true}; Resolved type: func(attrs ...interface{}) *github.com/jinzhu/gorm.DB; Out: []
2025/02/14 16:36:41 Expr: Expr: type of expression is &types.Signature{rparams:(*types.TypeParamList)(nil), tparams:(*types.TypeParamList)(nil), scope:(*types.Scope)(0xc01550a0c0), recv:(*types.Var)(nil), params:(*types.Tuple)(0xc014ea9458), results:(*types.Tuple)(0xc014ea9470), variadic:true}; Resolved type: func(expression string, args ...interface{}) *github.com/jinzhu/gorm.SqlExpr; Out: []
2025/02/14 16:36:41 Expr: Error: type of expression is &types.Named{check:(*types.Checker)(nil), obj:(*types.TypeName)(0xc00006ca00), fromRHS:(*types.Interface)(0xc00006ca50), inst:(*types.instance)(nil), mu:sync.Mutex{state:0, sema:0x0}, state_:0x2, underlying:(*types.Interface)(0xc00006ca50), tparams:(*types.TypeParamList)(nil), methods:[]*types.Func(nil), loader:(func(*types.Named) ([]*types.TypeParam, types.Type, []*types.Func))(nil)}; Resolved type: error; Out: []
2025/02/14 16:36:41 Expr: err: type of expression is &types.Named{check:(*types.Checker)(nil), obj:(*types.TypeName)(0xc00006ca00), fromRHS:(*types.Interface)(0xc00006ca50), inst:(*types.instance)(nil), mu:sync.Mutex{state:0, sema:0x0}, state_:0x2, underlying:(*types.Interface)(0xc00006ca50), tparams:(*types.TypeParamList)(nil), methods:[]*types.Func(nil), loader:(func(*types.Named) ([]*types.TypeParam, types.Type, []*types.Func))(nil)}; Resolved type: error; Out: []
2025/02/14 16:36:41 Expr: &{Fun:0xc01eb43050 Lparen:14973855 Args:[] Ellipsis:0 Rparen:14973856}: type of expression is &types.Pointer{base:(*types.Named)(0xc0134725b0)}; Resolved type: *github.com/jinzhu/gorm.DB; Out: [github.com/jinzhu/gorm.DB]
2025/02/14 16:36:41 Already collected type: github.com/jinzhu/gorm.DB. Current structs: [github.com/raahii/golang-grpc-realworld-example/store.ArticleStore github.com/jinzhu/gorm.DB github.com/jinzhu/gorm.SQLCommon github.com/jinzhu/gorm.logModeValue github.com/jinzhu/gorm.logger github.com/jinzhu/gorm.search github.com/jinzhu/gorm.Callback github.com/jinzhu/gorm.Dialect github.com/raahii/golang-grpc-realworld-example/model.Article github.com/jinzhu/gorm.Model github.com/raahii/golang-grpc-realworld-example/model.Tag github.com/raahii/golang-grpc-realworld-example/model.User github.com/raahii/golang-grpc-realworld-example/model.Comment]
2025/02/14 16:36:41 Expr: tx: type of expression is &types.Pointer{base:(*types.Named)(0xc0134725b0)}; Resolved type: *github.com/jinzhu/gorm.DB; Out: [github.com/jinzhu/gorm.DB]
2025/02/14 16:36:41 Already collected type: github.com/jinzhu/gorm.DB. Current structs: [github.com/raahii/golang-grpc-realworld-example/store.ArticleStore github.com/jinzhu/gorm.DB github.com/jinzhu/gorm.SQLCommon github.com/jinzhu/gorm.logModeValue github.com/jinzhu/gorm.logger github.com/jinzhu/gorm.search github.com/jinzhu/gorm.Callback github.com/jinzhu/gorm.Dialect github.com/raahii/golang-grpc-realworld-example/model.Article github.com/jinzhu/gorm.Model github.com/raahii/golang-grpc-realworld-example/model.Tag github.com/raahii/golang-grpc-realworld-example/model.User github.com/raahii/golang-grpc-realworld-example/model.Comment]
2025/02/14 16:36:41 Expr: Rollback: type of expression is &types.Signature{rparams:(*types.TypeParamList)(nil), tparams:(*types.TypeParamList)(nil), scope:(*types.Scope)(0xc014e970e0), recv:(*types.Var)(0xc014e971a0), params:(*types.Tuple)(nil), results:(*types.Tuple)(0xc014b83ef0), variadic:false}; Resolved type: func() *github.com/jinzhu/gorm.DB; Out: []
2025/02/14 16:36:41 Expr: err: type of expression is &types.Named{check:(*types.Checker)(nil), obj:(*types.TypeName)(0xc00006ca00), fromRHS:(*types.Interface)(0xc00006ca50), inst:(*types.instance)(nil), mu:sync.Mutex{state:0, sema:0x0}, state_:0x2, underlying:(*types.Interface)(0xc00006ca50), tparams:(*types.TypeParamList)(nil), methods:[]*types.Func(nil), loader:(func(*types.Named) ([]*types.TypeParam, types.Type, []*types.Func))(nil)}; Resolved type: error; Out: []
2025/02/14 16:36:41 Expr: &{Fun:0xc01eb43068 Lparen:14973885 Args:[] Ellipsis:0 Rparen:14973886}: type of expression is &types.Pointer{base:(*types.Named)(0xc0134725b0)}; Resolved type: *github.com/jinzhu/gorm.DB; Out: [github.com/jinzhu/gorm.DB]
2025/02/14 16:36:41 Already collected type: github.com/jinzhu/gorm.DB. Current structs: [github.com/raahii/golang-grpc-realworld-example/store.ArticleStore github.com/jinzhu/gorm.DB github.com/jinzhu/gorm.SQLCommon github.com/jinzhu/gorm.logModeValue github.com/jinzhu/gorm.logger github.com/jinzhu/gorm.search github.com/jinzhu/gorm.Callback github.com/jinzhu/gorm.Dialect github.com/raahii/golang-grpc-realworld-example/model.Article github.com/jinzhu/gorm.Model github.com/raahii/golang-grpc-realworld-example/model.Tag github.com/raahii/golang-grpc-realworld-example/model.User github.com/raahii/golang-grpc-realworld-example/model.Comment]
2025/02/14 16:36:41 Expr: tx: type of expression is &types.Pointer{base:(*types.Named)(0xc0134725b0)}; Resolved type: *github.com/jinzhu/gorm.DB; Out: [github.com/jinzhu/gorm.DB]
2025/02/14 16:36:41 Already collected type: github.com/jinzhu/gorm.DB. Current structs: [github.com/raahii/golang-grpc-realworld-example/store.ArticleStore github.com/jinzhu/gorm.DB github.com/jinzhu/gorm.SQLCommon github.com/jinzhu/gorm.logModeValue github.com/jinzhu/gorm.logger github.com/jinzhu/gorm.search github.com/jinzhu/gorm.Callback github.com/jinzhu/gorm.Dialect github.com/raahii/golang-grpc-realworld-example/model.Article github.com/jinzhu/gorm.Model github.com/raahii/golang-grpc-realworld-example/model.Tag github.com/raahii/golang-grpc-realworld-example/model.User github.com/raahii/golang-grpc-realworld-example/model.Comment]
2025/02/14 16:36:41 Expr: Commit: type of expression is &types.Signature{rparams:(*types.TypeParamList)(nil), tparams:(*types.TypeParamList)(nil), scope:(*types.Scope)(0xc014e96f60), recv:(*types.Var)(0xc014e97020), params:(*types.Tuple)(nil), results:(*types.Tuple)(0xc014b83ed8), variadic:false}; Resolved type: func() *github.com/jinzhu/gorm.DB; Out: []
2025/02/14 16:36:41 Expr: a: type of expression is &types.Pointer{base:(*types.Named)(0xc017970d20)}; Resolved type: *github.com/raahii/golang-grpc-realworld-example/model.Article; Out: [github.com/raahii/golang-grpc-realworld-example/model.Article]
2025/02/14 16:36:41 Already collected type: github.com/raahii/golang-grpc-realworld-example/model.Article. Current structs: [github.com/raahii/golang-grpc-realworld-example/store.ArticleStore github.com/jinzhu/gorm.DB github.com/jinzhu/gorm.SQLCommon github.com/jinzhu/gorm.logModeValue github.com/jinzhu/gorm.logger github.com/jinzhu/gorm.search github.com/jinzhu/gorm.Callback github.com/jinzhu/gorm.Dialect github.com/raahii/golang-grpc-realworld-example/model.Article github.com/jinzhu/gorm.Model github.com/raahii/golang-grpc-realworld-example/model.Tag github.com/raahii/golang-grpc-realworld-example/model.User github.com/raahii/golang-grpc-realworld-example/model.Comment]
2025/02/14 16:36:41 Receiver type: *github.com/jinzhu/gorm.DB
2025/02/14 16:36:41 Found selector function call: github.com/jinzhu/gorm.DB.Begin, current functions list: []
2025/02/14 16:36:41 Split github.com/jinzhu/gorm.DB.Begin into github.com/jinzhu/gorm and DB.Begin:
2025/02/14 16:36:41 Receiver type: *github.com/jinzhu/gorm.Association
2025/02/14 16:36:41 Found selector function call: github.com/jinzhu/gorm.Association.Delete, current functions list: [github.com/jinzhu/gorm.DB.Begin]
2025/02/14 16:36:41 Split github.com/jinzhu/gorm.Association.Delete into github.com/jinzhu/gorm and Association.Delete:
2025/02/14 16:36:41 Receiver type: *github.com/jinzhu/gorm.DB
2025/02/14 16:36:41 Found selector function call: github.com/jinzhu/gorm.DB.Association, current functions list: [github.com/jinzhu/gorm.DB.Begin github.com/jinzhu/gorm.Association.Delete]
2025/02/14 16:36:41 Split github.com/jinzhu/gorm.DB.Association into github.com/jinzhu/gorm and DB.Association:
2025/02/14 16:36:41 Receiver type: *github.com/jinzhu/gorm.DB
2025/02/14 16:36:41 Found selector function call: github.com/jinzhu/gorm.DB.Model, current functions list: [github.com/jinzhu/gorm.DB.Begin github.com/jinzhu/gorm.Association.Delete github.com/jinzhu/gorm.DB.Association]
2025/02/14 16:36:41 Split github.com/jinzhu/gorm.DB.Model into github.com/jinzhu/gorm and DB.Model:
2025/02/14 16:36:41 Receiver type: *github.com/jinzhu/gorm.DB
2025/02/14 16:36:41 Found selector function call: github.com/jinzhu/gorm.DB.Rollback, current functions list: [github.com/jinzhu/gorm.DB.Begin github.com/jinzhu/gorm.Association.Delete github.com/jinzhu/gorm.DB.Association github.com/jinzhu/gorm.DB.Model]
2025/02/14 16:36:41 Split github.com/jinzhu/gorm.DB.Rollback into github.com/jinzhu/gorm and DB.Rollback:
2025/02/14 16:36:41 Receiver type: *github.com/jinzhu/gorm.DB
2025/02/14 16:36:41 Found selector function call: github.com/jinzhu/gorm.DB.Update, current functions list: [github.com/jinzhu/gorm.DB.Begin github.com/jinzhu/gorm.Association.Delete github.com/jinzhu/gorm.DB.Association github.com/jinzhu/gorm.DB.Model github.com/jinzhu/gorm.DB.Rollback]
2025/02/14 16:36:41 Split github.com/jinzhu/gorm.DB.Update into github.com/jinzhu/gorm and DB.Update:
2025/02/14 16:36:41 Receiver type: *github.com/jinzhu/gorm.DB
2025/02/14 16:36:41 Found selector function call: github.com/jinzhu/gorm.Expr, current functions list: [github.com/jinzhu/gorm.DB.Begin github.com/jinzhu/gorm.Association.Delete github.com/jinzhu/gorm.DB.Association github.com/jinzhu/gorm.DB.Model github.com/jinzhu/gorm.DB.Rollback github.com/jinzhu/gorm.DB.Update]
2025/02/14 16:36:41 Split github.com/jinzhu/gorm.Expr into github.com/jinzhu/gorm and Expr:
2025/02/14 16:36:41 (Depth 1) Inspecting function declaration: Expr
2025/02/14 16:36:41 Receiver type: *github.com/jinzhu/gorm.DB
2025/02/14 16:36:41 Receiver type: *github.com/jinzhu/gorm.DB
2025/02/14 16:36:41 Found selector function call: github.com/jinzhu/gorm.DB.Commit, current functions list: [github.com/jinzhu/gorm.Expr github.com/jinzhu/gorm.DB.Begin github.com/jinzhu/gorm.Association.Delete github.com/jinzhu/gorm.DB.Association github.com/jinzhu/gorm.DB.Model github.com/jinzhu/gorm.DB.Rollback github.com/jinzhu/gorm.DB.Update]
2025/02/14 16:36:41 Split github.com/jinzhu/gorm.DB.Commit into github.com/jinzhu/gorm and DB.Commit:
2025/02/14 16:36:41 Split github.com/jinzhu/gorm.DB.Begin into github.com/jinzhu/gorm and DB.Begin:
2025/02/14 16:36:41 Found definition for github.com/jinzhu/gorm|DB.Begin|func, cache results {definition:func (s *DB) Begin() *DB {
	return s.BeginTx(context.Background(), &sql.TxOptions{})
} dependentFilePath:C:\Users\aksha\go\pkg\mod\github.com\jinzhu\gorm@v1.9.12\main.go importString:package github.com/jinzhu/gorm
}
2025/02/14 16:36:41 Split github.com/jinzhu/gorm.Association.Delete into github.com/jinzhu/gorm and Association.Delete:
2025/02/14 16:36:41 name is Association.Delete with search type func 
2025/02/14 16:36:41 Entering: loadAndHandlePackage for github.com/jinzhu/gorm
2025/02/14 16:36:51 Exiting: loadAndHandlePackage for github.com/jinzhu/gorm
2025/02/14 16:36:51 Stored for github.com/jinzhu/gorm|Association.Delete|func, cache results {definition: dependentFilePath: importString:}
2025/02/14 16:36:51 Split github.com/jinzhu/gorm.DB.Association into github.com/jinzhu/gorm and DB.Association:
2025/02/14 16:36:51 Found definition for github.com/jinzhu/gorm|DB.Association|func, cache results {definition:func (s *DB) Association(column string) *Association {
	var err error
	var scope = s.Set("gorm:association:source", s.Value).NewScope(s.Value)

	if primaryField := scope.PrimaryField(); primaryField.IsBlank {
		err = errors.New("primary key can't be nil")
	} else {
		if field, ok := scope.FieldByName(column); ok {
			if field.Relationship == nil || len(field.Relationship.ForeignFieldNames) == 0 {
				err = fmt.Errorf("invalid association %v for %v", column, scope.IndirectValue().Type())
			} else {
				return &Association{scope: scope, column: column, field: field}
			}
		} else {
			err = fmt.Errorf("%v doesn't have column %v", scope.IndirectValue().Type(), column)
		}
	}

	return &Association{Error: err}
} dependentFilePath:C:\Users\aksha\go\pkg\mod\github.com\jinzhu\gorm@v1.9.12\main.go importString:package github.com/jinzhu/gorm
}
2025/02/14 16:36:51 Split github.com/jinzhu/gorm.DB.Model into github.com/jinzhu/gorm and DB.Model:
2025/02/14 16:36:51 Found definition for github.com/jinzhu/gorm|DB.Model|func, cache results {definition:func (s *DB) Model(value interface{}) *DB {
	c := s.clone()
	c.Value = value
	return c
} dependentFilePath:C:\Users\aksha\go\pkg\mod\github.com\jinzhu\gorm@v1.9.12\main.go importString:package github.com/jinzhu/gorm
}
2025/02/14 16:36:51 Split github.com/jinzhu/gorm.DB.Rollback into github.com/jinzhu/gorm and DB.Rollback:
2025/02/14 16:36:51 Found definition for github.com/jinzhu/gorm|DB.Rollback|func, cache results {definition:func (s *DB) Rollback() *DB {
	var emptySQLTx *sql.Tx
	if db, ok := s.db.(sqlTx); ok && db != nil && db != emptySQLTx {
		if err := db.Rollback(); err != nil && err != sql.ErrTxDone {
			s.AddError(err)
		}
	} else {
		s.AddError(ErrInvalidTransaction)
	}
	return s
} dependentFilePath:C:\Users\aksha\go\pkg\mod\github.com\jinzhu\gorm@v1.9.12\main.go importString:package github.com/jinzhu/gorm
}
2025/02/14 16:36:51 Split github.com/jinzhu/gorm.DB.Update into github.com/jinzhu/gorm and DB.Update:
2025/02/14 16:36:51 Found definition for github.com/jinzhu/gorm|DB.Update|func, cache results {definition:func (s *DB) Update(attrs ...interface{}) *DB {
	return s.Updates(toSearchableMap(attrs...), true)
} dependentFilePath:C:\Users\aksha\go\pkg\mod\github.com\jinzhu\gorm@v1.9.12\main.go importString:package github.com/jinzhu/gorm
}
2025/02/14 16:36:51 Split github.com/jinzhu/gorm.DB.Commit into github.com/jinzhu/gorm and DB.Commit:
2025/02/14 16:36:51 Found definition for github.com/jinzhu/gorm|DB.Commit|func, cache results {definition:func (s *DB) Commit() *DB {
	var emptySQLTx *sql.Tx
	if db, ok := s.db.(sqlTx); ok && db != nil && db != emptySQLTx {
		s.AddError(db.Commit())
	} else {
		s.AddError(ErrInvalidTransaction)
	}
	return s
} dependentFilePath:C:\Users\aksha\go\pkg\mod\github.com\jinzhu\gorm@v1.9.12\main.go importString:package github.com/jinzhu/gorm
}
2025/02/14 16:36:51 Split github.com/jinzhu/gorm.Expr into github.com/jinzhu/gorm and Expr:
2025/02/14 16:36:51 Found definition for github.com/jinzhu/gorm|Expr|func, cache results {definition:func Expr(expression string, args ...interface{}) *SqlExpr {
	return &SqlExpr{expr: expression, args: args}
} dependentFilePath:C:\Users\aksha\go\pkg\mod\github.com\jinzhu\gorm@v1.9.12\utils.go importString:package github.com/jinzhu/gorm
}
2025/02/14 16:36:51 Split github.com/jinzhu/gorm.search into github.com/jinzhu/gorm and search:
2025/02/14 16:36:51 Found definition for github.com/jinzhu/gorm|search|struct, cache results {definition:type search struct {
	db               *DB
	whereConditions  []map[string]interface{}
	orConditions     []map[string]interface{}
	notConditions    []map[string]interface{}
	havingConditions []map[string]interface{}
	joinConditions   []map[string]interface{}
	initAttrs        []interface{}
	assignAttrs      []interface{}
	selects          map[string]interface{}
	omits            []string
	orders           []interface{}
	preload          []searchPreload
	offset           interface{}
	limit            interface{}
	group            string
	tableName        string
	raw              bool
	Unscoped         bool
	ignoreOrderQuery bool
} dependentFilePath:C:\Users\aksha\go\pkg\mod\github.com\jinzhu\gorm@v1.9.12\search.go importString:package github.com/jinzhu/gorm
}
2025/02/14 16:36:51 Split github.com/jinzhu/gorm.Model into github.com/jinzhu/gorm and Model:
2025/02/14 16:36:51 Found definition for github.com/jinzhu/gorm|Model|struct, cache results {definition:type Model struct {
	ID        uint `gorm:"primary_key"`
	CreatedAt time.Time
	UpdatedAt time.Time
	DeletedAt *time.Time `sql:"index"`
} dependentFilePath:C:\Users\aksha\go\pkg\mod\github.com\jinzhu\gorm@v1.9.12\model.go importString:package github.com/jinzhu/gorm
}
2025/02/14 16:36:51 Split github.com/raahii/golang-grpc-realworld-example/model.Comment into github.com/raahii/golang-grpc-realworld-example/model and Comment:
2025/02/14 16:36:51 Found definition for github.com/raahii/golang-grpc-realworld-example/model|Comment|struct, cache results {definition:type Comment struct {
	gorm.Model
	Body      string `gorm:"not null"`
	UserID    uint   `gorm:"not null"`
	Author    User   `gorm:"foreignkey:UserID"`
	ArticleID uint   `gorm:"not null"`
	Article   Article
} dependentFilePath:C:\var\tmp\Roost\RoostGPT\golang-1\ece53592-7de3-4391-a2fb-0d6935272614\source\golang-grpc-realworld-example\model\comment.go importString:package github.com/raahii/golang-grpc-realworld-example/model
import (
	validation "github.com/go-ozzo/ozzo-validation"
	"github.com/jinzhu/gorm"
	pb "github.com/raahii/golang-grpc-realworld-example/proto"
)
}
2025/02/14 16:36:51 Split github.com/raahii/golang-grpc-realworld-example/store.ArticleStore into github.com/raahii/golang-grpc-realworld-example/store and ArticleStore:
2025/02/14 16:36:51 Found definition for github.com/raahii/golang-grpc-realworld-example/store|ArticleStore|struct, cache results {definition:type ArticleStore struct {
	db *gorm.DB
} dependentFilePath:C:\var\tmp\Roost\RoostGPT\golang-1\ece53592-7de3-4391-a2fb-0d6935272614\source\golang-grpc-realworld-example\store\article.go importString:package github.com/raahii/golang-grpc-realworld-example/store
import (
	"github.com/jinzhu/gorm"
	"github.com/raahii/golang-grpc-realworld-example/model"
)
}
2025/02/14 16:36:51 Split github.com/jinzhu/gorm.DB into github.com/jinzhu/gorm and DB:
2025/02/14 16:36:51 Found definition for github.com/jinzhu/gorm|DB|struct, cache results {definition:type DB struct {
	sync.RWMutex
	Value        interface{}
	Error        error
	RowsAffected int64

	// single db
	db                SQLCommon
	blockGlobalUpdate bool
	logMode           logModeValue
	logger            logger
	search            *search
	values            sync.Map

	// global db
	parent        *DB
	callbacks     *Callback
	dialect       Dialect
	singularTable bool

	// function to be used to override the creating of a new timestamp
	nowFuncOverride func() time.Time
} dependentFilePath:C:\Users\aksha\go\pkg\mod\github.com\jinzhu\gorm@v1.9.12\main.go importString:package github.com/jinzhu/gorm
}
2025/02/14 16:36:51 Split github.com/jinzhu/gorm.logger into github.com/jinzhu/gorm and logger:
2025/02/14 16:36:51 Found definition for github.com/jinzhu/gorm|logger|struct, cache results {definition:type logger interface {
	Print(v ...interface{})
} dependentFilePath:C:\Users\aksha\go\pkg\mod\github.com\jinzhu\gorm@v1.9.12\logger.go importString:package github.com/jinzhu/gorm
}
2025/02/14 16:36:51 Split github.com/jinzhu/gorm.Callback into github.com/jinzhu/gorm and Callback:
2025/02/14 16:36:51 Found definition for github.com/jinzhu/gorm|Callback|struct, cache results {definition:type Callback struct {
	logger     logger
	creates    []*func(scope *Scope)
	updates    []*func(scope *Scope)
	deletes    []*func(scope *Scope)
	queries    []*func(scope *Scope)
	rowQueries []*func(scope *Scope)
	processors []*CallbackProcessor
} dependentFilePath:C:\Users\aksha\go\pkg\mod\github.com\jinzhu\gorm@v1.9.12\callback.go importString:package github.com/jinzhu/gorm
}
2025/02/14 16:36:51 Split github.com/jinzhu/gorm.Dialect into github.com/jinzhu/gorm and Dialect:
2025/02/14 16:36:51 Found definition for github.com/jinzhu/gorm|Dialect|struct, cache results {definition:type Dialect interface {
	// GetName get dialect's name
	GetName() string

	// SetDB set db for dialect
	SetDB(db SQLCommon)

	// BindVar return the placeholder for actual values in SQL statements, in many dbs it is "?", Postgres using $1
	BindVar(i int) string
	// Quote quotes field name to avoid SQL parsing exceptions by using a reserved word as a field name
	Quote(key string) string
	// DataTypeOf return data's sql type
	DataTypeOf(field *StructField) string

	// HasIndex check has index or not
	HasIndex(tableName string, indexName string) bool
	// HasForeignKey check has foreign key or not
	HasForeignKey(tableName string, foreignKeyName string) bool
	// RemoveIndex remove index
	RemoveIndex(tableName string, indexName string) error
	// HasTable check has table or not
	HasTable(tableName string) bool
	// HasColumn check has column or not
	HasColumn(tableName string, columnName string) bool
	// ModifyColumn modify column's type
	ModifyColumn(tableName string, columnName string, typ string) error

	// LimitAndOffsetSQL return generated SQL with Limit and Offset, as mssql has special case
	LimitAndOffsetSQL(limit, offset interface{}) (string, error)
	// SelectFromDummyTable return select values, for most dbs, `SELECT values` just works, mysql needs `SELECT value FROM DUAL`
	SelectFromDummyTable() string
	// LastInsertIDOutputInterstitial most dbs support LastInsertId, but mssql needs to use `OUTPUT`
	LastInsertIDOutputInterstitial(tableName, columnName string, columns []string) string
	// LastInsertIdReturningSuffix most dbs support LastInsertId, but postgres needs to use `RETURNING`
	LastInsertIDReturningSuffix(tableName, columnName string) string
	// DefaultValueStr
	DefaultValueStr() string

	// BuildKeyName returns a valid key name (foreign key, index key) for the given table, field and reference
	BuildKeyName(kind, tableName string, fields ...string) string

	// NormalizeIndexAndColumn returns valid index name and column name depending on each dialect
	NormalizeIndexAndColumn(indexName, columnName string) (string, string)

	// CurrentDatabase return current database name
	CurrentDatabase() string
} dependentFilePath:C:\Users\aksha\go\pkg\mod\github.com\jinzhu\gorm@v1.9.12\dialect.go importString:package github.com/jinzhu/gorm
}
2025/02/14 16:36:51 Split github.com/raahii/golang-grpc-realworld-example/model.Article into github.com/raahii/golang-grpc-realworld-example/model and Article:
2025/02/14 16:36:51 Found definition for github.com/raahii/golang-grpc-realworld-example/model|Article|struct, cache results {definition:type Article struct {
	gorm.Model
	Title          string `gorm:"not null"`
	Description    string `gorm:"not null"`
	Body           string `gorm:"not null"`
	Tags           []Tag  `gorm:"many2many:article_tags"`
	Author         User   `gorm:"foreignkey:UserID"`
	UserID         uint   `gorm:"not null"`
	FavoritesCount int32  `gorm:"not null;default=0"`
	FavoritedUsers []User `gorm:"many2many:favorite_articles"`
	Comments       []Comment
} dependentFilePath:C:\var\tmp\Roost\RoostGPT\golang-1\ece53592-7de3-4391-a2fb-0d6935272614\source\golang-grpc-realworld-example\model\article.go importString:package github.com/raahii/golang-grpc-realworld-example/model
import (
	validation "github.com/go-ozzo/ozzo-validation"
	"github.com/jinzhu/gorm"
	pb "github.com/raahii/golang-grpc-realworld-example/proto"
)
}
2025/02/14 16:36:51 Split github.com/raahii/golang-grpc-realworld-example/model.Tag into github.com/raahii/golang-grpc-realworld-example/model and Tag:
2025/02/14 16:36:51 Found definition for github.com/raahii/golang-grpc-realworld-example/model|Tag|struct, cache results {definition:type Tag struct {
	gorm.Model
	Name string `gorm:"not null"`
} dependentFilePath:C:\var\tmp\Roost\RoostGPT\golang-1\ece53592-7de3-4391-a2fb-0d6935272614\source\golang-grpc-realworld-example\model\article.go importString:package github.com/raahii/golang-grpc-realworld-example/model
import (
	validation "github.com/go-ozzo/ozzo-validation"
	"github.com/jinzhu/gorm"
	pb "github.com/raahii/golang-grpc-realworld-example/proto"
)
}
2025/02/14 16:36:51 Split github.com/raahii/golang-grpc-realworld-example/model.User into github.com/raahii/golang-grpc-realworld-example/model and User:
2025/02/14 16:36:51 Found definition for github.com/raahii/golang-grpc-realworld-example/model|User|struct, cache results {definition:type User struct {
	gorm.Model
	Username         string    `gorm:"unique_index;not null"`
	Email            string    `gorm:"unique_index;not null"`
	Password         string    `gorm:"not null"`
	Bio              string    `gorm:"not null"`
	Image            string    `gorm:"not null"`
	Follows          []User    `gorm:"many2many:follows;jointable_foreignkey:from_user_id;association_jointable_foreignkey:to_user_id"`
	FavoriteArticles []Article `gorm:"many2many:favorite_articles;"`
} dependentFilePath:C:\var\tmp\Roost\RoostGPT\golang-1\ece53592-7de3-4391-a2fb-0d6935272614\source\golang-grpc-realworld-example\model\user.go importString:package github.com/raahii/golang-grpc-realworld-example/model
import (
	validation "github.com/go-ozzo/ozzo-validation"
	"github.com/go-ozzo/ozzo-validation/is"
	"github.com/jinzhu/gorm"
	pb "github.com/raahii/golang-grpc-realworld-example/proto"
	"golang.org/x/crypto/bcrypt"
)
}
2025/02/14 16:36:51 Split github.com/jinzhu/gorm.SQLCommon into github.com/jinzhu/gorm and SQLCommon:
2025/02/14 16:36:51 Found definition for github.com/jinzhu/gorm|SQLCommon|struct, cache results {definition:type SQLCommon interface {
	Exec(query string, args ...interface{}) (sql.Result, error)
	Prepare(query string) (*sql.Stmt, error)
	Query(query string, args ...interface{}) (*sql.Rows, error)
	QueryRow(query string, args ...interface{}) *sql.Row
} dependentFilePath:C:\Users\aksha\go\pkg\mod\github.com\jinzhu\gorm@v1.9.12\interface.go importString:package github.com/jinzhu/gorm
}
2025/02/14 16:36:51 Split github.com/jinzhu/gorm.logModeValue into github.com/jinzhu/gorm and logModeValue:
2025/02/14 16:36:51 Found definition for github.com/jinzhu/gorm|logModeValue|struct, cache results {definition:type logModeValue int

const (
	defaultLogMode logModeValue = iota
	noLogMode
	detailedLogMode
) dependentFilePath:C:\Users\aksha\go\pkg\mod\github.com\jinzhu\gorm@v1.9.12\main.go importString:package github.com/jinzhu/gorm
}
2025/02/14 16:36:51 Analyzing function: GetTags in file: C:\var\tmp\Roost\RoostGPT\golang-1\ece53592-7de3-4391-a2fb-0d6935272614\source\golang-grpc-realworld-example\store\article.go
2025/02/14 16:36:51 Expr: &{Star:14973965 X:ArticleStore}: type of expression is &types.Pointer{base:(*types.Named)(0xc014479490)}; Resolved type: *github.com/raahii/golang-grpc-realworld-example/store.ArticleStore; Out: [github.com/raahii/golang-grpc-realworld-example/store.ArticleStore]
2025/02/14 16:36:51 Recording and checking type: github.com/raahii/golang-grpc-realworld-example/store.ArticleStore
2025/02/14 16:36:51 Processing struct: github.com/raahii/golang-grpc-realworld-example/store.ArticleStore with 1 fields
2025/02/14 16:36:51 Recording and checking type: github.com/jinzhu/gorm.DB
2025/02/14 16:36:51 Processing struct: github.com/jinzhu/gorm.DB with 15 fields
2025/02/14 16:36:51 Recording and checking type: github.com/jinzhu/gorm.SQLCommon
2025/02/14 16:36:51 Underlying type is not a struct for: github.com/jinzhu/gorm.SQLCommon
2025/02/14 16:36:51 Recording and checking type: github.com/jinzhu/gorm.logModeValue
2025/02/14 16:36:51 Underlying type is not a struct for: github.com/jinzhu/gorm.logModeValue
2025/02/14 16:36:51 Recording and checking type: github.com/jinzhu/gorm.logger
2025/02/14 16:36:51 Underlying type is not a struct for: github.com/jinzhu/gorm.logger
2025/02/14 16:36:51 Recording and checking type: github.com/jinzhu/gorm.search
2025/02/14 16:36:51 Processing struct: github.com/jinzhu/gorm.search with 19 fields
2025/02/14 16:36:51 Recording and checking type: github.com/jinzhu/gorm.Callback
2025/02/14 16:36:51 Processing struct: github.com/jinzhu/gorm.Callback with 7 fields
2025/02/14 16:36:51 Recording and checking type: github.com/jinzhu/gorm.Dialect
2025/02/14 16:36:51 Underlying type is not a struct for: github.com/jinzhu/gorm.Dialect
2025/02/14 16:36:51 Resolved slice type: []github.com/raahii/golang-grpc-realworld-example/model.Tag
2025/02/14 16:36:51 Collected field type: github.com/raahii/golang-grpc-realworld-example/model.Tag
2025/02/14 16:36:51 Expr: error: type of expression is &types.Named{check:(*types.Checker)(nil), obj:(*types.TypeName)(0xc00006ca00), fromRHS:(*types.Interface)(0xc00006ca50), inst:(*types.instance)(nil), mu:sync.Mutex{state:0, sema:0x0}, state_:0x2, underlying:(*types.Interface)(0xc00006ca50), tparams:(*types.TypeParamList)(nil), methods:[]*types.Func(nil), loader:(func(*types.Named) ([]*types.TypeParam, types.Type, []*types.Func))(nil)}; Resolved type: error; Out: []
2025/02/14 16:36:51 Recording and checking type: github.com/raahii/golang-grpc-realworld-example/model.Tag
2025/02/14 16:36:51 Processing struct: github.com/raahii/golang-grpc-realworld-example/model.Tag with 2 fields
2025/02/14 16:36:51 Recording and checking type: github.com/jinzhu/gorm.Model
2025/02/14 16:36:51 Processing struct: github.com/jinzhu/gorm.Model with 4 fields
2025/02/14 16:36:51 Resolved slice type: []github.com/raahii/golang-grpc-realworld-example/model.Tag
2025/02/14 16:36:51 Already collected type: github.com/raahii/golang-grpc-realworld-example/model.Tag. Current structs: [github.com/raahii/golang-grpc-realworld-example/store.ArticleStore github.com/jinzhu/gorm.DB github.com/jinzhu/gorm.SQLCommon github.com/jinzhu/gorm.logModeValue github.com/jinzhu/gorm.logger github.com/jinzhu/gorm.search github.com/jinzhu/gorm.Callback github.com/jinzhu/gorm.Dialect github.com/raahii/golang-grpc-realworld-example/model.Tag github.com/jinzhu/gorm.Model]
2025/02/14 16:36:51 Expr: Tag: type of expression is &types.Named{check:(*types.Checker)(nil), obj:(*types.TypeName)(0xc01e4ffc20), fromRHS:(*types.Struct)(0xc01e4fbf50), inst:(*types.instance)(nil), mu:sync.Mutex{state:0, sema:0x0}, state_:0x2, underlying:(*types.Struct)(0xc01e4fbf50), tparams:(*types.TypeParamList)(nil), methods:[]*types.Func(nil), loader:(func(*types.Named) ([]*types.TypeParam, types.Type, []*types.Func))(nil)}; Resolved type: github.com/raahii/golang-grpc-realworld-example/model.Tag; Out: [github.com/raahii/golang-grpc-realworld-example/model.Tag]
2025/02/14 16:36:51 Already collected type: github.com/raahii/golang-grpc-realworld-example/model.Tag. Current structs: [github.com/raahii/golang-grpc-realworld-example/store.ArticleStore github.com/jinzhu/gorm.DB github.com/jinzhu/gorm.SQLCommon github.com/jinzhu/gorm.logModeValue github.com/jinzhu/gorm.logger github.com/jinzhu/gorm.search github.com/jinzhu/gorm.Callback github.com/jinzhu/gorm.Dialect github.com/raahii/golang-grpc-realworld-example/model.Tag github.com/jinzhu/gorm.Model]
2025/02/14 16:36:51 Expr: &{X:0xc007c08040 Sel:Error}: type of expression is &types.Named{check:(*types.Checker)(nil), obj:(*types.TypeName)(0xc00006ca00), fromRHS:(*types.Interface)(0xc00006ca50), inst:(*types.instance)(nil), mu:sync.Mutex{state:0, sema:0x0}, state_:0x2, underlying:(*types.Interface)(0xc00006ca50), tparams:(*types.TypeParamList)(nil), methods:[]*types.Func(nil), loader:(func(*types.Named) ([]*types.TypeParam, types.Type, []*types.Func))(nil)}; Resolved type: error; Out: []
2025/02/14 16:36:51 Expr: err: type of expression is &types.Named{check:(*types.Checker)(nil), obj:(*types.TypeName)(0xc00006ca00), fromRHS:(*types.Interface)(0xc00006ca50), inst:(*types.instance)(nil), mu:sync.Mutex{state:0, sema:0x0}, state_:0x2, underlying:(*types.Interface)(0xc00006ca50), tparams:(*types.TypeParamList)(nil), methods:[]*types.Func(nil), loader:(func(*types.Named) ([]*types.TypeParam, types.Type, []*types.Func))(nil)}; Resolved type: error; Out: []
2025/02/14 16:36:51 Expr: s: type of expression is &types.Pointer{base:(*types.Named)(0xc014479490)}; Resolved type: *github.com/raahii/golang-grpc-realworld-example/store.ArticleStore; Out: [github.com/raahii/golang-grpc-realworld-example/store.ArticleStore]
2025/02/14 16:36:51 Already collected type: github.com/raahii/golang-grpc-realworld-example/store.ArticleStore. Current structs: [github.com/raahii/golang-grpc-realworld-example/store.ArticleStore github.com/jinzhu/gorm.DB github.com/jinzhu/gorm.SQLCommon github.com/jinzhu/gorm.logModeValue github.com/jinzhu/gorm.logger github.com/jinzhu/gorm.search github.com/jinzhu/gorm.Callback github.com/jinzhu/gorm.Dialect github.com/raahii/golang-grpc-realworld-example/model.Tag github.com/jinzhu/gorm.Model]
2025/02/14 16:36:51 Expr: db: type of expression is &types.Pointer{base:(*types.Named)(0xc0134725b0)}; Resolved type: *github.com/jinzhu/gorm.DB; Out: [github.com/jinzhu/gorm.DB]
2025/02/14 16:36:51 Already collected type: github.com/jinzhu/gorm.DB. Current structs: [github.com/raahii/golang-grpc-realworld-example/store.ArticleStore github.com/jinzhu/gorm.DB github.com/jinzhu/gorm.SQLCommon github.com/jinzhu/gorm.logModeValue github.com/jinzhu/gorm.logger github.com/jinzhu/gorm.search github.com/jinzhu/gorm.Callback github.com/jinzhu/gorm.Dialect github.com/raahii/golang-grpc-realworld-example/model.Tag github.com/jinzhu/gorm.Model]
2025/02/14 16:36:51 Expr: Find: type of expression is &types.Signature{rparams:(*types.TypeParamList)(nil), tparams:(*types.TypeParamList)(nil), scope:(*types.Scope)(0xc014e8d920), recv:(*types.Var)(0xc014e8d9e0), params:(*types.Tuple)(0xc014b83a28), results:(*types.Tuple)(0xc014b83a40), variadic:true}; Resolved type: func(out interface{}, where ...interface{}) *github.com/jinzhu/gorm.DB; Out: []
2025/02/14 16:36:51 Resolved slice type: []github.com/raahii/golang-grpc-realworld-example/model.Tag
2025/02/14 16:36:51 Already collected type: github.com/raahii/golang-grpc-realworld-example/model.Tag. Current structs: [github.com/raahii/golang-grpc-realworld-example/store.ArticleStore github.com/jinzhu/gorm.DB github.com/jinzhu/gorm.SQLCommon github.com/jinzhu/gorm.logModeValue github.com/jinzhu/gorm.logger github.com/jinzhu/gorm.search github.com/jinzhu/gorm.Callback github.com/jinzhu/gorm.Dialect github.com/raahii/golang-grpc-realworld-example/model.Tag github.com/jinzhu/gorm.Model]
2025/02/14 16:36:51 Expr: Error: type of expression is &types.Named{check:(*types.Checker)(nil), obj:(*types.TypeName)(0xc00006ca00), fromRHS:(*types.Interface)(0xc00006ca50), inst:(*types.instance)(nil), mu:sync.Mutex{state:0, sema:0x0}, state_:0x2, underlying:(*types.Interface)(0xc00006ca50), tparams:(*types.TypeParamList)(nil), methods:[]*types.Func(nil), loader:(func(*types.Named) ([]*types.TypeParam, types.Type, []*types.Func))(nil)}; Resolved type: error; Out: []
2025/02/14 16:36:51 Expr: err: type of expression is &types.Named{check:(*types.Checker)(nil), obj:(*types.TypeName)(0xc00006ca00), fromRHS:(*types.Interface)(0xc00006ca50), inst:(*types.instance)(nil), mu:sync.Mutex{state:0, sema:0x0}, state_:0x2, underlying:(*types.Interface)(0xc00006ca50), tparams:(*types.TypeParamList)(nil), methods:[]*types.Func(nil), loader:(func(*types.Named) ([]*types.TypeParam, types.Type, []*types.Func))(nil)}; Resolved type: error; Out: []
2025/02/14 16:36:51 Resolved slice type: []github.com/raahii/golang-grpc-realworld-example/model.Tag
2025/02/14 16:36:51 Already collected type: github.com/raahii/golang-grpc-realworld-example/model.Tag. Current structs: [github.com/raahii/golang-grpc-realworld-example/store.ArticleStore github.com/jinzhu/gorm.DB github.com/jinzhu/gorm.SQLCommon github.com/jinzhu/gorm.logModeValue github.com/jinzhu/gorm.logger github.com/jinzhu/gorm.search github.com/jinzhu/gorm.Callback github.com/jinzhu/gorm.Dialect github.com/raahii/golang-grpc-realworld-example/model.Tag github.com/jinzhu/gorm.Model]
2025/02/14 16:36:51 Expr: err: type of expression is &types.Named{check:(*types.Checker)(nil), obj:(*types.TypeName)(0xc00006ca00), fromRHS:(*types.Interface)(0xc00006ca50), inst:(*types.instance)(nil), mu:sync.Mutex{state:0, sema:0x0}, state_:0x2, underlying:(*types.Interface)(0xc00006ca50), tparams:(*types.TypeParamList)(nil), methods:[]*types.Func(nil), loader:(func(*types.Named) ([]*types.TypeParam, types.Type, []*types.Func))(nil)}; Resolved type: error; Out: []
2025/02/14 16:36:51 Resolved slice type: []github.com/raahii/golang-grpc-realworld-example/model.Tag
2025/02/14 16:36:51 Already collected type: github.com/raahii/golang-grpc-realworld-example/model.Tag. Current structs: [github.com/raahii/golang-grpc-realworld-example/store.ArticleStore github.com/jinzhu/gorm.DB github.com/jinzhu/gorm.SQLCommon github.com/jinzhu/gorm.logModeValue github.com/jinzhu/gorm.logger github.com/jinzhu/gorm.search github.com/jinzhu/gorm.Callback github.com/jinzhu/gorm.Dialect github.com/raahii/golang-grpc-realworld-example/model.Tag github.com/jinzhu/gorm.Model]
2025/02/14 16:36:51 Receiver type: *github.com/jinzhu/gorm.DB
2025/02/14 16:36:51 Found selector function call: github.com/jinzhu/gorm.DB.Find, current functions list: []
2025/02/14 16:36:51 Split github.com/jinzhu/gorm.DB.Find into github.com/jinzhu/gorm and DB.Find:
2025/02/14 16:36:51 Split github.com/jinzhu/gorm.DB.Find into github.com/jinzhu/gorm and DB.Find:
2025/02/14 16:36:51 Found definition for github.com/jinzhu/gorm|DB.Find|func, cache results {definition:func (s *DB) Find(out interface{}, where ...interface{}) *DB {
	return s.NewScope(out).inlineCondition(where...).callCallbacks(s.parent.callbacks.queries).db
} dependentFilePath:C:\Users\aksha\go\pkg\mod\github.com\jinzhu\gorm@v1.9.12\main.go importString:package github.com/jinzhu/gorm
}
2025/02/14 16:36:51 Split github.com/jinzhu/gorm.DB into github.com/jinzhu/gorm and DB:
2025/02/14 16:36:51 Found definition for github.com/jinzhu/gorm|DB|struct, cache results {definition:type DB struct {
	sync.RWMutex
	Value        interface{}
	Error        error
	RowsAffected int64

	// single db
	db                SQLCommon
	blockGlobalUpdate bool
	logMode           logModeValue
	logger            logger
	search            *search
	values            sync.Map

	// global db
	parent        *DB
	callbacks     *Callback
	dialect       Dialect
	singularTable bool

	// function to be used to override the creating of a new timestamp
	nowFuncOverride func() time.Time
} dependentFilePath:C:\Users\aksha\go\pkg\mod\github.com\jinzhu\gorm@v1.9.12\main.go importString:package github.com/jinzhu/gorm
}
2025/02/14 16:36:51 Split github.com/jinzhu/gorm.SQLCommon into github.com/jinzhu/gorm and SQLCommon:
2025/02/14 16:36:51 Found definition for github.com/jinzhu/gorm|SQLCommon|struct, cache results {definition:type SQLCommon interface {
	Exec(query string, args ...interface{}) (sql.Result, error)
	Prepare(query string) (*sql.Stmt, error)
	Query(query string, args ...interface{}) (*sql.Rows, error)
	QueryRow(query string, args ...interface{}) *sql.Row
} dependentFilePath:C:\Users\aksha\go\pkg\mod\github.com\jinzhu\gorm@v1.9.12\interface.go importString:package github.com/jinzhu/gorm
}
2025/02/14 16:36:51 Split github.com/jinzhu/gorm.logger into github.com/jinzhu/gorm and logger:
2025/02/14 16:36:51 Found definition for github.com/jinzhu/gorm|logger|struct, cache results {definition:type logger interface {
	Print(v ...interface{})
} dependentFilePath:C:\Users\aksha\go\pkg\mod\github.com\jinzhu\gorm@v1.9.12\logger.go importString:package github.com/jinzhu/gorm
}
2025/02/14 16:36:51 Split github.com/jinzhu/gorm.Callback into github.com/jinzhu/gorm and Callback:
2025/02/14 16:36:51 Found definition for github.com/jinzhu/gorm|Callback|struct, cache results {definition:type Callback struct {
	logger     logger
	creates    []*func(scope *Scope)
	updates    []*func(scope *Scope)
	deletes    []*func(scope *Scope)
	queries    []*func(scope *Scope)
	rowQueries []*func(scope *Scope)
	processors []*CallbackProcessor
} dependentFilePath:C:\Users\aksha\go\pkg\mod\github.com\jinzhu\gorm@v1.9.12\callback.go importString:package github.com/jinzhu/gorm
}
2025/02/14 16:36:51 Split github.com/jinzhu/gorm.Model into github.com/jinzhu/gorm and Model:
2025/02/14 16:36:51 Found definition for github.com/jinzhu/gorm|Model|struct, cache results {definition:type Model struct {
	ID        uint `gorm:"primary_key"`
	CreatedAt time.Time
	UpdatedAt time.Time
	DeletedAt *time.Time `sql:"index"`
} dependentFilePath:C:\Users\aksha\go\pkg\mod\github.com\jinzhu\gorm@v1.9.12\model.go importString:package github.com/jinzhu/gorm
}
2025/02/14 16:36:51 Split github.com/raahii/golang-grpc-realworld-example/store.ArticleStore into github.com/raahii/golang-grpc-realworld-example/store and ArticleStore:
2025/02/14 16:36:51 Found definition for github.com/raahii/golang-grpc-realworld-example/store|ArticleStore|struct, cache results {definition:type ArticleStore struct {
	db *gorm.DB
} dependentFilePath:C:\var\tmp\Roost\RoostGPT\golang-1\ece53592-7de3-4391-a2fb-0d6935272614\source\golang-grpc-realworld-example\store\article.go importString:package github.com/raahii/golang-grpc-realworld-example/store
import (
	"github.com/jinzhu/gorm"
	"github.com/raahii/golang-grpc-realworld-example/model"
)
}
2025/02/14 16:36:51 Split github.com/jinzhu/gorm.logModeValue into github.com/jinzhu/gorm and logModeValue:
2025/02/14 16:36:51 Found definition for github.com/jinzhu/gorm|logModeValue|struct, cache results {definition:type logModeValue int

const (
	defaultLogMode logModeValue = iota
	noLogMode
	detailedLogMode
) dependentFilePath:C:\Users\aksha\go\pkg\mod\github.com\jinzhu\gorm@v1.9.12\main.go importString:package github.com/jinzhu/gorm
}
2025/02/14 16:36:51 Split github.com/jinzhu/gorm.search into github.com/jinzhu/gorm and search:
2025/02/14 16:36:51 Found definition for github.com/jinzhu/gorm|search|struct, cache results {definition:type search struct {
	db               *DB
	whereConditions  []map[string]interface{}
	orConditions     []map[string]interface{}
	notConditions    []map[string]interface{}
	havingConditions []map[string]interface{}
	joinConditions   []map[string]interface{}
	initAttrs        []interface{}
	assignAttrs      []interface{}
	selects          map[string]interface{}
	omits            []string
	orders           []interface{}
	preload          []searchPreload
	offset           interface{}
	limit            interface{}
	group            string
	tableName        string
	raw              bool
	Unscoped         bool
	ignoreOrderQuery bool
} dependentFilePath:C:\Users\aksha\go\pkg\mod\github.com\jinzhu\gorm@v1.9.12\search.go importString:package github.com/jinzhu/gorm
}
2025/02/14 16:36:51 Split github.com/jinzhu/gorm.Dialect into github.com/jinzhu/gorm and Dialect:
2025/02/14 16:36:51 Found definition for github.com/jinzhu/gorm|Dialect|struct, cache results {definition:type Dialect interface {
	// GetName get dialect's name
	GetName() string

	// SetDB set db for dialect
	SetDB(db SQLCommon)

	// BindVar return the placeholder for actual values in SQL statements, in many dbs it is "?", Postgres using $1
	BindVar(i int) string
	// Quote quotes field name to avoid SQL parsing exceptions by using a reserved word as a field name
	Quote(key string) string
	// DataTypeOf return data's sql type
	DataTypeOf(field *StructField) string

	// HasIndex check has index or not
	HasIndex(tableName string, indexName string) bool
	// HasForeignKey check has foreign key or not
	HasForeignKey(tableName string, foreignKeyName string) bool
	// RemoveIndex remove index
	RemoveIndex(tableName string, indexName string) error
	// HasTable check has table or not
	HasTable(tableName string) bool
	// HasColumn check has column or not
	HasColumn(tableName string, columnName string) bool
	// ModifyColumn modify column's type
	ModifyColumn(tableName string, columnName string, typ string) error

	// LimitAndOffsetSQL return generated SQL with Limit and Offset, as mssql has special case
	LimitAndOffsetSQL(limit, offset interface{}) (string, error)
	// SelectFromDummyTable return select values, for most dbs, `SELECT values` just works, mysql needs `SELECT value FROM DUAL`
	SelectFromDummyTable() string
	// LastInsertIDOutputInterstitial most dbs support LastInsertId, but mssql needs to use `OUTPUT`
	LastInsertIDOutputInterstitial(tableName, columnName string, columns []string) string
	// LastInsertIdReturningSuffix most dbs support LastInsertId, but postgres needs to use `RETURNING`
	LastInsertIDReturningSuffix(tableName, columnName string) string
	// DefaultValueStr
	DefaultValueStr() string

	// BuildKeyName returns a valid key name (foreign key, index key) for the given table, field and reference
	BuildKeyName(kind, tableName string, fields ...string) string

	// NormalizeIndexAndColumn returns valid index name and column name depending on each dialect
	NormalizeIndexAndColumn(indexName, columnName string) (string, string)

	// CurrentDatabase return current database name
	CurrentDatabase() string
} dependentFilePath:C:\Users\aksha\go\pkg\mod\github.com\jinzhu\gorm@v1.9.12\dialect.go importString:package github.com/jinzhu/gorm
}
2025/02/14 16:36:51 Split github.com/raahii/golang-grpc-realworld-example/model.Tag into github.com/raahii/golang-grpc-realworld-example/model and Tag:
2025/02/14 16:36:51 Found definition for github.com/raahii/golang-grpc-realworld-example/model|Tag|struct, cache results {definition:type Tag struct {
	gorm.Model
	Name string `gorm:"not null"`
} dependentFilePath:C:\var\tmp\Roost\RoostGPT\golang-1\ece53592-7de3-4391-a2fb-0d6935272614\source\golang-grpc-realworld-example\model\article.go importString:package github.com/raahii/golang-grpc-realworld-example/model
import (
	validation "github.com/go-ozzo/ozzo-validation"
	"github.com/jinzhu/gorm"
	pb "github.com/raahii/golang-grpc-realworld-example/proto"
)
}
2025/02/14 16:36:51 Analyzing function: CreateComment in file: C:\var\tmp\Roost\RoostGPT\golang-1\ece53592-7de3-4391-a2fb-0d6935272614\source\golang-grpc-realworld-example\store\article.go
2025/02/14 16:36:51 Expr: &{Star:14974184 X:ArticleStore}: type of expression is &types.Pointer{base:(*types.Named)(0xc014479490)}; Resolved type: *github.com/raahii/golang-grpc-realworld-example/store.ArticleStore; Out: [github.com/raahii/golang-grpc-realworld-example/store.ArticleStore]
2025/02/14 16:36:51 Recording and checking type: github.com/raahii/golang-grpc-realworld-example/store.ArticleStore
2025/02/14 16:36:51 Processing struct: github.com/raahii/golang-grpc-realworld-example/store.ArticleStore with 1 fields
2025/02/14 16:36:51 Recording and checking type: github.com/jinzhu/gorm.DB
2025/02/14 16:36:51 Processing struct: github.com/jinzhu/gorm.DB with 15 fields
2025/02/14 16:36:51 Recording and checking type: github.com/jinzhu/gorm.SQLCommon
2025/02/14 16:36:51 Underlying type is not a struct for: github.com/jinzhu/gorm.SQLCommon
2025/02/14 16:36:51 Recording and checking type: github.com/jinzhu/gorm.logModeValue
2025/02/14 16:36:51 Underlying type is not a struct for: github.com/jinzhu/gorm.logModeValue
2025/02/14 16:36:51 Recording and checking type: github.com/jinzhu/gorm.logger
2025/02/14 16:36:51 Underlying type is not a struct for: github.com/jinzhu/gorm.logger
2025/02/14 16:36:51 Recording and checking type: github.com/jinzhu/gorm.search
2025/02/14 16:36:51 Processing struct: github.com/jinzhu/gorm.search with 19 fields
2025/02/14 16:36:51 Recording and checking type: github.com/jinzhu/gorm.Callback
2025/02/14 16:36:51 Processing struct: github.com/jinzhu/gorm.Callback with 7 fields
2025/02/14 16:36:51 Recording and checking type: github.com/jinzhu/gorm.Dialect
2025/02/14 16:36:51 Underlying type is not a struct for: github.com/jinzhu/gorm.Dialect
2025/02/14 16:36:51 Expr: &{Star:14974215 X:0xc01eb431e8}: type of expression is &types.Pointer{base:(*types.Named)(0xc017970e70)}; Resolved type: *github.com/raahii/golang-grpc-realworld-example/model.Comment; Out: [github.com/raahii/golang-grpc-realworld-example/model.Comment]
2025/02/14 16:36:51 Collected field type: github.com/raahii/golang-grpc-realworld-example/model.Comment
2025/02/14 16:36:51 Recording and checking type: github.com/raahii/golang-grpc-realworld-example/model.Comment
2025/02/14 16:36:51 Processing struct: github.com/raahii/golang-grpc-realworld-example/model.Comment with 6 fields
2025/02/14 16:36:51 Recording and checking type: github.com/jinzhu/gorm.Model
2025/02/14 16:36:51 Processing struct: github.com/jinzhu/gorm.Model with 4 fields
2025/02/14 16:36:51 Recording and checking type: github.com/raahii/golang-grpc-realworld-example/model.User
2025/02/14 16:36:51 Processing struct: github.com/raahii/golang-grpc-realworld-example/model.User with 8 fields
2025/02/14 16:36:51 Recording and checking type: github.com/raahii/golang-grpc-realworld-example/model.Article
2025/02/14 16:36:51 Processing struct: github.com/raahii/golang-grpc-realworld-example/model.Article with 10 fields
2025/02/14 16:36:51 Expr: error: type of expression is &types.Named{check:(*types.Checker)(nil), obj:(*types.TypeName)(0xc00006ca00), fromRHS:(*types.Interface)(0xc00006ca50), inst:(*types.instance)(nil), mu:sync.Mutex{state:0, sema:0x0}, state_:0x2, underlying:(*types.Interface)(0xc00006ca50), tparams:(*types.TypeParamList)(nil), methods:[]*types.Func(nil), loader:(func(*types.Named) ([]*types.TypeParam, types.Type, []*types.Func))(nil)}; Resolved type: error; Out: []
2025/02/14 16:36:51 Expr: s: type of expression is &types.Pointer{base:(*types.Named)(0xc014479490)}; Resolved type: *github.com/raahii/golang-grpc-realworld-example/store.ArticleStore; Out: [github.com/raahii/golang-grpc-realworld-example/store.ArticleStore]
2025/02/14 16:36:51 Already collected type: github.com/raahii/golang-grpc-realworld-example/store.ArticleStore. Current structs: [github.com/raahii/golang-grpc-realworld-example/store.ArticleStore github.com/jinzhu/gorm.DB github.com/jinzhu/gorm.SQLCommon github.com/jinzhu/gorm.logModeValue github.com/jinzhu/gorm.logger github.com/jinzhu/gorm.search github.com/jinzhu/gorm.Callback github.com/jinzhu/gorm.Dialect github.com/raahii/golang-grpc-realworld-example/model.Comment github.com/jinzhu/gorm.Model github.com/raahii/golang-grpc-realworld-example/model.User github.com/raahii/golang-grpc-realworld-example/model.Article]
2025/02/14 16:36:51 Expr: db: type of expression is &types.Pointer{base:(*types.Named)(0xc0134725b0)}; Resolved type: *github.com/jinzhu/gorm.DB; Out: [github.com/jinzhu/gorm.DB]
2025/02/14 16:36:51 Already collected type: github.com/jinzhu/gorm.DB. Current structs: [github.com/raahii/golang-grpc-realworld-example/store.ArticleStore github.com/jinzhu/gorm.DB github.com/jinzhu/gorm.SQLCommon github.com/jinzhu/gorm.logModeValue github.com/jinzhu/gorm.logger github.com/jinzhu/gorm.search github.com/jinzhu/gorm.Callback github.com/jinzhu/gorm.Dialect github.com/raahii/golang-grpc-realworld-example/model.Comment github.com/jinzhu/gorm.Model github.com/raahii/golang-grpc-realworld-example/model.User github.com/raahii/golang-grpc-realworld-example/model.Article]
2025/02/14 16:36:51 Expr: Create: type of expression is &types.Signature{rparams:(*types.TypeParamList)(nil), tparams:(*types.TypeParamList)(nil), scope:(*types.Scope)(0xc014e919e0), recv:(*types.Var)(0xc014e91aa0), params:(*types.Tuple)(0xc014b83cf8), results:(*types.Tuple)(0xc014b83d10), variadic:false}; Resolved type: func(value interface{}) *github.com/jinzhu/gorm.DB; Out: []
2025/02/14 16:36:51 Expr: m: type of expression is &types.Pointer{base:(*types.Named)(0xc017970e70)}; Resolved type: *github.com/raahii/golang-grpc-realworld-example/model.Comment; Out: [github.com/raahii/golang-grpc-realworld-example/model.Comment]
2025/02/14 16:36:51 Already collected type: github.com/raahii/golang-grpc-realworld-example/model.Comment. Current structs: [github.com/raahii/golang-grpc-realworld-example/store.ArticleStore github.com/jinzhu/gorm.DB github.com/jinzhu/gorm.SQLCommon github.com/jinzhu/gorm.logModeValue github.com/jinzhu/gorm.logger github.com/jinzhu/gorm.search github.com/jinzhu/gorm.Callback github.com/jinzhu/gorm.Dialect github.com/raahii/golang-grpc-realworld-example/model.Comment github.com/jinzhu/gorm.Model github.com/raahii/golang-grpc-realworld-example/model.User github.com/raahii/golang-grpc-realworld-example/model.Article]
2025/02/14 16:36:51 Expr: Error: type of expression is &types.Named{check:(*types.Checker)(nil), obj:(*types.TypeName)(0xc00006ca00), fromRHS:(*types.Interface)(0xc00006ca50), inst:(*types.instance)(nil), mu:sync.Mutex{state:0, sema:0x0}, state_:0x2, underlying:(*types.Interface)(0xc00006ca50), tparams:(*types.TypeParamList)(nil), methods:[]*types.Func(nil), loader:(func(*types.Named) ([]*types.TypeParam, types.Type, []*types.Func))(nil)}; Resolved type: error; Out: []
2025/02/14 16:36:51 Receiver type: *github.com/jinzhu/gorm.DB
2025/02/14 16:36:51 Found selector function call: github.com/jinzhu/gorm.DB.Create, current functions list: []
2025/02/14 16:36:51 Split github.com/jinzhu/gorm.DB.Create into github.com/jinzhu/gorm and DB.Create:
2025/02/14 16:36:51 Split github.com/jinzhu/gorm.DB.Create into github.com/jinzhu/gorm and DB.Create:
2025/02/14 16:36:51 Found definition for github.com/jinzhu/gorm|DB.Create|func, cache results {definition:func (s *DB) Create(value interface{}) *DB {
	scope := s.NewScope(value)
	return scope.callCallbacks(s.parent.callbacks.creates).db
} dependentFilePath:C:\Users\aksha\go\pkg\mod\github.com\jinzhu\gorm@v1.9.12\main.go importString:package github.com/jinzhu/gorm
}
2025/02/14 16:36:51 Split github.com/jinzhu/gorm.Dialect into github.com/jinzhu/gorm and Dialect:
2025/02/14 16:36:51 Found definition for github.com/jinzhu/gorm|Dialect|struct, cache results {definition:type Dialect interface {
	// GetName get dialect's name
	GetName() string

	// SetDB set db for dialect
	SetDB(db SQLCommon)

	// BindVar return the placeholder for actual values in SQL statements, in many dbs it is "?", Postgres using $1
	BindVar(i int) string
	// Quote quotes field name to avoid SQL parsing exceptions by using a reserved word as a field name
	Quote(key string) string
	// DataTypeOf return data's sql type
	DataTypeOf(field *StructField) string

	// HasIndex check has index or not
	HasIndex(tableName string, indexName string) bool
	// HasForeignKey check has foreign key or not
	HasForeignKey(tableName string, foreignKeyName string) bool
	// RemoveIndex remove index
	RemoveIndex(tableName string, indexName string) error
	// HasTable check has table or not
	HasTable(tableName string) bool
	// HasColumn check has column or not
	HasColumn(tableName string, columnName string) bool
	// ModifyColumn modify column's type
	ModifyColumn(tableName string, columnName string, typ string) error

	// LimitAndOffsetSQL return generated SQL with Limit and Offset, as mssql has special case
	LimitAndOffsetSQL(limit, offset interface{}) (string, error)
	// SelectFromDummyTable return select values, for most dbs, `SELECT values` just works, mysql needs `SELECT value FROM DUAL`
	SelectFromDummyTable() string
	// LastInsertIDOutputInterstitial most dbs support LastInsertId, but mssql needs to use `OUTPUT`
	LastInsertIDOutputInterstitial(tableName, columnName string, columns []string) string
	// LastInsertIdReturningSuffix most dbs support LastInsertId, but postgres needs to use `RETURNING`
	LastInsertIDReturningSuffix(tableName, columnName string) string
	// DefaultValueStr
	DefaultValueStr() string

	// BuildKeyName returns a valid key name (foreign key, index key) for the given table, field and reference
	BuildKeyName(kind, tableName string, fields ...string) string

	// NormalizeIndexAndColumn returns valid index name and column name depending on each dialect
	NormalizeIndexAndColumn(indexName, columnName string) (string, string)

	// CurrentDatabase return current database name
	CurrentDatabase() string
} dependentFilePath:C:\Users\aksha\go\pkg\mod\github.com\jinzhu\gorm@v1.9.12\dialect.go importString:package github.com/jinzhu/gorm
}
2025/02/14 16:36:51 Split github.com/jinzhu/gorm.Model into github.com/jinzhu/gorm and Model:
2025/02/14 16:36:51 Found definition for github.com/jinzhu/gorm|Model|struct, cache results {definition:type Model struct {
	ID        uint `gorm:"primary_key"`
	CreatedAt time.Time
	UpdatedAt time.Time
	DeletedAt *time.Time `sql:"index"`
} dependentFilePath:C:\Users\aksha\go\pkg\mod\github.com\jinzhu\gorm@v1.9.12\model.go importString:package github.com/jinzhu/gorm
}
2025/02/14 16:36:51 Split github.com/raahii/golang-grpc-realworld-example/model.User into github.com/raahii/golang-grpc-realworld-example/model and User:
2025/02/14 16:36:51 Found definition for github.com/raahii/golang-grpc-realworld-example/model|User|struct, cache results {definition:type User struct {
	gorm.Model
	Username         string    `gorm:"unique_index;not null"`
	Email            string    `gorm:"unique_index;not null"`
	Password         string    `gorm:"not null"`
	Bio              string    `gorm:"not null"`
	Image            string    `gorm:"not null"`
	Follows          []User    `gorm:"many2many:follows;jointable_foreignkey:from_user_id;association_jointable_foreignkey:to_user_id"`
	FavoriteArticles []Article `gorm:"many2many:favorite_articles;"`
} dependentFilePath:C:\var\tmp\Roost\RoostGPT\golang-1\ece53592-7de3-4391-a2fb-0d6935272614\source\golang-grpc-realworld-example\model\user.go importString:package github.com/raahii/golang-grpc-realworld-example/model
import (
	validation "github.com/go-ozzo/ozzo-validation"
	"github.com/go-ozzo/ozzo-validation/is"
	"github.com/jinzhu/gorm"
	pb "github.com/raahii/golang-grpc-realworld-example/proto"
	"golang.org/x/crypto/bcrypt"
)
}
2025/02/14 16:36:51 Split github.com/raahii/golang-grpc-realworld-example/model.Article into github.com/raahii/golang-grpc-realworld-example/model and Article:
2025/02/14 16:36:51 Found definition for github.com/raahii/golang-grpc-realworld-example/model|Article|struct, cache results {definition:type Article struct {
	gorm.Model
	Title          string `gorm:"not null"`
	Description    string `gorm:"not null"`
	Body           string `gorm:"not null"`
	Tags           []Tag  `gorm:"many2many:article_tags"`
	Author         User   `gorm:"foreignkey:UserID"`
	UserID         uint   `gorm:"not null"`
	FavoritesCount int32  `gorm:"not null;default=0"`
	FavoritedUsers []User `gorm:"many2many:favorite_articles"`
	Comments       []Comment
} dependentFilePath:C:\var\tmp\Roost\RoostGPT\golang-1\ece53592-7de3-4391-a2fb-0d6935272614\source\golang-grpc-realworld-example\model\article.go importString:package github.com/raahii/golang-grpc-realworld-example/model
import (
	validation "github.com/go-ozzo/ozzo-validation"
	"github.com/jinzhu/gorm"
	pb "github.com/raahii/golang-grpc-realworld-example/proto"
)
}
2025/02/14 16:36:51 Split github.com/jinzhu/gorm.DB into github.com/jinzhu/gorm and DB:
2025/02/14 16:36:51 Found definition for github.com/jinzhu/gorm|DB|struct, cache results {definition:type DB struct {
	sync.RWMutex
	Value        interface{}
	Error        error
	RowsAffected int64

	// single db
	db                SQLCommon
	blockGlobalUpdate bool
	logMode           logModeValue
	logger            logger
	search            *search
	values            sync.Map

	// global db
	parent        *DB
	callbacks     *Callback
	dialect       Dialect
	singularTable bool

	// function to be used to override the creating of a new timestamp
	nowFuncOverride func() time.Time
} dependentFilePath:C:\Users\aksha\go\pkg\mod\github.com\jinzhu\gorm@v1.9.12\main.go importString:package github.com/jinzhu/gorm
}
2025/02/14 16:36:51 Split github.com/jinzhu/gorm.SQLCommon into github.com/jinzhu/gorm and SQLCommon:
2025/02/14 16:36:51 Found definition for github.com/jinzhu/gorm|SQLCommon|struct, cache results {definition:type SQLCommon interface {
	Exec(query string, args ...interface{}) (sql.Result, error)
	Prepare(query string) (*sql.Stmt, error)
	Query(query string, args ...interface{}) (*sql.Rows, error)
	QueryRow(query string, args ...interface{}) *sql.Row
} dependentFilePath:C:\Users\aksha\go\pkg\mod\github.com\jinzhu\gorm@v1.9.12\interface.go importString:package github.com/jinzhu/gorm
}
2025/02/14 16:36:51 Split github.com/jinzhu/gorm.Callback into github.com/jinzhu/gorm and Callback:
2025/02/14 16:36:51 Found definition for github.com/jinzhu/gorm|Callback|struct, cache results {definition:type Callback struct {
	logger     logger
	creates    []*func(scope *Scope)
	updates    []*func(scope *Scope)
	deletes    []*func(scope *Scope)
	queries    []*func(scope *Scope)
	rowQueries []*func(scope *Scope)
	processors []*CallbackProcessor
} dependentFilePath:C:\Users\aksha\go\pkg\mod\github.com\jinzhu\gorm@v1.9.12\callback.go importString:package github.com/jinzhu/gorm
}
2025/02/14 16:36:51 Split github.com/jinzhu/gorm.search into github.com/jinzhu/gorm and search:
2025/02/14 16:36:51 Found definition for github.com/jinzhu/gorm|search|struct, cache results {definition:type search struct {
	db               *DB
	whereConditions  []map[string]interface{}
	orConditions     []map[string]interface{}
	notConditions    []map[string]interface{}
	havingConditions []map[string]interface{}
	joinConditions   []map[string]interface{}
	initAttrs        []interface{}
	assignAttrs      []interface{}
	selects          map[string]interface{}
	omits            []string
	orders           []interface{}
	preload          []searchPreload
	offset           interface{}
	limit            interface{}
	group            string
	tableName        string
	raw              bool
	Unscoped         bool
	ignoreOrderQuery bool
} dependentFilePath:C:\Users\aksha\go\pkg\mod\github.com\jinzhu\gorm@v1.9.12\search.go importString:package github.com/jinzhu/gorm
}
2025/02/14 16:36:51 Split github.com/raahii/golang-grpc-realworld-example/model.Comment into github.com/raahii/golang-grpc-realworld-example/model and Comment:
2025/02/14 16:36:51 Found definition for github.com/raahii/golang-grpc-realworld-example/model|Comment|struct, cache results {definition:type Comment struct {
	gorm.Model
	Body      string `gorm:"not null"`
	UserID    uint   `gorm:"not null"`
	Author    User   `gorm:"foreignkey:UserID"`
	ArticleID uint   `gorm:"not null"`
	Article   Article
} dependentFilePath:C:\var\tmp\Roost\RoostGPT\golang-1\ece53592-7de3-4391-a2fb-0d6935272614\source\golang-grpc-realworld-example\model\comment.go importString:package github.com/raahii/golang-grpc-realworld-example/model
import (
	validation "github.com/go-ozzo/ozzo-validation"
	"github.com/jinzhu/gorm"
	pb "github.com/raahii/golang-grpc-realworld-example/proto"
)
}
2025/02/14 16:36:51 Split github.com/raahii/golang-grpc-realworld-example/store.ArticleStore into github.com/raahii/golang-grpc-realworld-example/store and ArticleStore:
2025/02/14 16:36:51 Found definition for github.com/raahii/golang-grpc-realworld-example/store|ArticleStore|struct, cache results {definition:type ArticleStore struct {
	db *gorm.DB
} dependentFilePath:C:\var\tmp\Roost\RoostGPT\golang-1\ece53592-7de3-4391-a2fb-0d6935272614\source\golang-grpc-realworld-example\store\article.go importString:package github.com/raahii/golang-grpc-realworld-example/store
import (
	"github.com/jinzhu/gorm"
	"github.com/raahii/golang-grpc-realworld-example/model"
)
}
2025/02/14 16:36:51 Split github.com/jinzhu/gorm.logModeValue into github.com/jinzhu/gorm and logModeValue:
2025/02/14 16:36:51 Found definition for github.com/jinzhu/gorm|logModeValue|struct, cache results {definition:type logModeValue int

const (
	defaultLogMode logModeValue = iota
	noLogMode
	detailedLogMode
) dependentFilePath:C:\Users\aksha\go\pkg\mod\github.com\jinzhu\gorm@v1.9.12\main.go importString:package github.com/jinzhu/gorm
}
2025/02/14 16:36:51 Split github.com/jinzhu/gorm.logger into github.com/jinzhu/gorm and logger:
2025/02/14 16:36:51 Found definition for github.com/jinzhu/gorm|logger|struct, cache results {definition:type logger interface {
	Print(v ...interface{})
} dependentFilePath:C:\Users\aksha\go\pkg\mod\github.com\jinzhu\gorm@v1.9.12\logger.go importString:package github.com/jinzhu/gorm
}
2025/02/14 16:36:51 Analyzing function: GetComments in file: C:\var\tmp\Roost\RoostGPT\golang-1\ece53592-7de3-4391-a2fb-0d6935272614\source\golang-grpc-realworld-example\store\article.go
2025/02/14 16:36:51 Expr: &{Star:14974323 X:ArticleStore}: type of expression is &types.Pointer{base:(*types.Named)(0xc014479490)}; Resolved type: *github.com/raahii/golang-grpc-realworld-example/store.ArticleStore; Out: [github.com/raahii/golang-grpc-realworld-example/store.ArticleStore]
2025/02/14 16:36:51 Recording and checking type: github.com/raahii/golang-grpc-realworld-example/store.ArticleStore
2025/02/14 16:36:51 Processing struct: github.com/raahii/golang-grpc-realworld-example/store.ArticleStore with 1 fields
2025/02/14 16:36:51 Recording and checking type: github.com/jinzhu/gorm.DB
2025/02/14 16:36:51 Processing struct: github.com/jinzhu/gorm.DB with 15 fields
2025/02/14 16:36:51 Recording and checking type: github.com/jinzhu/gorm.SQLCommon
2025/02/14 16:36:51 Underlying type is not a struct for: github.com/jinzhu/gorm.SQLCommon
2025/02/14 16:36:51 Recording and checking type: github.com/jinzhu/gorm.logModeValue
2025/02/14 16:36:51 Underlying type is not a struct for: github.com/jinzhu/gorm.logModeValue
2025/02/14 16:36:51 Recording and checking type: github.com/jinzhu/gorm.logger
2025/02/14 16:36:51 Underlying type is not a struct for: github.com/jinzhu/gorm.logger
2025/02/14 16:36:51 Recording and checking type: github.com/jinzhu/gorm.search
2025/02/14 16:36:51 Processing struct: github.com/jinzhu/gorm.search with 19 fields
2025/02/14 16:36:51 Recording and checking type: github.com/jinzhu/gorm.Callback
2025/02/14 16:36:51 Processing struct: github.com/jinzhu/gorm.Callback with 7 fields
2025/02/14 16:36:51 Recording and checking type: github.com/jinzhu/gorm.Dialect
2025/02/14 16:36:51 Underlying type is not a struct for: github.com/jinzhu/gorm.Dialect
2025/02/14 16:36:51 Expr: &{Star:14974352 X:0xc01eb432d8}: type of expression is &types.Pointer{base:(*types.Named)(0xc017970d20)}; Resolved type: *github.com/raahii/golang-grpc-realworld-example/model.Article; Out: [github.com/raahii/golang-grpc-realworld-example/model.Article]
2025/02/14 16:36:51 Collected field type: github.com/raahii/golang-grpc-realworld-example/model.Article
2025/02/14 16:36:51 Recording and checking type: github.com/raahii/golang-grpc-realworld-example/model.Article
2025/02/14 16:36:51 Processing struct: github.com/raahii/golang-grpc-realworld-example/model.Article with 10 fields
2025/02/14 16:36:51 Recording and checking type: github.com/jinzhu/gorm.Model
2025/02/14 16:36:51 Processing struct: github.com/jinzhu/gorm.Model with 4 fields
2025/02/14 16:36:51 Recording and checking type: github.com/raahii/golang-grpc-realworld-example/model.Tag
2025/02/14 16:36:51 Processing struct: github.com/raahii/golang-grpc-realworld-example/model.Tag with 2 fields
2025/02/14 16:36:51 Recording and checking type: github.com/raahii/golang-grpc-realworld-example/model.User
2025/02/14 16:36:51 Processing struct: github.com/raahii/golang-grpc-realworld-example/model.User with 8 fields
2025/02/14 16:36:51 Recording and checking type: github.com/raahii/golang-grpc-realworld-example/model.Comment
2025/02/14 16:36:51 Processing struct: github.com/raahii/golang-grpc-realworld-example/model.Comment with 6 fields
2025/02/14 16:36:51 Resolved slice type: []github.com/raahii/golang-grpc-realworld-example/model.Comment
2025/02/14 16:36:51 Collected field type: github.com/raahii/golang-grpc-realworld-example/model.Comment
2025/02/14 16:36:51 Expr: error: type of expression is &types.Named{check:(*types.Checker)(nil), obj:(*types.TypeName)(0xc00006ca00), fromRHS:(*types.Interface)(0xc00006ca50), inst:(*types.instance)(nil), mu:sync.Mutex{state:0, sema:0x0}, state_:0x2, underlying:(*types.Interface)(0xc00006ca50), tparams:(*types.TypeParamList)(nil), methods:[]*types.Func(nil), loader:(func(*types.Named) ([]*types.TypeParam, types.Type, []*types.Func))(nil)}; Resolved type: error; Out: []
2025/02/14 16:36:51 Already collected type: github.com/raahii/golang-grpc-realworld-example/model.Comment. Current structs: [github.com/raahii/golang-grpc-realworld-example/store.ArticleStore github.com/jinzhu/gorm.DB github.com/jinzhu/gorm.SQLCommon github.com/jinzhu/gorm.logModeValue github.com/jinzhu/gorm.logger github.com/jinzhu/gorm.search github.com/jinzhu/gorm.Callback github.com/jinzhu/gorm.Dialect github.com/raahii/golang-grpc-realworld-example/model.Article github.com/jinzhu/gorm.Model github.com/raahii/golang-grpc-realworld-example/model.Tag github.com/raahii/golang-grpc-realworld-example/model.User github.com/raahii/golang-grpc-realworld-example/model.Comment]
2025/02/14 16:36:51 Resolved slice type: []github.com/raahii/golang-grpc-realworld-example/model.Comment
2025/02/14 16:36:51 Already collected type: github.com/raahii/golang-grpc-realworld-example/model.Comment. Current structs: [github.com/raahii/golang-grpc-realworld-example/store.ArticleStore github.com/jinzhu/gorm.DB github.com/jinzhu/gorm.SQLCommon github.com/jinzhu/gorm.logModeValue github.com/jinzhu/gorm.logger github.com/jinzhu/gorm.search github.com/jinzhu/gorm.Callback github.com/jinzhu/gorm.Dialect github.com/raahii/golang-grpc-realworld-example/model.Article github.com/jinzhu/gorm.Model github.com/raahii/golang-grpc-realworld-example/model.Tag github.com/raahii/golang-grpc-realworld-example/model.User github.com/raahii/golang-grpc-realworld-example/model.Comment]
2025/02/14 16:36:51 Expr: Comment: type of expression is &types.Named{check:(*types.Checker)(nil), obj:(*types.TypeName)(0xc01e4ffc70), fromRHS:(*types.Struct)(0xc01e6a4510), inst:(*types.instance)(nil), mu:sync.Mutex{state:0, sema:0x0}, state_:0x2, underlying:(*types.Struct)(0xc01e6a4510), tparams:(*types.TypeParamList)(nil), methods:[]*types.Func{(*types.Func)(0xc01e4879e0), (*types.Func)(0xc01e487aa0)}, loader:(func(*types.Named) ([]*types.TypeParam, types.Type, []*types.Func))(nil)}; Resolved type: github.com/raahii/golang-grpc-realworld-example/model.Comment; Out: [github.com/raahii/golang-grpc-realworld-example/model.Comment]
2025/02/14 16:36:51 Already collected type: github.com/raahii/golang-grpc-realworld-example/model.Comment. Current structs: [github.com/raahii/golang-grpc-realworld-example/store.ArticleStore github.com/jinzhu/gorm.DB github.com/jinzhu/gorm.SQLCommon github.com/jinzhu/gorm.logModeValue github.com/jinzhu/gorm.logger github.com/jinzhu/gorm.search github.com/jinzhu/gorm.Callback github.com/jinzhu/gorm.Dialect github.com/raahii/golang-grpc-realworld-example/model.Article github.com/jinzhu/gorm.Model github.com/raahii/golang-grpc-realworld-example/model.Tag github.com/raahii/golang-grpc-realworld-example/model.User github.com/raahii/golang-grpc-realworld-example/model.Comment]
2025/02/14 16:36:51 Expr: &{X:0xc007c08400 Sel:Error}: type of expression is &types.Named{check:(*types.Checker)(nil), obj:(*types.TypeName)(0xc00006ca00), fromRHS:(*types.Interface)(0xc00006ca50), inst:(*types.instance)(nil), mu:sync.Mutex{state:0, sema:0x0}, state_:0x2, underlying:(*types.Interface)(0xc00006ca50), tparams:(*types.TypeParamList)(nil), methods:[]*types.Func(nil), loader:(func(*types.Named) ([]*types.TypeParam, types.Type, []*types.Func))(nil)}; Resolved type: error; Out: []
2025/02/14 16:36:51 Expr: err: type of expression is &types.Named{check:(*types.Checker)(nil), obj:(*types.TypeName)(0xc00006ca00), fromRHS:(*types.Interface)(0xc00006ca50), inst:(*types.instance)(nil), mu:sync.Mutex{state:0, sema:0x0}, state_:0x2, underlying:(*types.Interface)(0xc00006ca50), tparams:(*types.TypeParamList)(nil), methods:[]*types.Func(nil), loader:(func(*types.Named) ([]*types.TypeParam, types.Type, []*types.Func))(nil)}; Resolved type: error; Out: []
2025/02/14 16:36:51 Expr: s: type of expression is &types.Pointer{base:(*types.Named)(0xc014479490)}; Resolved type: *github.com/raahii/golang-grpc-realworld-example/store.ArticleStore; Out: [github.com/raahii/golang-grpc-realworld-example/store.ArticleStore]
2025/02/14 16:36:51 Already collected type: github.com/raahii/golang-grpc-realworld-example/store.ArticleStore. Current structs: [github.com/raahii/golang-grpc-realworld-example/store.ArticleStore github.com/jinzhu/gorm.DB github.com/jinzhu/gorm.SQLCommon github.com/jinzhu/gorm.logModeValue github.com/jinzhu/gorm.logger github.com/jinzhu/gorm.search github.com/jinzhu/gorm.Callback github.com/jinzhu/gorm.Dialect github.com/raahii/golang-grpc-realworld-example/model.Article github.com/jinzhu/gorm.Model github.com/raahii/golang-grpc-realworld-example/model.Tag github.com/raahii/golang-grpc-realworld-example/model.User github.com/raahii/golang-grpc-realworld-example/model.Comment]
2025/02/14 16:36:51 Expr: db: type of expression is &types.Pointer{base:(*types.Named)(0xc0134725b0)}; Resolved type: *github.com/jinzhu/gorm.DB; Out: [github.com/jinzhu/gorm.DB]
2025/02/14 16:36:51 Already collected type: github.com/jinzhu/gorm.DB. Current structs: [github.com/raahii/golang-grpc-realworld-example/store.ArticleStore github.com/jinzhu/gorm.DB github.com/jinzhu/gorm.SQLCommon github.com/jinzhu/gorm.logModeValue github.com/jinzhu/gorm.logger github.com/jinzhu/gorm.search github.com/jinzhu/gorm.Callback github.com/jinzhu/gorm.Dialect github.com/raahii/golang-grpc-realworld-example/model.Article github.com/jinzhu/gorm.Model github.com/raahii/golang-grpc-realworld-example/model.Tag github.com/raahii/golang-grpc-realworld-example/model.User github.com/raahii/golang-grpc-realworld-example/model.Comment]
2025/02/14 16:36:51 Expr: Preload: type of expression is &types.Signature{rparams:(*types.TypeParamList)(nil), tparams:(*types.TypeParamList)(nil), scope:(*types.Scope)(0xc014eab2c0), recv:(*types.Var)(0xc014eab380), params:(*types.Tuple)(0xc014ea8258), results:(*types.Tuple)(0xc014ea8270), variadic:true}; Resolved type: func(column string, conditions ...interface{}) *github.com/jinzhu/gorm.DB; Out: []
2025/02/14 16:36:51 Expr: Where: type of expression is &types.Signature{rparams:(*types.TypeParamList)(nil), tparams:(*types.TypeParamList)(nil), scope:(*types.Scope)(0xc014e83200), recv:(*types.Var)(0xc014e832c0), params:(*types.Tuple)(0xc014b836b0), results:(*types.Tuple)(0xc014b836c8), variadic:true}; Resolved type: func(query interface{}, args ...interface{}) *github.com/jinzhu/gorm.DB; Out: []
2025/02/14 16:36:51 Expr: m: type of expression is &types.Pointer{base:(*types.Named)(0xc017970d20)}; Resolved type: *github.com/raahii/golang-grpc-realworld-example/model.Article; Out: [github.com/raahii/golang-grpc-realworld-example/model.Article]
2025/02/14 16:36:51 Already collected type: github.com/raahii/golang-grpc-realworld-example/model.Article. Current structs: [github.com/raahii/golang-grpc-realworld-example/store.ArticleStore github.com/jinzhu/gorm.DB github.com/jinzhu/gorm.SQLCommon github.com/jinzhu/gorm.logModeValue github.com/jinzhu/gorm.logger github.com/jinzhu/gorm.search github.com/jinzhu/gorm.Callback github.com/jinzhu/gorm.Dialect github.com/raahii/golang-grpc-realworld-example/model.Article github.com/jinzhu/gorm.Model github.com/raahii/golang-grpc-realworld-example/model.Tag github.com/raahii/golang-grpc-realworld-example/model.User github.com/raahii/golang-grpc-realworld-example/model.Comment]
2025/02/14 16:36:51 Expr: Find: type of expression is &types.Signature{rparams:(*types.TypeParamList)(nil), tparams:(*types.TypeParamList)(nil), scope:(*types.Scope)(0xc014e8d920), recv:(*types.Var)(0xc014e8d9e0), params:(*types.Tuple)(0xc014b83a28), results:(*types.Tuple)(0xc014b83a40), variadic:true}; Resolved type: func(out interface{}, where ...interface{}) *github.com/jinzhu/gorm.DB; Out: []
2025/02/14 16:36:51 Resolved slice type: []github.com/raahii/golang-grpc-realworld-example/model.Comment
2025/02/14 16:36:51 Already collected type: github.com/raahii/golang-grpc-realworld-example/model.Comment. Current structs: [github.com/raahii/golang-grpc-realworld-example/store.ArticleStore github.com/jinzhu/gorm.DB github.com/jinzhu/gorm.SQLCommon github.com/jinzhu/gorm.logModeValue github.com/jinzhu/gorm.logger github.com/jinzhu/gorm.search github.com/jinzhu/gorm.Callback github.com/jinzhu/gorm.Dialect github.com/raahii/golang-grpc-realworld-example/model.Article github.com/jinzhu/gorm.Model github.com/raahii/golang-grpc-realworld-example/model.Tag github.com/raahii/golang-grpc-realworld-example/model.User github.com/raahii/golang-grpc-realworld-example/model.Comment]
2025/02/14 16:36:51 Expr: Error: type of expression is &types.Named{check:(*types.Checker)(nil), obj:(*types.TypeName)(0xc00006ca00), fromRHS:(*types.Interface)(0xc00006ca50), inst:(*types.instance)(nil), mu:sync.Mutex{state:0, sema:0x0}, state_:0x2, underlying:(*types.Interface)(0xc00006ca50), tparams:(*types.TypeParamList)(nil), methods:[]*types.Func(nil), loader:(func(*types.Named) ([]*types.TypeParam, types.Type, []*types.Func))(nil)}; Resolved type: error; Out: []
2025/02/14 16:36:51 Expr: err: type of expression is &types.Named{check:(*types.Checker)(nil), obj:(*types.TypeName)(0xc00006ca00), fromRHS:(*types.Interface)(0xc00006ca50), inst:(*types.instance)(nil), mu:sync.Mutex{state:0, sema:0x0}, state_:0x2, underlying:(*types.Interface)(0xc00006ca50), tparams:(*types.TypeParamList)(nil), methods:[]*types.Func(nil), loader:(func(*types.Named) ([]*types.TypeParam, types.Type, []*types.Func))(nil)}; Resolved type: error; Out: []
2025/02/14 16:36:51 Resolved slice type: []github.com/raahii/golang-grpc-realworld-example/model.Comment
2025/02/14 16:36:51 Already collected type: github.com/raahii/golang-grpc-realworld-example/model.Comment. Current structs: [github.com/raahii/golang-grpc-realworld-example/store.ArticleStore github.com/jinzhu/gorm.DB github.com/jinzhu/gorm.SQLCommon github.com/jinzhu/gorm.logModeValue github.com/jinzhu/gorm.logger github.com/jinzhu/gorm.search github.com/jinzhu/gorm.Callback github.com/jinzhu/gorm.Dialect github.com/raahii/golang-grpc-realworld-example/model.Article github.com/jinzhu/gorm.Model github.com/raahii/golang-grpc-realworld-example/model.Tag github.com/raahii/golang-grpc-realworld-example/model.User github.com/raahii/golang-grpc-realworld-example/model.Comment]
2025/02/14 16:36:51 Expr: err: type of expression is &types.Named{check:(*types.Checker)(nil), obj:(*types.TypeName)(0xc00006ca00), fromRHS:(*types.Interface)(0xc00006ca50), inst:(*types.instance)(nil), mu:sync.Mutex{state:0, sema:0x0}, state_:0x2, underlying:(*types.Interface)(0xc00006ca50), tparams:(*types.TypeParamList)(nil), methods:[]*types.Func(nil), loader:(func(*types.Named) ([]*types.TypeParam, types.Type, []*types.Func))(nil)}; Resolved type: error; Out: []
2025/02/14 16:36:51 Resolved slice type: []github.com/raahii/golang-grpc-realworld-example/model.Comment
2025/02/14 16:36:51 Already collected type: github.com/raahii/golang-grpc-realworld-example/model.Comment. Current structs: [github.com/raahii/golang-grpc-realworld-example/store.ArticleStore github.com/jinzhu/gorm.DB github.com/jinzhu/gorm.SQLCommon github.com/jinzhu/gorm.logModeValue github.com/jinzhu/gorm.logger github.com/jinzhu/gorm.search github.com/jinzhu/gorm.Callback github.com/jinzhu/gorm.Dialect github.com/raahii/golang-grpc-realworld-example/model.Article github.com/jinzhu/gorm.Model github.com/raahii/golang-grpc-realworld-example/model.Tag github.com/raahii/golang-grpc-realworld-example/model.User github.com/raahii/golang-grpc-realworld-example/model.Comment]
2025/02/14 16:36:51 Receiver type: *github.com/jinzhu/gorm.DB
2025/02/14 16:36:51 Found selector function call: github.com/jinzhu/gorm.DB.Find, current functions list: []
2025/02/14 16:36:51 Split github.com/jinzhu/gorm.DB.Find into github.com/jinzhu/gorm and DB.Find:
2025/02/14 16:36:51 Receiver type: *github.com/jinzhu/gorm.DB
2025/02/14 16:36:51 Found selector function call: github.com/jinzhu/gorm.DB.Where, current functions list: [github.com/jinzhu/gorm.DB.Find]
2025/02/14 16:36:51 Split github.com/jinzhu/gorm.DB.Where into github.com/jinzhu/gorm and DB.Where:
2025/02/14 16:36:51 Receiver type: *github.com/jinzhu/gorm.DB
2025/02/14 16:36:51 Found selector function call: github.com/jinzhu/gorm.DB.Preload, current functions list: [github.com/jinzhu/gorm.DB.Find github.com/jinzhu/gorm.DB.Where]
2025/02/14 16:36:51 Split github.com/jinzhu/gorm.DB.Preload into github.com/jinzhu/gorm and DB.Preload:
2025/02/14 16:36:51 Split github.com/jinzhu/gorm.DB.Find into github.com/jinzhu/gorm and DB.Find:
2025/02/14 16:36:51 Found definition for github.com/jinzhu/gorm|DB.Find|func, cache results {definition:func (s *DB) Find(out interface{}, where ...interface{}) *DB {
	return s.NewScope(out).inlineCondition(where...).callCallbacks(s.parent.callbacks.queries).db
} dependentFilePath:C:\Users\aksha\go\pkg\mod\github.com\jinzhu\gorm@v1.9.12\main.go importString:package github.com/jinzhu/gorm
}
2025/02/14 16:36:51 Split github.com/jinzhu/gorm.DB.Where into github.com/jinzhu/gorm and DB.Where:
2025/02/14 16:36:51 Found definition for github.com/jinzhu/gorm|DB.Where|func, cache results {definition:func (s *DB) Where(query interface{}, args ...interface{}) *DB {
	return s.clone().search.Where(query, args...).db
} dependentFilePath:C:\Users\aksha\go\pkg\mod\github.com\jinzhu\gorm@v1.9.12\main.go importString:package github.com/jinzhu/gorm
}
2025/02/14 16:36:51 Split github.com/jinzhu/gorm.DB.Preload into github.com/jinzhu/gorm and DB.Preload:
2025/02/14 16:36:51 Found definition for github.com/jinzhu/gorm|DB.Preload|func, cache results {definition:func (s *DB) Preload(column string, conditions ...interface{}) *DB {
	return s.clone().search.Preload(column, conditions...).db
} dependentFilePath:C:\Users\aksha\go\pkg\mod\github.com\jinzhu\gorm@v1.9.12\main.go importString:package github.com/jinzhu/gorm
}
2025/02/14 16:36:51 Split github.com/jinzhu/gorm.search into github.com/jinzhu/gorm and search:
2025/02/14 16:36:51 Found definition for github.com/jinzhu/gorm|search|struct, cache results {definition:type search struct {
	db               *DB
	whereConditions  []map[string]interface{}
	orConditions     []map[string]interface{}
	notConditions    []map[string]interface{}
	havingConditions []map[string]interface{}
	joinConditions   []map[string]interface{}
	initAttrs        []interface{}
	assignAttrs      []interface{}
	selects          map[string]interface{}
	omits            []string
	orders           []interface{}
	preload          []searchPreload
	offset           interface{}
	limit            interface{}
	group            string
	tableName        string
	raw              bool
	Unscoped         bool
	ignoreOrderQuery bool
} dependentFilePath:C:\Users\aksha\go\pkg\mod\github.com\jinzhu\gorm@v1.9.12\search.go importString:package github.com/jinzhu/gorm
}
2025/02/14 16:36:51 Split github.com/jinzhu/gorm.Dialect into github.com/jinzhu/gorm and Dialect:
2025/02/14 16:36:51 Found definition for github.com/jinzhu/gorm|Dialect|struct, cache results {definition:type Dialect interface {
	// GetName get dialect's name
	GetName() string

	// SetDB set db for dialect
	SetDB(db SQLCommon)

	// BindVar return the placeholder for actual values in SQL statements, in many dbs it is "?", Postgres using $1
	BindVar(i int) string
	// Quote quotes field name to avoid SQL parsing exceptions by using a reserved word as a field name
	Quote(key string) string
	// DataTypeOf return data's sql type
	DataTypeOf(field *StructField) string

	// HasIndex check has index or not
	HasIndex(tableName string, indexName string) bool
	// HasForeignKey check has foreign key or not
	HasForeignKey(tableName string, foreignKeyName string) bool
	// RemoveIndex remove index
	RemoveIndex(tableName string, indexName string) error
	// HasTable check has table or not
	HasTable(tableName string) bool
	// HasColumn check has column or not
	HasColumn(tableName string, columnName string) bool
	// ModifyColumn modify column's type
	ModifyColumn(tableName string, columnName string, typ string) error

	// LimitAndOffsetSQL return generated SQL with Limit and Offset, as mssql has special case
	LimitAndOffsetSQL(limit, offset interface{}) (string, error)
	// SelectFromDummyTable return select values, for most dbs, `SELECT values` just works, mysql needs `SELECT value FROM DUAL`
	SelectFromDummyTable() string
	// LastInsertIDOutputInterstitial most dbs support LastInsertId, but mssql needs to use `OUTPUT`
	LastInsertIDOutputInterstitial(tableName, columnName string, columns []string) string
	// LastInsertIdReturningSuffix most dbs support LastInsertId, but postgres needs to use `RETURNING`
	LastInsertIDReturningSuffix(tableName, columnName string) string
	// DefaultValueStr
	DefaultValueStr() string

	// BuildKeyName returns a valid key name (foreign key, index key) for the given table, field and reference
	BuildKeyName(kind, tableName string, fields ...string) string

	// NormalizeIndexAndColumn returns valid index name and column name depending on each dialect
	NormalizeIndexAndColumn(indexName, columnName string) (string, string)

	// CurrentDatabase return current database name
	CurrentDatabase() string
} dependentFilePath:C:\Users\aksha\go\pkg\mod\github.com\jinzhu\gorm@v1.9.12\dialect.go importString:package github.com/jinzhu/gorm
}
2025/02/14 16:36:51 Split github.com/raahii/golang-grpc-realworld-example/model.Article into github.com/raahii/golang-grpc-realworld-example/model and Article:
2025/02/14 16:36:51 Found definition for github.com/raahii/golang-grpc-realworld-example/model|Article|struct, cache results {definition:type Article struct {
	gorm.Model
	Title          string `gorm:"not null"`
	Description    string `gorm:"not null"`
	Body           string `gorm:"not null"`
	Tags           []Tag  `gorm:"many2many:article_tags"`
	Author         User   `gorm:"foreignkey:UserID"`
	UserID         uint   `gorm:"not null"`
	FavoritesCount int32  `gorm:"not null;default=0"`
	FavoritedUsers []User `gorm:"many2many:favorite_articles"`
	Comments       []Comment
} dependentFilePath:C:\var\tmp\Roost\RoostGPT\golang-1\ece53592-7de3-4391-a2fb-0d6935272614\source\golang-grpc-realworld-example\model\article.go importString:package github.com/raahii/golang-grpc-realworld-example/model
import (
	validation "github.com/go-ozzo/ozzo-validation"
	"github.com/jinzhu/gorm"
	pb "github.com/raahii/golang-grpc-realworld-example/proto"
)
}
2025/02/14 16:36:51 Split github.com/raahii/golang-grpc-realworld-example/model.Tag into github.com/raahii/golang-grpc-realworld-example/model and Tag:
2025/02/14 16:36:51 Found definition for github.com/raahii/golang-grpc-realworld-example/model|Tag|struct, cache results {definition:type Tag struct {
	gorm.Model
	Name string `gorm:"not null"`
} dependentFilePath:C:\var\tmp\Roost\RoostGPT\golang-1\ece53592-7de3-4391-a2fb-0d6935272614\source\golang-grpc-realworld-example\model\article.go importString:package github.com/raahii/golang-grpc-realworld-example/model
import (
	validation "github.com/go-ozzo/ozzo-validation"
	"github.com/jinzhu/gorm"
	pb "github.com/raahii/golang-grpc-realworld-example/proto"
)
}
2025/02/14 16:36:51 Split github.com/raahii/golang-grpc-realworld-example/model.User into github.com/raahii/golang-grpc-realworld-example/model and User:
2025/02/14 16:36:51 Found definition for github.com/raahii/golang-grpc-realworld-example/model|User|struct, cache results {definition:type User struct {
	gorm.Model
	Username         string    `gorm:"unique_index;not null"`
	Email            string    `gorm:"unique_index;not null"`
	Password         string    `gorm:"not null"`
	Bio              string    `gorm:"not null"`
	Image            string    `gorm:"not null"`
	Follows          []User    `gorm:"many2many:follows;jointable_foreignkey:from_user_id;association_jointable_foreignkey:to_user_id"`
	FavoriteArticles []Article `gorm:"many2many:favorite_articles;"`
} dependentFilePath:C:\var\tmp\Roost\RoostGPT\golang-1\ece53592-7de3-4391-a2fb-0d6935272614\source\golang-grpc-realworld-example\model\user.go importString:package github.com/raahii/golang-grpc-realworld-example/model
import (
	validation "github.com/go-ozzo/ozzo-validation"
	"github.com/go-ozzo/ozzo-validation/is"
	"github.com/jinzhu/gorm"
	pb "github.com/raahii/golang-grpc-realworld-example/proto"
	"golang.org/x/crypto/bcrypt"
)
}
2025/02/14 16:36:51 Split github.com/raahii/golang-grpc-realworld-example/model.Comment into github.com/raahii/golang-grpc-realworld-example/model and Comment:
2025/02/14 16:36:51 Found definition for github.com/raahii/golang-grpc-realworld-example/model|Comment|struct, cache results {definition:type Comment struct {
	gorm.Model
	Body      string `gorm:"not null"`
	UserID    uint   `gorm:"not null"`
	Author    User   `gorm:"foreignkey:UserID"`
	ArticleID uint   `gorm:"not null"`
	Article   Article
} dependentFilePath:C:\var\tmp\Roost\RoostGPT\golang-1\ece53592-7de3-4391-a2fb-0d6935272614\source\golang-grpc-realworld-example\model\comment.go importString:package github.com/raahii/golang-grpc-realworld-example/model
import (
	validation "github.com/go-ozzo/ozzo-validation"
	"github.com/jinzhu/gorm"
	pb "github.com/raahii/golang-grpc-realworld-example/proto"
)
}
2025/02/14 16:36:51 Split github.com/raahii/golang-grpc-realworld-example/store.ArticleStore into github.com/raahii/golang-grpc-realworld-example/store and ArticleStore:
2025/02/14 16:36:51 Found definition for github.com/raahii/golang-grpc-realworld-example/store|ArticleStore|struct, cache results {definition:type ArticleStore struct {
	db *gorm.DB
} dependentFilePath:C:\var\tmp\Roost\RoostGPT\golang-1\ece53592-7de3-4391-a2fb-0d6935272614\source\golang-grpc-realworld-example\store\article.go importString:package github.com/raahii/golang-grpc-realworld-example/store
import (
	"github.com/jinzhu/gorm"
	"github.com/raahii/golang-grpc-realworld-example/model"
)
}
2025/02/14 16:36:51 Split github.com/jinzhu/gorm.SQLCommon into github.com/jinzhu/gorm and SQLCommon:
2025/02/14 16:36:51 Found definition for github.com/jinzhu/gorm|SQLCommon|struct, cache results {definition:type SQLCommon interface {
	Exec(query string, args ...interface{}) (sql.Result, error)
	Prepare(query string) (*sql.Stmt, error)
	Query(query string, args ...interface{}) (*sql.Rows, error)
	QueryRow(query string, args ...interface{}) *sql.Row
} dependentFilePath:C:\Users\aksha\go\pkg\mod\github.com\jinzhu\gorm@v1.9.12\interface.go importString:package github.com/jinzhu/gorm
}
2025/02/14 16:36:51 Split github.com/jinzhu/gorm.logModeValue into github.com/jinzhu/gorm and logModeValue:
2025/02/14 16:36:51 Found definition for github.com/jinzhu/gorm|logModeValue|struct, cache results {definition:type logModeValue int

const (
	defaultLogMode logModeValue = iota
	noLogMode
	detailedLogMode
) dependentFilePath:C:\Users\aksha\go\pkg\mod\github.com\jinzhu\gorm@v1.9.12\main.go importString:package github.com/jinzhu/gorm
}
2025/02/14 16:36:51 Split github.com/jinzhu/gorm.logger into github.com/jinzhu/gorm and logger:
2025/02/14 16:36:51 Found definition for github.com/jinzhu/gorm|logger|struct, cache results {definition:type logger interface {
	Print(v ...interface{})
} dependentFilePath:C:\Users\aksha\go\pkg\mod\github.com\jinzhu\gorm@v1.9.12\logger.go importString:package github.com/jinzhu/gorm
}
2025/02/14 16:36:51 Split github.com/jinzhu/gorm.Callback into github.com/jinzhu/gorm and Callback:
2025/02/14 16:36:51 Found definition for github.com/jinzhu/gorm|Callback|struct, cache results {definition:type Callback struct {
	logger     logger
	creates    []*func(scope *Scope)
	updates    []*func(scope *Scope)
	deletes    []*func(scope *Scope)
	queries    []*func(scope *Scope)
	rowQueries []*func(scope *Scope)
	processors []*CallbackProcessor
} dependentFilePath:C:\Users\aksha\go\pkg\mod\github.com\jinzhu\gorm@v1.9.12\callback.go importString:package github.com/jinzhu/gorm
}
2025/02/14 16:36:51 Split github.com/jinzhu/gorm.Model into github.com/jinzhu/gorm and Model:
2025/02/14 16:36:51 Found definition for github.com/jinzhu/gorm|Model|struct, cache results {definition:type Model struct {
	ID        uint `gorm:"primary_key"`
	CreatedAt time.Time
	UpdatedAt time.Time
	DeletedAt *time.Time `sql:"index"`
} dependentFilePath:C:\Users\aksha\go\pkg\mod\github.com\jinzhu\gorm@v1.9.12\model.go importString:package github.com/jinzhu/gorm
}
2025/02/14 16:36:51 Split github.com/jinzhu/gorm.DB into github.com/jinzhu/gorm and DB:
2025/02/14 16:36:51 Found definition for github.com/jinzhu/gorm|DB|struct, cache results {definition:type DB struct {
	sync.RWMutex
	Value        interface{}
	Error        error
	RowsAffected int64

	// single db
	db                SQLCommon
	blockGlobalUpdate bool
	logMode           logModeValue
	logger            logger
	search            *search
	values            sync.Map

	// global db
	parent        *DB
	callbacks     *Callback
	dialect       Dialect
	singularTable bool

	// function to be used to override the creating of a new timestamp
	nowFuncOverride func() time.Time
} dependentFilePath:C:\Users\aksha\go\pkg\mod\github.com\jinzhu\gorm@v1.9.12\main.go importString:package github.com/jinzhu/gorm
}
2025/02/14 16:36:51 Analyzing function: GetCommentByID in file: C:\var\tmp\Roost\RoostGPT\golang-1\ece53592-7de3-4391-a2fb-0d6935272614\source\golang-grpc-realworld-example\store\article.go
2025/02/14 16:36:51 Expr: &{Star:14974609 X:ArticleStore}: type of expression is &types.Pointer{base:(*types.Named)(0xc014479490)}; Resolved type: *github.com/raahii/golang-grpc-realworld-example/store.ArticleStore; Out: [github.com/raahii/golang-grpc-realworld-example/store.ArticleStore]
2025/02/14 16:36:51 Recording and checking type: github.com/raahii/golang-grpc-realworld-example/store.ArticleStore
2025/02/14 16:36:51 Processing struct: github.com/raahii/golang-grpc-realworld-example/store.ArticleStore with 1 fields
2025/02/14 16:36:51 Recording and checking type: github.com/jinzhu/gorm.DB
2025/02/14 16:36:51 Processing struct: github.com/jinzhu/gorm.DB with 15 fields
2025/02/14 16:36:51 Recording and checking type: github.com/jinzhu/gorm.SQLCommon
2025/02/14 16:36:51 Underlying type is not a struct for: github.com/jinzhu/gorm.SQLCommon
2025/02/14 16:36:51 Recording and checking type: github.com/jinzhu/gorm.logModeValue
2025/02/14 16:36:51 Underlying type is not a struct for: github.com/jinzhu/gorm.logModeValue
2025/02/14 16:36:51 Recording and checking type: github.com/jinzhu/gorm.logger
2025/02/14 16:36:51 Underlying type is not a struct for: github.com/jinzhu/gorm.logger
2025/02/14 16:36:51 Recording and checking type: github.com/jinzhu/gorm.search
2025/02/14 16:36:51 Processing struct: github.com/jinzhu/gorm.search with 19 fields
2025/02/14 16:36:51 Recording and checking type: github.com/jinzhu/gorm.Callback
2025/02/14 16:36:51 Processing struct: github.com/jinzhu/gorm.Callback with 7 fields
2025/02/14 16:36:51 Recording and checking type: github.com/jinzhu/gorm.Dialect
2025/02/14 16:36:51 Underlying type is not a struct for: github.com/jinzhu/gorm.Dialect
2025/02/14 16:36:51 Expr: &{Star:14974649 X:0xc01eb43470}: type of expression is &types.Pointer{base:(*types.Named)(0xc017970e70)}; Resolved type: *github.com/raahii/golang-grpc-realworld-example/model.Comment; Out: [github.com/raahii/golang-grpc-realworld-example/model.Comment]
2025/02/14 16:36:51 Collected field type: github.com/raahii/golang-grpc-realworld-example/model.Comment
2025/02/14 16:36:51 Expr: error: type of expression is &types.Named{check:(*types.Checker)(nil), obj:(*types.TypeName)(0xc00006ca00), fromRHS:(*types.Interface)(0xc00006ca50), inst:(*types.instance)(nil), mu:sync.Mutex{state:0, sema:0x0}, state_:0x2, underlying:(*types.Interface)(0xc00006ca50), tparams:(*types.TypeParamList)(nil), methods:[]*types.Func(nil), loader:(func(*types.Named) ([]*types.TypeParam, types.Type, []*types.Func))(nil)}; Resolved type: error; Out: []
2025/02/14 16:36:51 Recording and checking type: github.com/raahii/golang-grpc-realworld-example/model.Comment
2025/02/14 16:36:51 Processing struct: github.com/raahii/golang-grpc-realworld-example/model.Comment with 6 fields
2025/02/14 16:36:51 Recording and checking type: github.com/jinzhu/gorm.Model
2025/02/14 16:36:51 Processing struct: github.com/jinzhu/gorm.Model with 4 fields
2025/02/14 16:36:51 Recording and checking type: github.com/raahii/golang-grpc-realworld-example/model.User
2025/02/14 16:36:51 Processing struct: github.com/raahii/golang-grpc-realworld-example/model.User with 8 fields
2025/02/14 16:36:51 Recording and checking type: github.com/raahii/golang-grpc-realworld-example/model.Article
2025/02/14 16:36:51 Processing struct: github.com/raahii/golang-grpc-realworld-example/model.Article with 10 fields
2025/02/14 16:36:51 Expr: m: type of expression is &types.Named{check:(*types.Checker)(nil), obj:(*types.TypeName)(0xc01e4ffc70), fromRHS:(*types.Struct)(0xc01e6a4510), inst:(*types.instance)(nil), mu:sync.Mutex{state:0, sema:0x0}, state_:0x2, underlying:(*types.Struct)(0xc01e6a4510), tparams:(*types.TypeParamList)(nil), methods:[]*types.Func{(*types.Func)(0xc01e4879e0), (*types.Func)(0xc01e487aa0)}, loader:(func(*types.Named) ([]*types.TypeParam, types.Type, []*types.Func))(nil)}; Resolved type: github.com/raahii/golang-grpc-realworld-example/model.Comment; Out: [github.com/raahii/golang-grpc-realworld-example/model.Comment]
2025/02/14 16:36:51 Already collected type: github.com/raahii/golang-grpc-realworld-example/model.Comment. Current structs: [github.com/raahii/golang-grpc-realworld-example/store.ArticleStore github.com/jinzhu/gorm.DB github.com/jinzhu/gorm.SQLCommon github.com/jinzhu/gorm.logModeValue github.com/jinzhu/gorm.logger github.com/jinzhu/gorm.search github.com/jinzhu/gorm.Callback github.com/jinzhu/gorm.Dialect github.com/raahii/golang-grpc-realworld-example/model.Comment github.com/jinzhu/gorm.Model github.com/raahii/golang-grpc-realworld-example/model.User github.com/raahii/golang-grpc-realworld-example/model.Article]
2025/02/14 16:36:51 Expr: Comment: type of expression is &types.Named{check:(*types.Checker)(nil), obj:(*types.TypeName)(0xc01e4ffc70), fromRHS:(*types.Struct)(0xc01e6a4510), inst:(*types.instance)(nil), mu:sync.Mutex{state:0, sema:0x0}, state_:0x2, underlying:(*types.Struct)(0xc01e6a4510), tparams:(*types.TypeParamList)(nil), methods:[]*types.Func{(*types.Func)(0xc01e4879e0), (*types.Func)(0xc01e487aa0)}, loader:(func(*types.Named) ([]*types.TypeParam, types.Type, []*types.Func))(nil)}; Resolved type: github.com/raahii/golang-grpc-realworld-example/model.Comment; Out: [github.com/raahii/golang-grpc-realworld-example/model.Comment]
2025/02/14 16:36:51 Already collected type: github.com/raahii/golang-grpc-realworld-example/model.Comment. Current structs: [github.com/raahii/golang-grpc-realworld-example/store.ArticleStore github.com/jinzhu/gorm.DB github.com/jinzhu/gorm.SQLCommon github.com/jinzhu/gorm.logModeValue github.com/jinzhu/gorm.logger github.com/jinzhu/gorm.search github.com/jinzhu/gorm.Callback github.com/jinzhu/gorm.Dialect github.com/raahii/golang-grpc-realworld-example/model.Comment github.com/jinzhu/gorm.Model github.com/raahii/golang-grpc-realworld-example/model.User github.com/raahii/golang-grpc-realworld-example/model.Article]
2025/02/14 16:36:51 Expr: &{X:0xc007c08640 Sel:Error}: type of expression is &types.Named{check:(*types.Checker)(nil), obj:(*types.TypeName)(0xc00006ca00), fromRHS:(*types.Interface)(0xc00006ca50), inst:(*types.instance)(nil), mu:sync.Mutex{state:0, sema:0x0}, state_:0x2, underlying:(*types.Interface)(0xc00006ca50), tparams:(*types.TypeParamList)(nil), methods:[]*types.Func(nil), loader:(func(*types.Named) ([]*types.TypeParam, types.Type, []*types.Func))(nil)}; Resolved type: error; Out: []
2025/02/14 16:36:51 Expr: err: type of expression is &types.Named{check:(*types.Checker)(nil), obj:(*types.TypeName)(0xc00006ca00), fromRHS:(*types.Interface)(0xc00006ca50), inst:(*types.instance)(nil), mu:sync.Mutex{state:0, sema:0x0}, state_:0x2, underlying:(*types.Interface)(0xc00006ca50), tparams:(*types.TypeParamList)(nil), methods:[]*types.Func(nil), loader:(func(*types.Named) ([]*types.TypeParam, types.Type, []*types.Func))(nil)}; Resolved type: error; Out: []
2025/02/14 16:36:51 Expr: s: type of expression is &types.Pointer{base:(*types.Named)(0xc014479490)}; Resolved type: *github.com/raahii/golang-grpc-realworld-example/store.ArticleStore; Out: [github.com/raahii/golang-grpc-realworld-example/store.ArticleStore]
2025/02/14 16:36:51 Already collected type: github.com/raahii/golang-grpc-realworld-example/store.ArticleStore. Current structs: [github.com/raahii/golang-grpc-realworld-example/store.ArticleStore github.com/jinzhu/gorm.DB github.com/jinzhu/gorm.SQLCommon github.com/jinzhu/gorm.logModeValue github.com/jinzhu/gorm.logger github.com/jinzhu/gorm.search github.com/jinzhu/gorm.Callback github.com/jinzhu/gorm.Dialect github.com/raahii/golang-grpc-realworld-example/model.Comment github.com/jinzhu/gorm.Model github.com/raahii/golang-grpc-realworld-example/model.User github.com/raahii/golang-grpc-realworld-example/model.Article]
2025/02/14 16:36:51 Expr: db: type of expression is &types.Pointer{base:(*types.Named)(0xc0134725b0)}; Resolved type: *github.com/jinzhu/gorm.DB; Out: [github.com/jinzhu/gorm.DB]
2025/02/14 16:36:51 Already collected type: github.com/jinzhu/gorm.DB. Current structs: [github.com/raahii/golang-grpc-realworld-example/store.ArticleStore github.com/jinzhu/gorm.DB github.com/jinzhu/gorm.SQLCommon github.com/jinzhu/gorm.logModeValue github.com/jinzhu/gorm.logger github.com/jinzhu/gorm.search github.com/jinzhu/gorm.Callback github.com/jinzhu/gorm.Dialect github.com/raahii/golang-grpc-realworld-example/model.Comment github.com/jinzhu/gorm.Model github.com/raahii/golang-grpc-realworld-example/model.User github.com/raahii/golang-grpc-realworld-example/model.Article]
2025/02/14 16:36:51 Expr: Find: type of expression is &types.Signature{rparams:(*types.TypeParamList)(nil), tparams:(*types.TypeParamList)(nil), scope:(*types.Scope)(0xc014e8d920), recv:(*types.Var)(0xc014e8d9e0), params:(*types.Tuple)(0xc014b83a28), results:(*types.Tuple)(0xc014b83a40), variadic:true}; Resolved type: func(out interface{}, where ...interface{}) *github.com/jinzhu/gorm.DB; Out: []
2025/02/14 16:36:51 Expr: m: type of expression is &types.Named{check:(*types.Checker)(nil), obj:(*types.TypeName)(0xc01e4ffc70), fromRHS:(*types.Struct)(0xc01e6a4510), inst:(*types.instance)(nil), mu:sync.Mutex{state:0, sema:0x0}, state_:0x2, underlying:(*types.Struct)(0xc01e6a4510), tparams:(*types.TypeParamList)(nil), methods:[]*types.Func{(*types.Func)(0xc01e4879e0), (*types.Func)(0xc01e487aa0)}, loader:(func(*types.Named) ([]*types.TypeParam, types.Type, []*types.Func))(nil)}; Resolved type: github.com/raahii/golang-grpc-realworld-example/model.Comment; Out: [github.com/raahii/golang-grpc-realworld-example/model.Comment]
2025/02/14 16:36:51 Already collected type: github.com/raahii/golang-grpc-realworld-example/model.Comment. Current structs: [github.com/raahii/golang-grpc-realworld-example/store.ArticleStore github.com/jinzhu/gorm.DB github.com/jinzhu/gorm.SQLCommon github.com/jinzhu/gorm.logModeValue github.com/jinzhu/gorm.logger github.com/jinzhu/gorm.search github.com/jinzhu/gorm.Callback github.com/jinzhu/gorm.Dialect github.com/raahii/golang-grpc-realworld-example/model.Comment github.com/jinzhu/gorm.Model github.com/raahii/golang-grpc-realworld-example/model.User github.com/raahii/golang-grpc-realworld-example/model.Article]
2025/02/14 16:36:51 Expr: Error: type of expression is &types.Named{check:(*types.Checker)(nil), obj:(*types.TypeName)(0xc00006ca00), fromRHS:(*types.Interface)(0xc00006ca50), inst:(*types.instance)(nil), mu:sync.Mutex{state:0, sema:0x0}, state_:0x2, underlying:(*types.Interface)(0xc00006ca50), tparams:(*types.TypeParamList)(nil), methods:[]*types.Func(nil), loader:(func(*types.Named) ([]*types.TypeParam, types.Type, []*types.Func))(nil)}; Resolved type: error; Out: []
2025/02/14 16:36:51 Expr: err: type of expression is &types.Named{check:(*types.Checker)(nil), obj:(*types.TypeName)(0xc00006ca00), fromRHS:(*types.Interface)(0xc00006ca50), inst:(*types.instance)(nil), mu:sync.Mutex{state:0, sema:0x0}, state_:0x2, underlying:(*types.Interface)(0xc00006ca50), tparams:(*types.TypeParamList)(nil), methods:[]*types.Func(nil), loader:(func(*types.Named) ([]*types.TypeParam, types.Type, []*types.Func))(nil)}; Resolved type: error; Out: []
2025/02/14 16:36:51 Expr: err: type of expression is &types.Named{check:(*types.Checker)(nil), obj:(*types.TypeName)(0xc00006ca00), fromRHS:(*types.Interface)(0xc00006ca50), inst:(*types.instance)(nil), mu:sync.Mutex{state:0, sema:0x0}, state_:0x2, underlying:(*types.Interface)(0xc00006ca50), tparams:(*types.TypeParamList)(nil), methods:[]*types.Func(nil), loader:(func(*types.Named) ([]*types.TypeParam, types.Type, []*types.Func))(nil)}; Resolved type: error; Out: []
2025/02/14 16:36:51 Expr: m: type of expression is &types.Named{check:(*types.Checker)(nil), obj:(*types.TypeName)(0xc01e4ffc70), fromRHS:(*types.Struct)(0xc01e6a4510), inst:(*types.instance)(nil), mu:sync.Mutex{state:0, sema:0x0}, state_:0x2, underlying:(*types.Struct)(0xc01e6a4510), tparams:(*types.TypeParamList)(nil), methods:[]*types.Func{(*types.Func)(0xc01e4879e0), (*types.Func)(0xc01e487aa0)}, loader:(func(*types.Named) ([]*types.TypeParam, types.Type, []*types.Func))(nil)}; Resolved type: github.com/raahii/golang-grpc-realworld-example/model.Comment; Out: [github.com/raahii/golang-grpc-realworld-example/model.Comment]
2025/02/14 16:36:51 Already collected type: github.com/raahii/golang-grpc-realworld-example/model.Comment. Current structs: [github.com/raahii/golang-grpc-realworld-example/store.ArticleStore github.com/jinzhu/gorm.DB github.com/jinzhu/gorm.SQLCommon github.com/jinzhu/gorm.logModeValue github.com/jinzhu/gorm.logger github.com/jinzhu/gorm.search github.com/jinzhu/gorm.Callback github.com/jinzhu/gorm.Dialect github.com/raahii/golang-grpc-realworld-example/model.Comment github.com/jinzhu/gorm.Model github.com/raahii/golang-grpc-realworld-example/model.User github.com/raahii/golang-grpc-realworld-example/model.Article]
2025/02/14 16:36:51 Receiver type: *github.com/jinzhu/gorm.DB
2025/02/14 16:36:51 Found selector function call: github.com/jinzhu/gorm.DB.Find, current functions list: []
2025/02/14 16:36:51 Split github.com/jinzhu/gorm.DB.Find into github.com/jinzhu/gorm and DB.Find:
2025/02/14 16:36:51 Split github.com/jinzhu/gorm.DB.Find into github.com/jinzhu/gorm and DB.Find:
2025/02/14 16:36:51 Found definition for github.com/jinzhu/gorm|DB.Find|func, cache results {definition:func (s *DB) Find(out interface{}, where ...interface{}) *DB {
	return s.NewScope(out).inlineCondition(where...).callCallbacks(s.parent.callbacks.queries).db
} dependentFilePath:C:\Users\aksha\go\pkg\mod\github.com\jinzhu\gorm@v1.9.12\main.go importString:package github.com/jinzhu/gorm
}
2025/02/14 16:36:51 Split github.com/raahii/golang-grpc-realworld-example/model.Article into github.com/raahii/golang-grpc-realworld-example/model and Article:
2025/02/14 16:36:51 Found definition for github.com/raahii/golang-grpc-realworld-example/model|Article|struct, cache results {definition:type Article struct {
	gorm.Model
	Title          string `gorm:"not null"`
	Description    string `gorm:"not null"`
	Body           string `gorm:"not null"`
	Tags           []Tag  `gorm:"many2many:article_tags"`
	Author         User   `gorm:"foreignkey:UserID"`
	UserID         uint   `gorm:"not null"`
	FavoritesCount int32  `gorm:"not null;default=0"`
	FavoritedUsers []User `gorm:"many2many:favorite_articles"`
	Comments       []Comment
} dependentFilePath:C:\var\tmp\Roost\RoostGPT\golang-1\ece53592-7de3-4391-a2fb-0d6935272614\source\golang-grpc-realworld-example\model\article.go importString:package github.com/raahii/golang-grpc-realworld-example/model
import (
	validation "github.com/go-ozzo/ozzo-validation"
	"github.com/jinzhu/gorm"
	pb "github.com/raahii/golang-grpc-realworld-example/proto"
)
}
2025/02/14 16:36:51 Split github.com/jinzhu/gorm.Dialect into github.com/jinzhu/gorm and Dialect:
2025/02/14 16:36:51 Found definition for github.com/jinzhu/gorm|Dialect|struct, cache results {definition:type Dialect interface {
	// GetName get dialect's name
	GetName() string

	// SetDB set db for dialect
	SetDB(db SQLCommon)

	// BindVar return the placeholder for actual values in SQL statements, in many dbs it is "?", Postgres using $1
	BindVar(i int) string
	// Quote quotes field name to avoid SQL parsing exceptions by using a reserved word as a field name
	Quote(key string) string
	// DataTypeOf return data's sql type
	DataTypeOf(field *StructField) string

	// HasIndex check has index or not
	HasIndex(tableName string, indexName string) bool
	// HasForeignKey check has foreign key or not
	HasForeignKey(tableName string, foreignKeyName string) bool
	// RemoveIndex remove index
	RemoveIndex(tableName string, indexName string) error
	// HasTable check has table or not
	HasTable(tableName string) bool
	// HasColumn check has column or not
	HasColumn(tableName string, columnName string) bool
	// ModifyColumn modify column's type
	ModifyColumn(tableName string, columnName string, typ string) error

	// LimitAndOffsetSQL return generated SQL with Limit and Offset, as mssql has special case
	LimitAndOffsetSQL(limit, offset interface{}) (string, error)
	// SelectFromDummyTable return select values, for most dbs, `SELECT values` just works, mysql needs `SELECT value FROM DUAL`
	SelectFromDummyTable() string
	// LastInsertIDOutputInterstitial most dbs support LastInsertId, but mssql needs to use `OUTPUT`
	LastInsertIDOutputInterstitial(tableName, columnName string, columns []string) string
	// LastInsertIdReturningSuffix most dbs support LastInsertId, but postgres needs to use `RETURNING`
	LastInsertIDReturningSuffix(tableName, columnName string) string
	// DefaultValueStr
	DefaultValueStr() string

	// BuildKeyName returns a valid key name (foreign key, index key) for the given table, field and reference
	BuildKeyName(kind, tableName string, fields ...string) string

	// NormalizeIndexAndColumn returns valid index name and column name depending on each dialect
	NormalizeIndexAndColumn(indexName, columnName string) (string, string)

	// CurrentDatabase return current database name
	CurrentDatabase() string
} dependentFilePath:C:\Users\aksha\go\pkg\mod\github.com\jinzhu\gorm@v1.9.12\dialect.go importString:package github.com/jinzhu/gorm
}
2025/02/14 16:36:51 Split github.com/raahii/golang-grpc-realworld-example/model.Comment into github.com/raahii/golang-grpc-realworld-example/model and Comment:
2025/02/14 16:36:51 Found definition for github.com/raahii/golang-grpc-realworld-example/model|Comment|struct, cache results {definition:type Comment struct {
	gorm.Model
	Body      string `gorm:"not null"`
	UserID    uint   `gorm:"not null"`
	Author    User   `gorm:"foreignkey:UserID"`
	ArticleID uint   `gorm:"not null"`
	Article   Article
} dependentFilePath:C:\var\tmp\Roost\RoostGPT\golang-1\ece53592-7de3-4391-a2fb-0d6935272614\source\golang-grpc-realworld-example\model\comment.go importString:package github.com/raahii/golang-grpc-realworld-example/model
import (
	validation "github.com/go-ozzo/ozzo-validation"
	"github.com/jinzhu/gorm"
	pb "github.com/raahii/golang-grpc-realworld-example/proto"
)
}
2025/02/14 16:36:51 Split github.com/raahii/golang-grpc-realworld-example/model.User into github.com/raahii/golang-grpc-realworld-example/model and User:
2025/02/14 16:36:51 Found definition for github.com/raahii/golang-grpc-realworld-example/model|User|struct, cache results {definition:type User struct {
	gorm.Model
	Username         string    `gorm:"unique_index;not null"`
	Email            string    `gorm:"unique_index;not null"`
	Password         string    `gorm:"not null"`
	Bio              string    `gorm:"not null"`
	Image            string    `gorm:"not null"`
	Follows          []User    `gorm:"many2many:follows;jointable_foreignkey:from_user_id;association_jointable_foreignkey:to_user_id"`
	FavoriteArticles []Article `gorm:"many2many:favorite_articles;"`
} dependentFilePath:C:\var\tmp\Roost\RoostGPT\golang-1\ece53592-7de3-4391-a2fb-0d6935272614\source\golang-grpc-realworld-example\model\user.go importString:package github.com/raahii/golang-grpc-realworld-example/model
import (
	validation "github.com/go-ozzo/ozzo-validation"
	"github.com/go-ozzo/ozzo-validation/is"
	"github.com/jinzhu/gorm"
	pb "github.com/raahii/golang-grpc-realworld-example/proto"
	"golang.org/x/crypto/bcrypt"
)
}
2025/02/14 16:36:51 Split github.com/jinzhu/gorm.logModeValue into github.com/jinzhu/gorm and logModeValue:
2025/02/14 16:36:51 Found definition for github.com/jinzhu/gorm|logModeValue|struct, cache results {definition:type logModeValue int

const (
	defaultLogMode logModeValue = iota
	noLogMode
	detailedLogMode
) dependentFilePath:C:\Users\aksha\go\pkg\mod\github.com\jinzhu\gorm@v1.9.12\main.go importString:package github.com/jinzhu/gorm
}
2025/02/14 16:36:51 Split github.com/jinzhu/gorm.logger into github.com/jinzhu/gorm and logger:
2025/02/14 16:36:51 Found definition for github.com/jinzhu/gorm|logger|struct, cache results {definition:type logger interface {
	Print(v ...interface{})
} dependentFilePath:C:\Users\aksha\go\pkg\mod\github.com\jinzhu\gorm@v1.9.12\logger.go importString:package github.com/jinzhu/gorm
}
2025/02/14 16:36:51 Split github.com/jinzhu/gorm.search into github.com/jinzhu/gorm and search:
2025/02/14 16:36:51 Found definition for github.com/jinzhu/gorm|search|struct, cache results {definition:type search struct {
	db               *DB
	whereConditions  []map[string]interface{}
	orConditions     []map[string]interface{}
	notConditions    []map[string]interface{}
	havingConditions []map[string]interface{}
	joinConditions   []map[string]interface{}
	initAttrs        []interface{}
	assignAttrs      []interface{}
	selects          map[string]interface{}
	omits            []string
	orders           []interface{}
	preload          []searchPreload
	offset           interface{}
	limit            interface{}
	group            string
	tableName        string
	raw              bool
	Unscoped         bool
	ignoreOrderQuery bool
} dependentFilePath:C:\Users\aksha\go\pkg\mod\github.com\jinzhu\gorm@v1.9.12\search.go importString:package github.com/jinzhu/gorm
}
2025/02/14 16:36:51 Split github.com/jinzhu/gorm.Callback into github.com/jinzhu/gorm and Callback:
2025/02/14 16:36:51 Found definition for github.com/jinzhu/gorm|Callback|struct, cache results {definition:type Callback struct {
	logger     logger
	creates    []*func(scope *Scope)
	updates    []*func(scope *Scope)
	deletes    []*func(scope *Scope)
	queries    []*func(scope *Scope)
	rowQueries []*func(scope *Scope)
	processors []*CallbackProcessor
} dependentFilePath:C:\Users\aksha\go\pkg\mod\github.com\jinzhu\gorm@v1.9.12\callback.go importString:package github.com/jinzhu/gorm
}
2025/02/14 16:36:51 Split github.com/jinzhu/gorm.Model into github.com/jinzhu/gorm and Model:
2025/02/14 16:36:51 Found definition for github.com/jinzhu/gorm|Model|struct, cache results {definition:type Model struct {
	ID        uint `gorm:"primary_key"`
	CreatedAt time.Time
	UpdatedAt time.Time
	DeletedAt *time.Time `sql:"index"`
} dependentFilePath:C:\Users\aksha\go\pkg\mod\github.com\jinzhu\gorm@v1.9.12\model.go importString:package github.com/jinzhu/gorm
}
2025/02/14 16:36:51 Split github.com/raahii/golang-grpc-realworld-example/store.ArticleStore into github.com/raahii/golang-grpc-realworld-example/store and ArticleStore:
2025/02/14 16:36:51 Found definition for github.com/raahii/golang-grpc-realworld-example/store|ArticleStore|struct, cache results {definition:type ArticleStore struct {
	db *gorm.DB
} dependentFilePath:C:\var\tmp\Roost\RoostGPT\golang-1\ece53592-7de3-4391-a2fb-0d6935272614\source\golang-grpc-realworld-example\store\article.go importString:package github.com/raahii/golang-grpc-realworld-example/store
import (
	"github.com/jinzhu/gorm"
	"github.com/raahii/golang-grpc-realworld-example/model"
)
}
2025/02/14 16:36:51 Split github.com/jinzhu/gorm.DB into github.com/jinzhu/gorm and DB:
2025/02/14 16:36:51 Found definition for github.com/jinzhu/gorm|DB|struct, cache results {definition:type DB struct {
	sync.RWMutex
	Value        interface{}
	Error        error
	RowsAffected int64

	// single db
	db                SQLCommon
	blockGlobalUpdate bool
	logMode           logModeValue
	logger            logger
	search            *search
	values            sync.Map

	// global db
	parent        *DB
	callbacks     *Callback
	dialect       Dialect
	singularTable bool

	// function to be used to override the creating of a new timestamp
	nowFuncOverride func() time.Time
} dependentFilePath:C:\Users\aksha\go\pkg\mod\github.com\jinzhu\gorm@v1.9.12\main.go importString:package github.com/jinzhu/gorm
}
2025/02/14 16:36:51 Split github.com/jinzhu/gorm.SQLCommon into github.com/jinzhu/gorm and SQLCommon:
2025/02/14 16:36:51 Found definition for github.com/jinzhu/gorm|SQLCommon|struct, cache results {definition:type SQLCommon interface {
	Exec(query string, args ...interface{}) (sql.Result, error)
	Prepare(query string) (*sql.Stmt, error)
	Query(query string, args ...interface{}) (*sql.Rows, error)
	QueryRow(query string, args ...interface{}) *sql.Row
} dependentFilePath:C:\Users\aksha\go\pkg\mod\github.com\jinzhu\gorm@v1.9.12\interface.go importString:package github.com/jinzhu/gorm
}
2025/02/14 16:36:51 Analyzing function: DeleteComment in file: C:\var\tmp\Roost\RoostGPT\golang-1\ece53592-7de3-4391-a2fb-0d6935272614\source\golang-grpc-realworld-example\store\article.go
2025/02/14 16:36:51 Expr: &{Star:14974828 X:ArticleStore}: type of expression is &types.Pointer{base:(*types.Named)(0xc014479490)}; Resolved type: *github.com/raahii/golang-grpc-realworld-example/store.ArticleStore; Out: [github.com/raahii/golang-grpc-realworld-example/store.ArticleStore]
2025/02/14 16:36:51 Recording and checking type: github.com/raahii/golang-grpc-realworld-example/store.ArticleStore
2025/02/14 16:36:51 Processing struct: github.com/raahii/golang-grpc-realworld-example/store.ArticleStore with 1 fields
2025/02/14 16:36:51 Recording and checking type: github.com/jinzhu/gorm.DB
2025/02/14 16:36:51 Processing struct: github.com/jinzhu/gorm.DB with 15 fields
2025/02/14 16:36:51 Recording and checking type: github.com/jinzhu/gorm.SQLCommon
2025/02/14 16:36:51 Underlying type is not a struct for: github.com/jinzhu/gorm.SQLCommon
2025/02/14 16:36:51 Recording and checking type: github.com/jinzhu/gorm.logModeValue
2025/02/14 16:36:51 Underlying type is not a struct for: github.com/jinzhu/gorm.logModeValue
2025/02/14 16:36:51 Recording and checking type: github.com/jinzhu/gorm.logger
2025/02/14 16:36:51 Underlying type is not a struct for: github.com/jinzhu/gorm.logger
2025/02/14 16:36:51 Recording and checking type: github.com/jinzhu/gorm.search
2025/02/14 16:36:51 Processing struct: github.com/jinzhu/gorm.search with 19 fields
2025/02/14 16:36:51 Recording and checking type: github.com/jinzhu/gorm.Callback
2025/02/14 16:36:51 Processing struct: github.com/jinzhu/gorm.Callback with 7 fields
2025/02/14 16:36:51 Recording and checking type: github.com/jinzhu/gorm.Dialect
2025/02/14 16:36:51 Underlying type is not a struct for: github.com/jinzhu/gorm.Dialect
2025/02/14 16:36:51 Expr: &{Star:14974859 X:0xc01eb43578}: type of expression is &types.Pointer{base:(*types.Named)(0xc017970e70)}; Resolved type: *github.com/raahii/golang-grpc-realworld-example/model.Comment; Out: [github.com/raahii/golang-grpc-realworld-example/model.Comment]
2025/02/14 16:36:51 Collected field type: github.com/raahii/golang-grpc-realworld-example/model.Comment
2025/02/14 16:36:51 Recording and checking type: github.com/raahii/golang-grpc-realworld-example/model.Comment
2025/02/14 16:36:51 Processing struct: github.com/raahii/golang-grpc-realworld-example/model.Comment with 6 fields
2025/02/14 16:36:51 Recording and checking type: github.com/jinzhu/gorm.Model
2025/02/14 16:36:51 Processing struct: github.com/jinzhu/gorm.Model with 4 fields
2025/02/14 16:36:51 Recording and checking type: github.com/raahii/golang-grpc-realworld-example/model.User
2025/02/14 16:36:51 Processing struct: github.com/raahii/golang-grpc-realworld-example/model.User with 8 fields
2025/02/14 16:36:51 Recording and checking type: github.com/raahii/golang-grpc-realworld-example/model.Article
2025/02/14 16:36:51 Processing struct: github.com/raahii/golang-grpc-realworld-example/model.Article with 10 fields
2025/02/14 16:36:51 Expr: error: type of expression is &types.Named{check:(*types.Checker)(nil), obj:(*types.TypeName)(0xc00006ca00), fromRHS:(*types.Interface)(0xc00006ca50), inst:(*types.instance)(nil), mu:sync.Mutex{state:0, sema:0x0}, state_:0x2, underlying:(*types.Interface)(0xc00006ca50), tparams:(*types.TypeParamList)(nil), methods:[]*types.Func(nil), loader:(func(*types.Named) ([]*types.TypeParam, types.Type, []*types.Func))(nil)}; Resolved type: error; Out: []
2025/02/14 16:36:51 Expr: s: type of expression is &types.Pointer{base:(*types.Named)(0xc014479490)}; Resolved type: *github.com/raahii/golang-grpc-realworld-example/store.ArticleStore; Out: [github.com/raahii/golang-grpc-realworld-example/store.ArticleStore]
2025/02/14 16:36:51 Already collected type: github.com/raahii/golang-grpc-realworld-example/store.ArticleStore. Current structs: [github.com/raahii/golang-grpc-realworld-example/store.ArticleStore github.com/jinzhu/gorm.DB github.com/jinzhu/gorm.SQLCommon github.com/jinzhu/gorm.logModeValue github.com/jinzhu/gorm.logger github.com/jinzhu/gorm.search github.com/jinzhu/gorm.Callback github.com/jinzhu/gorm.Dialect github.com/raahii/golang-grpc-realworld-example/model.Comment github.com/jinzhu/gorm.Model github.com/raahii/golang-grpc-realworld-example/model.User github.com/raahii/golang-grpc-realworld-example/model.Article]
2025/02/14 16:36:51 Expr: db: type of expression is &types.Pointer{base:(*types.Named)(0xc0134725b0)}; Resolved type: *github.com/jinzhu/gorm.DB; Out: [github.com/jinzhu/gorm.DB]
2025/02/14 16:36:51 Already collected type: github.com/jinzhu/gorm.DB. Current structs: [github.com/raahii/golang-grpc-realworld-example/store.ArticleStore github.com/jinzhu/gorm.DB github.com/jinzhu/gorm.SQLCommon github.com/jinzhu/gorm.logModeValue github.com/jinzhu/gorm.logger github.com/jinzhu/gorm.search github.com/jinzhu/gorm.Callback github.com/jinzhu/gorm.Dialect github.com/raahii/golang-grpc-realworld-example/model.Comment github.com/jinzhu/gorm.Model github.com/raahii/golang-grpc-realworld-example/model.User github.com/raahii/golang-grpc-realworld-example/model.Article]
2025/02/14 16:36:51 Expr: Delete: type of expression is &types.Signature{rparams:(*types.TypeParamList)(nil), tparams:(*types.TypeParamList)(nil), scope:(*types.Scope)(0xc014e91bc0), recv:(*types.Var)(0xc014e91c80), params:(*types.Tuple)(0xc014b83d28), results:(*types.Tuple)(0xc014b83d40), variadic:true}; Resolved type: func(value interface{}, where ...interface{}) *github.com/jinzhu/gorm.DB; Out: []
2025/02/14 16:36:51 Expr: m: type of expression is &types.Pointer{base:(*types.Named)(0xc017970e70)}; Resolved type: *github.com/raahii/golang-grpc-realworld-example/model.Comment; Out: [github.com/raahii/golang-grpc-realworld-example/model.Comment]
2025/02/14 16:36:51 Already collected type: github.com/raahii/golang-grpc-realworld-example/model.Comment. Current structs: [github.com/raahii/golang-grpc-realworld-example/store.ArticleStore github.com/jinzhu/gorm.DB github.com/jinzhu/gorm.SQLCommon github.com/jinzhu/gorm.logModeValue github.com/jinzhu/gorm.logger github.com/jinzhu/gorm.search github.com/jinzhu/gorm.Callback github.com/jinzhu/gorm.Dialect github.com/raahii/golang-grpc-realworld-example/model.Comment github.com/jinzhu/gorm.Model github.com/raahii/golang-grpc-realworld-example/model.User github.com/raahii/golang-grpc-realworld-example/model.Article]
2025/02/14 16:36:51 Expr: Error: type of expression is &types.Named{check:(*types.Checker)(nil), obj:(*types.TypeName)(0xc00006ca00), fromRHS:(*types.Interface)(0xc00006ca50), inst:(*types.instance)(nil), mu:sync.Mutex{state:0, sema:0x0}, state_:0x2, underlying:(*types.Interface)(0xc00006ca50), tparams:(*types.TypeParamList)(nil), methods:[]*types.Func(nil), loader:(func(*types.Named) ([]*types.TypeParam, types.Type, []*types.Func))(nil)}; Resolved type: error; Out: []
2025/02/14 16:36:51 Receiver type: *github.com/jinzhu/gorm.DB
2025/02/14 16:36:51 Found selector function call: github.com/jinzhu/gorm.DB.Delete, current functions list: []
2025/02/14 16:36:51 Split github.com/jinzhu/gorm.DB.Delete into github.com/jinzhu/gorm and DB.Delete:
2025/02/14 16:36:51 Split github.com/jinzhu/gorm.DB.Delete into github.com/jinzhu/gorm and DB.Delete:
2025/02/14 16:36:51 Found definition for github.com/jinzhu/gorm|DB.Delete|func, cache results {definition:func (s *DB) Delete(value interface{}, where ...interface{}) *DB {
	return s.NewScope(value).inlineCondition(where...).callCallbacks(s.parent.callbacks.deletes).db
} dependentFilePath:C:\Users\aksha\go\pkg\mod\github.com\jinzhu\gorm@v1.9.12\main.go importString:package github.com/jinzhu/gorm
}
2025/02/14 16:36:51 Split github.com/jinzhu/gorm.Model into github.com/jinzhu/gorm and Model:
2025/02/14 16:36:51 Found definition for github.com/jinzhu/gorm|Model|struct, cache results {definition:type Model struct {
	ID        uint `gorm:"primary_key"`
	CreatedAt time.Time
	UpdatedAt time.Time
	DeletedAt *time.Time `sql:"index"`
} dependentFilePath:C:\Users\aksha\go\pkg\mod\github.com\jinzhu\gorm@v1.9.12\model.go importString:package github.com/jinzhu/gorm
}
2025/02/14 16:36:51 Split github.com/raahii/golang-grpc-realworld-example/model.User into github.com/raahii/golang-grpc-realworld-example/model and User:
2025/02/14 16:36:51 Found definition for github.com/raahii/golang-grpc-realworld-example/model|User|struct, cache results {definition:type User struct {
	gorm.Model
	Username         string    `gorm:"unique_index;not null"`
	Email            string    `gorm:"unique_index;not null"`
	Password         string    `gorm:"not null"`
	Bio              string    `gorm:"not null"`
	Image            string    `gorm:"not null"`
	Follows          []User    `gorm:"many2many:follows;jointable_foreignkey:from_user_id;association_jointable_foreignkey:to_user_id"`
	FavoriteArticles []Article `gorm:"many2many:favorite_articles;"`
} dependentFilePath:C:\var\tmp\Roost\RoostGPT\golang-1\ece53592-7de3-4391-a2fb-0d6935272614\source\golang-grpc-realworld-example\model\user.go importString:package github.com/raahii/golang-grpc-realworld-example/model
import (
	validation "github.com/go-ozzo/ozzo-validation"
	"github.com/go-ozzo/ozzo-validation/is"
	"github.com/jinzhu/gorm"
	pb "github.com/raahii/golang-grpc-realworld-example/proto"
	"golang.org/x/crypto/bcrypt"
)
}
2025/02/14 16:36:51 Split github.com/raahii/golang-grpc-realworld-example/model.Article into github.com/raahii/golang-grpc-realworld-example/model and Article:
2025/02/14 16:36:51 Found definition for github.com/raahii/golang-grpc-realworld-example/model|Article|struct, cache results {definition:type Article struct {
	gorm.Model
	Title          string `gorm:"not null"`
	Description    string `gorm:"not null"`
	Body           string `gorm:"not null"`
	Tags           []Tag  `gorm:"many2many:article_tags"`
	Author         User   `gorm:"foreignkey:UserID"`
	UserID         uint   `gorm:"not null"`
	FavoritesCount int32  `gorm:"not null;default=0"`
	FavoritedUsers []User `gorm:"many2many:favorite_articles"`
	Comments       []Comment
} dependentFilePath:C:\var\tmp\Roost\RoostGPT\golang-1\ece53592-7de3-4391-a2fb-0d6935272614\source\golang-grpc-realworld-example\model\article.go importString:package github.com/raahii/golang-grpc-realworld-example/model
import (
	validation "github.com/go-ozzo/ozzo-validation"
	"github.com/jinzhu/gorm"
	pb "github.com/raahii/golang-grpc-realworld-example/proto"
)
}
2025/02/14 16:36:51 Split github.com/raahii/golang-grpc-realworld-example/store.ArticleStore into github.com/raahii/golang-grpc-realworld-example/store and ArticleStore:
2025/02/14 16:36:51 Found definition for github.com/raahii/golang-grpc-realworld-example/store|ArticleStore|struct, cache results {definition:type ArticleStore struct {
	db *gorm.DB
} dependentFilePath:C:\var\tmp\Roost\RoostGPT\golang-1\ece53592-7de3-4391-a2fb-0d6935272614\source\golang-grpc-realworld-example\store\article.go importString:package github.com/raahii/golang-grpc-realworld-example/store
import (
	"github.com/jinzhu/gorm"
	"github.com/raahii/golang-grpc-realworld-example/model"
)
}
2025/02/14 16:36:51 Split github.com/jinzhu/gorm.logModeValue into github.com/jinzhu/gorm and logModeValue:
2025/02/14 16:36:51 Found definition for github.com/jinzhu/gorm|logModeValue|struct, cache results {definition:type logModeValue int

const (
	defaultLogMode logModeValue = iota
	noLogMode
	detailedLogMode
) dependentFilePath:C:\Users\aksha\go\pkg\mod\github.com\jinzhu\gorm@v1.9.12\main.go importString:package github.com/jinzhu/gorm
}
2025/02/14 16:36:51 Split github.com/jinzhu/gorm.Dialect into github.com/jinzhu/gorm and Dialect:
2025/02/14 16:36:51 Found definition for github.com/jinzhu/gorm|Dialect|struct, cache results {definition:type Dialect interface {
	// GetName get dialect's name
	GetName() string

	// SetDB set db for dialect
	SetDB(db SQLCommon)

	// BindVar return the placeholder for actual values in SQL statements, in many dbs it is "?", Postgres using $1
	BindVar(i int) string
	// Quote quotes field name to avoid SQL parsing exceptions by using a reserved word as a field name
	Quote(key string) string
	// DataTypeOf return data's sql type
	DataTypeOf(field *StructField) string

	// HasIndex check has index or not
	HasIndex(tableName string, indexName string) bool
	// HasForeignKey check has foreign key or not
	HasForeignKey(tableName string, foreignKeyName string) bool
	// RemoveIndex remove index
	RemoveIndex(tableName string, indexName string) error
	// HasTable check has table or not
	HasTable(tableName string) bool
	// HasColumn check has column or not
	HasColumn(tableName string, columnName string) bool
	// ModifyColumn modify column's type
	ModifyColumn(tableName string, columnName string, typ string) error

	// LimitAndOffsetSQL return generated SQL with Limit and Offset, as mssql has special case
	LimitAndOffsetSQL(limit, offset interface{}) (string, error)
	// SelectFromDummyTable return select values, for most dbs, `SELECT values` just works, mysql needs `SELECT value FROM DUAL`
	SelectFromDummyTable() string
	// LastInsertIDOutputInterstitial most dbs support LastInsertId, but mssql needs to use `OUTPUT`
	LastInsertIDOutputInterstitial(tableName, columnName string, columns []string) string
	// LastInsertIdReturningSuffix most dbs support LastInsertId, but postgres needs to use `RETURNING`
	LastInsertIDReturningSuffix(tableName, columnName string) string
	// DefaultValueStr
	DefaultValueStr() string

	// BuildKeyName returns a valid key name (foreign key, index key) for the given table, field and reference
	BuildKeyName(kind, tableName string, fields ...string) string

	// NormalizeIndexAndColumn returns valid index name and column name depending on each dialect
	NormalizeIndexAndColumn(indexName, columnName string) (string, string)

	// CurrentDatabase return current database name
	CurrentDatabase() string
} dependentFilePath:C:\Users\aksha\go\pkg\mod\github.com\jinzhu\gorm@v1.9.12\dialect.go importString:package github.com/jinzhu/gorm
}
2025/02/14 16:36:51 Split github.com/raahii/golang-grpc-realworld-example/model.Comment into github.com/raahii/golang-grpc-realworld-example/model and Comment:
2025/02/14 16:36:51 Found definition for github.com/raahii/golang-grpc-realworld-example/model|Comment|struct, cache results {definition:type Comment struct {
	gorm.Model
	Body      string `gorm:"not null"`
	UserID    uint   `gorm:"not null"`
	Author    User   `gorm:"foreignkey:UserID"`
	ArticleID uint   `gorm:"not null"`
	Article   Article
} dependentFilePath:C:\var\tmp\Roost\RoostGPT\golang-1\ece53592-7de3-4391-a2fb-0d6935272614\source\golang-grpc-realworld-example\model\comment.go importString:package github.com/raahii/golang-grpc-realworld-example/model
import (
	validation "github.com/go-ozzo/ozzo-validation"
	"github.com/jinzhu/gorm"
	pb "github.com/raahii/golang-grpc-realworld-example/proto"
)
}
2025/02/14 16:36:51 Split github.com/jinzhu/gorm.Callback into github.com/jinzhu/gorm and Callback:
2025/02/14 16:36:51 Found definition for github.com/jinzhu/gorm|Callback|struct, cache results {definition:type Callback struct {
	logger     logger
	creates    []*func(scope *Scope)
	updates    []*func(scope *Scope)
	deletes    []*func(scope *Scope)
	queries    []*func(scope *Scope)
	rowQueries []*func(scope *Scope)
	processors []*CallbackProcessor
} dependentFilePath:C:\Users\aksha\go\pkg\mod\github.com\jinzhu\gorm@v1.9.12\callback.go importString:package github.com/jinzhu/gorm
}
2025/02/14 16:36:51 Split github.com/jinzhu/gorm.DB into github.com/jinzhu/gorm and DB:
2025/02/14 16:36:51 Found definition for github.com/jinzhu/gorm|DB|struct, cache results {definition:type DB struct {
	sync.RWMutex
	Value        interface{}
	Error        error
	RowsAffected int64

	// single db
	db                SQLCommon
	blockGlobalUpdate bool
	logMode           logModeValue
	logger            logger
	search            *search
	values            sync.Map

	// global db
	parent        *DB
	callbacks     *Callback
	dialect       Dialect
	singularTable bool

	// function to be used to override the creating of a new timestamp
	nowFuncOverride func() time.Time
} dependentFilePath:C:\Users\aksha\go\pkg\mod\github.com\jinzhu\gorm@v1.9.12\main.go importString:package github.com/jinzhu/gorm
}
2025/02/14 16:36:51 Split github.com/jinzhu/gorm.SQLCommon into github.com/jinzhu/gorm and SQLCommon:
2025/02/14 16:36:51 Found definition for github.com/jinzhu/gorm|SQLCommon|struct, cache results {definition:type SQLCommon interface {
	Exec(query string, args ...interface{}) (sql.Result, error)
	Prepare(query string) (*sql.Stmt, error)
	Query(query string, args ...interface{}) (*sql.Rows, error)
	QueryRow(query string, args ...interface{}) *sql.Row
} dependentFilePath:C:\Users\aksha\go\pkg\mod\github.com\jinzhu\gorm@v1.9.12\interface.go importString:package github.com/jinzhu/gorm
}
2025/02/14 16:36:51 Split github.com/jinzhu/gorm.logger into github.com/jinzhu/gorm and logger:
2025/02/14 16:36:51 Found definition for github.com/jinzhu/gorm|logger|struct, cache results {definition:type logger interface {
	Print(v ...interface{})
} dependentFilePath:C:\Users\aksha\go\pkg\mod\github.com\jinzhu\gorm@v1.9.12\logger.go importString:package github.com/jinzhu/gorm
}
2025/02/14 16:36:51 Split github.com/jinzhu/gorm.search into github.com/jinzhu/gorm and search:
2025/02/14 16:36:51 Found definition for github.com/jinzhu/gorm|search|struct, cache results {definition:type search struct {
	db               *DB
	whereConditions  []map[string]interface{}
	orConditions     []map[string]interface{}
	notConditions    []map[string]interface{}
	havingConditions []map[string]interface{}
	joinConditions   []map[string]interface{}
	initAttrs        []interface{}
	assignAttrs      []interface{}
	selects          map[string]interface{}
	omits            []string
	orders           []interface{}
	preload          []searchPreload
	offset           interface{}
	limit            interface{}
	group            string
	tableName        string
	raw              bool
	Unscoped         bool
	ignoreOrderQuery bool
} dependentFilePath:C:\Users\aksha\go\pkg\mod\github.com\jinzhu\gorm@v1.9.12\search.go importString:package github.com/jinzhu/gorm
}
2025/02/14 16:36:51 Depth is 2 for filepath C:\var\tmp\Roost\RoostGPT\golang-1\ece53592-7de3-4391-a2fb-0d6935272614\source\golang-grpc-realworld-example\store\user.go
2025/02/14 16:36:51 Split github.com/raahii/golang-grpc-realworld-example/store.UserStore into github.com/raahii/golang-grpc-realworld-example/store and UserStore:
2025/02/14 16:36:51 Found definition for github.com/raahii/golang-grpc-realworld-example/store|UserStore|struct, cache results {definition:type UserStore struct {
	db *gorm.DB
} dependentFilePath:C:\var\tmp\Roost\RoostGPT\golang-1\ece53592-7de3-4391-a2fb-0d6935272614\source\golang-grpc-realworld-example\store\user.go importString:package github.com/raahii/golang-grpc-realworld-example/store
import (
	"github.com/jinzhu/gorm"
	"github.com/raahii/golang-grpc-realworld-example/model"
)
}
2025/02/14 16:36:51 Split github.com/raahii/golang-grpc-realworld-example/store.ArticleStore into github.com/raahii/golang-grpc-realworld-example/store and ArticleStore:
2025/02/14 16:36:51 Found definition for github.com/raahii/golang-grpc-realworld-example/store|ArticleStore|struct, cache results {definition:type ArticleStore struct {
	db *gorm.DB
} dependentFilePath:C:\var\tmp\Roost\RoostGPT\golang-1\ece53592-7de3-4391-a2fb-0d6935272614\source\golang-grpc-realworld-example\store\article.go importString:package github.com/raahii/golang-grpc-realworld-example/store
import (
	"github.com/jinzhu/gorm"
	"github.com/raahii/golang-grpc-realworld-example/model"
)
}
2025/02/14 16:36:51 Analyzing function: NewUserStore in file: C:\var\tmp\Roost\RoostGPT\golang-1\ece53592-7de3-4391-a2fb-0d6935272614\source\golang-grpc-realworld-example\store\user.go
2025/02/14 16:36:51 Expr: &{Star:14975170 X:0xc01f022018}: type of expression is &types.Pointer{base:(*types.Named)(0xc0134725b0)}; Resolved type: *github.com/jinzhu/gorm.DB; Out: [github.com/jinzhu/gorm.DB]
2025/02/14 16:36:51 Collected field type: github.com/jinzhu/gorm.DB
2025/02/14 16:36:51 Recording and checking type: github.com/jinzhu/gorm.DB
2025/02/14 16:36:51 Processing struct: github.com/jinzhu/gorm.DB with 15 fields
2025/02/14 16:36:51 Recording and checking type: github.com/jinzhu/gorm.SQLCommon
2025/02/14 16:36:51 Underlying type is not a struct for: github.com/jinzhu/gorm.SQLCommon
2025/02/14 16:36:51 Recording and checking type: github.com/jinzhu/gorm.logModeValue
2025/02/14 16:36:51 Underlying type is not a struct for: github.com/jinzhu/gorm.logModeValue
2025/02/14 16:36:51 Recording and checking type: github.com/jinzhu/gorm.logger
2025/02/14 16:36:51 Underlying type is not a struct for: github.com/jinzhu/gorm.logger
2025/02/14 16:36:51 Recording and checking type: github.com/jinzhu/gorm.search
2025/02/14 16:36:51 Processing struct: github.com/jinzhu/gorm.search with 19 fields
2025/02/14 16:36:51 Recording and checking type: github.com/jinzhu/gorm.searchPreload
2025/02/14 16:36:51 Processing struct: github.com/jinzhu/gorm.searchPreload with 2 fields
2025/02/14 16:36:51 Recording and checking type: github.com/jinzhu/gorm.Callback
2025/02/14 16:36:51 Processing struct: github.com/jinzhu/gorm.Callback with 7 fields
2025/02/14 16:36:51 Recording and checking type: github.com/jinzhu/gorm.Scope
2025/02/14 16:36:51 Processing struct: github.com/jinzhu/gorm.Scope with 10 fields
2025/02/14 16:36:51 Already collected type: github.com/jinzhu/gorm.Scope. Current structs: [github.com/jinzhu/gorm.DB github.com/jinzhu/gorm.SQLCommon github.com/jinzhu/gorm.logModeValue github.com/jinzhu/gorm.logger github.com/jinzhu/gorm.search github.com/jinzhu/gorm.searchPreload github.com/jinzhu/gorm.Callback github.com/jinzhu/gorm.Scope]
2025/02/14 16:36:51 Already collected type: github.com/jinzhu/gorm.Scope. Current structs: [github.com/jinzhu/gorm.DB github.com/jinzhu/gorm.SQLCommon github.com/jinzhu/gorm.logModeValue github.com/jinzhu/gorm.logger github.com/jinzhu/gorm.search github.com/jinzhu/gorm.searchPreload github.com/jinzhu/gorm.Callback github.com/jinzhu/gorm.Scope]
2025/02/14 16:36:51 Already collected type: github.com/jinzhu/gorm.Scope. Current structs: [github.com/jinzhu/gorm.DB github.com/jinzhu/gorm.SQLCommon github.com/jinzhu/gorm.logModeValue github.com/jinzhu/gorm.logger github.com/jinzhu/gorm.search github.com/jinzhu/gorm.searchPreload github.com/jinzhu/gorm.Callback github.com/jinzhu/gorm.Scope]
2025/02/14 16:36:51 Already collected type: github.com/jinzhu/gorm.Scope. Current structs: [github.com/jinzhu/gorm.DB github.com/jinzhu/gorm.SQLCommon github.com/jinzhu/gorm.logModeValue github.com/jinzhu/gorm.logger github.com/jinzhu/gorm.search github.com/jinzhu/gorm.searchPreload github.com/jinzhu/gorm.Callback github.com/jinzhu/gorm.Scope]
2025/02/14 16:36:51 Recording and checking type: github.com/jinzhu/gorm.CallbackProcessor
2025/02/14 16:36:51 Processing struct: github.com/jinzhu/gorm.CallbackProcessor with 9 fields
2025/02/14 16:36:51 Recording and checking type: github.com/jinzhu/gorm.Dialect
2025/02/14 16:36:51 Underlying type is not a struct for: github.com/jinzhu/gorm.Dialect
2025/02/14 16:36:51 Expr: &{Star:14975180 X:UserStore}: type of expression is &types.Pointer{base:(*types.Named)(0xc014479500)}; Resolved type: *github.com/raahii/golang-grpc-realworld-example/store.UserStore; Out: [github.com/raahii/golang-grpc-realworld-example/store.UserStore]
2025/02/14 16:36:51 Collected field type: github.com/raahii/golang-grpc-realworld-example/store.UserStore
2025/02/14 16:36:51 Recording and checking type: github.com/raahii/golang-grpc-realworld-example/store.UserStore
2025/02/14 16:36:51 Processing struct: github.com/raahii/golang-grpc-realworld-example/store.UserStore with 1 fields
2025/02/14 16:36:51 Expr: UserStore: type of expression is &types.Named{check:(*types.Checker)(nil), obj:(*types.TypeName)(0xc01e5168c0), fromRHS:(*types.Struct)(0xc01e513020), inst:(*types.instance)(nil), mu:sync.Mutex{state:0, sema:0x0}, state_:0x2, underlying:(*types.Struct)(0xc01e513020), tparams:(*types.TypeParamList)(nil), methods:[]*types.Func{(*types.Func)(0xc01e51a9c0), (*types.Func)(0xc01e51aa80), (*types.Func)(0xc01e51ab40), (*types.Func)(0xc01e51ac00), (*types.Func)(0xc01e51acc0), (*types.Func)(0xc01e51ad80), (*types.Func)(0xc01e51ae40), (*types.Func)(0xc01e51af00), (*types.Func)(0xc01e51afc0)}, loader:(func(*types.Named) ([]*types.TypeParam, types.Type, []*types.Func))(nil)}; Resolved type: github.com/raahii/golang-grpc-realworld-example/store.UserStore; Out: [github.com/raahii/golang-grpc-realworld-example/store.UserStore]
2025/02/14 16:36:51 Already collected type: github.com/raahii/golang-grpc-realworld-example/store.UserStore. Current structs: [github.com/jinzhu/gorm.DB github.com/jinzhu/gorm.SQLCommon github.com/jinzhu/gorm.logModeValue github.com/jinzhu/gorm.logger github.com/jinzhu/gorm.search github.com/jinzhu/gorm.searchPreload github.com/jinzhu/gorm.Callback github.com/jinzhu/gorm.Scope github.com/jinzhu/gorm.CallbackProcessor github.com/jinzhu/gorm.Dialect github.com/raahii/golang-grpc-realworld-example/store.UserStore]
2025/02/14 16:36:51 Expr: UserStore: type of expression is &types.Named{check:(*types.Checker)(nil), obj:(*types.TypeName)(0xc01e5168c0), fromRHS:(*types.Struct)(0xc01e513020), inst:(*types.instance)(nil), mu:sync.Mutex{state:0, sema:0x0}, state_:0x2, underlying:(*types.Struct)(0xc01e513020), tparams:(*types.TypeParamList)(nil), methods:[]*types.Func{(*types.Func)(0xc01e51a9c0), (*types.Func)(0xc01e51aa80), (*types.Func)(0xc01e51ab40), (*types.Func)(0xc01e51ac00), (*types.Func)(0xc01e51acc0), (*types.Func)(0xc01e51ad80), (*types.Func)(0xc01e51ae40), (*types.Func)(0xc01e51af00), (*types.Func)(0xc01e51afc0)}, loader:(func(*types.Named) ([]*types.TypeParam, types.Type, []*types.Func))(nil)}; Resolved type: github.com/raahii/golang-grpc-realworld-example/store.UserStore; Out: [github.com/raahii/golang-grpc-realworld-example/store.UserStore]
2025/02/14 16:36:51 Already collected type: github.com/raahii/golang-grpc-realworld-example/store.UserStore. Current structs: [github.com/jinzhu/gorm.DB github.com/jinzhu/gorm.SQLCommon github.com/jinzhu/gorm.logModeValue github.com/jinzhu/gorm.logger github.com/jinzhu/gorm.search github.com/jinzhu/gorm.searchPreload github.com/jinzhu/gorm.Callback github.com/jinzhu/gorm.Scope github.com/jinzhu/gorm.CallbackProcessor github.com/jinzhu/gorm.Dialect github.com/raahii/golang-grpc-realworld-example/store.UserStore]
2025/02/14 16:36:51 Expr: db: type of expression is &types.Pointer{base:(*types.Named)(0xc0134725b0)}; Resolved type: *github.com/jinzhu/gorm.DB; Out: [github.com/jinzhu/gorm.DB]
2025/02/14 16:36:51 Already collected type: github.com/jinzhu/gorm.DB. Current structs: [github.com/jinzhu/gorm.DB github.com/jinzhu/gorm.SQLCommon github.com/jinzhu/gorm.logModeValue github.com/jinzhu/gorm.logger github.com/jinzhu/gorm.search github.com/jinzhu/gorm.searchPreload github.com/jinzhu/gorm.Callback github.com/jinzhu/gorm.Scope github.com/jinzhu/gorm.CallbackProcessor github.com/jinzhu/gorm.Dialect github.com/raahii/golang-grpc-realworld-example/store.UserStore]
2025/02/14 16:36:51 Expr: db: type of expression is &types.Pointer{base:(*types.Named)(0xc0134725b0)}; Resolved type: *github.com/jinzhu/gorm.DB; Out: [github.com/jinzhu/gorm.DB]
2025/02/14 16:36:51 Already collected type: github.com/jinzhu/gorm.DB. Current structs: [github.com/jinzhu/gorm.DB github.com/jinzhu/gorm.SQLCommon github.com/jinzhu/gorm.logModeValue github.com/jinzhu/gorm.logger github.com/jinzhu/gorm.search github.com/jinzhu/gorm.searchPreload github.com/jinzhu/gorm.Callback github.com/jinzhu/gorm.Scope github.com/jinzhu/gorm.CallbackProcessor github.com/jinzhu/gorm.Dialect github.com/raahii/golang-grpc-realworld-example/store.UserStore]
2025/02/14 16:36:51 Split github.com/jinzhu/gorm.logger into github.com/jinzhu/gorm and logger:
2025/02/14 16:36:51 Found definition for github.com/jinzhu/gorm|logger|struct, cache results {definition:type logger interface {
	Print(v ...interface{})
} dependentFilePath:C:\Users\aksha\go\pkg\mod\github.com\jinzhu\gorm@v1.9.12\logger.go importString:package github.com/jinzhu/gorm
}
2025/02/14 16:36:51 Split github.com/jinzhu/gorm.Callback into github.com/jinzhu/gorm and Callback:
2025/02/14 16:36:51 Found definition for github.com/jinzhu/gorm|Callback|struct, cache results {definition:type Callback struct {
	logger     logger
	creates    []*func(scope *Scope)
	updates    []*func(scope *Scope)
	deletes    []*func(scope *Scope)
	queries    []*func(scope *Scope)
	rowQueries []*func(scope *Scope)
	processors []*CallbackProcessor
} dependentFilePath:C:\Users\aksha\go\pkg\mod\github.com\jinzhu\gorm@v1.9.12\callback.go importString:package github.com/jinzhu/gorm
}
2025/02/14 16:36:51 Split github.com/jinzhu/gorm.CallbackProcessor into github.com/jinzhu/gorm and CallbackProcessor:
2025/02/14 16:36:51 Found definition for github.com/jinzhu/gorm|CallbackProcessor|struct, cache results {definition:type CallbackProcessor struct {
	logger    logger
	name      string              // current callback's name
	before    string              // register current callback before a callback
	after     string              // register current callback after a callback
	replace   bool                // replace callbacks with same name
	remove    bool                // delete callbacks with same name
	kind      string              // callback type: create, update, delete, query, row_query
	processor *func(scope *Scope) // callback handler
	parent    *Callback
} dependentFilePath:C:\Users\aksha\go\pkg\mod\github.com\jinzhu\gorm@v1.9.12\callback.go importString:package github.com/jinzhu/gorm
}
2025/02/14 16:36:51 Split github.com/raahii/golang-grpc-realworld-example/store.UserStore into github.com/raahii/golang-grpc-realworld-example/store and UserStore:
2025/02/14 16:36:51 Found definition for github.com/raahii/golang-grpc-realworld-example/store|UserStore|struct, cache results {definition:type UserStore struct {
	db *gorm.DB
} dependentFilePath:C:\var\tmp\Roost\RoostGPT\golang-1\ece53592-7de3-4391-a2fb-0d6935272614\source\golang-grpc-realworld-example\store\user.go importString:package github.com/raahii/golang-grpc-realworld-example/store
import (
	"github.com/jinzhu/gorm"
	"github.com/raahii/golang-grpc-realworld-example/model"
)
}
2025/02/14 16:36:51 Split github.com/jinzhu/gorm.Scope into github.com/jinzhu/gorm and Scope:
2025/02/14 16:36:51 Found definition for github.com/jinzhu/gorm|Scope|struct, cache results {definition:type Scope struct {
	Search          *search
	Value           interface{}
	SQL             string
	SQLVars         []interface{}
	db              *DB
	instanceID      string
	primaryKeyField *Field
	skipLeft        bool
	fields          *[]*Field
	selectAttrs     *[]string
} dependentFilePath:C:\Users\aksha\go\pkg\mod\github.com\jinzhu\gorm@v1.9.12\scope.go importString:package github.com/jinzhu/gorm
}
2025/02/14 16:36:51 Split github.com/jinzhu/gorm.Dialect into github.com/jinzhu/gorm and Dialect:
2025/02/14 16:36:51 Found definition for github.com/jinzhu/gorm|Dialect|struct, cache results {definition:type Dialect interface {
	// GetName get dialect's name
	GetName() string

	// SetDB set db for dialect
	SetDB(db SQLCommon)

	// BindVar return the placeholder for actual values in SQL statements, in many dbs it is "?", Postgres using $1
	BindVar(i int) string
	// Quote quotes field name to avoid SQL parsing exceptions by using a reserved word as a field name
	Quote(key string) string
	// DataTypeOf return data's sql type
	DataTypeOf(field *StructField) string

	// HasIndex check has index or not
	HasIndex(tableName string, indexName string) bool
	// HasForeignKey check has foreign key or not
	HasForeignKey(tableName string, foreignKeyName string) bool
	// RemoveIndex remove index
	RemoveIndex(tableName string, indexName string) error
	// HasTable check has table or not
	HasTable(tableName string) bool
	// HasColumn check has column or not
	HasColumn(tableName string, columnName string) bool
	// ModifyColumn modify column's type
	ModifyColumn(tableName string, columnName string, typ string) error

	// LimitAndOffsetSQL return generated SQL with Limit and Offset, as mssql has special case
	LimitAndOffsetSQL(limit, offset interface{}) (string, error)
	// SelectFromDummyTable return select values, for most dbs, `SELECT values` just works, mysql needs `SELECT value FROM DUAL`
	SelectFromDummyTable() string
	// LastInsertIDOutputInterstitial most dbs support LastInsertId, but mssql needs to use `OUTPUT`
	LastInsertIDOutputInterstitial(tableName, columnName string, columns []string) string
	// LastInsertIdReturningSuffix most dbs support LastInsertId, but postgres needs to use `RETURNING`
	LastInsertIDReturningSuffix(tableName, columnName string) string
	// DefaultValueStr
	DefaultValueStr() string

	// BuildKeyName returns a valid key name (foreign key, index key) for the given table, field and reference
	BuildKeyName(kind, tableName string, fields ...string) string

	// NormalizeIndexAndColumn returns valid index name and column name depending on each dialect
	NormalizeIndexAndColumn(indexName, columnName string) (string, string)

	// CurrentDatabase return current database name
	CurrentDatabase() string
} dependentFilePath:C:\Users\aksha\go\pkg\mod\github.com\jinzhu\gorm@v1.9.12\dialect.go importString:package github.com/jinzhu/gorm
}
2025/02/14 16:36:51 Split github.com/jinzhu/gorm.DB into github.com/jinzhu/gorm and DB:
2025/02/14 16:36:51 Found definition for github.com/jinzhu/gorm|DB|struct, cache results {definition:type DB struct {
	sync.RWMutex
	Value        interface{}
	Error        error
	RowsAffected int64

	// single db
	db                SQLCommon
	blockGlobalUpdate bool
	logMode           logModeValue
	logger            logger
	search            *search
	values            sync.Map

	// global db
	parent        *DB
	callbacks     *Callback
	dialect       Dialect
	singularTable bool

	// function to be used to override the creating of a new timestamp
	nowFuncOverride func() time.Time
} dependentFilePath:C:\Users\aksha\go\pkg\mod\github.com\jinzhu\gorm@v1.9.12\main.go importString:package github.com/jinzhu/gorm
}
2025/02/14 16:36:51 Split github.com/jinzhu/gorm.SQLCommon into github.com/jinzhu/gorm and SQLCommon:
2025/02/14 16:36:51 Found definition for github.com/jinzhu/gorm|SQLCommon|struct, cache results {definition:type SQLCommon interface {
	Exec(query string, args ...interface{}) (sql.Result, error)
	Prepare(query string) (*sql.Stmt, error)
	Query(query string, args ...interface{}) (*sql.Rows, error)
	QueryRow(query string, args ...interface{}) *sql.Row
} dependentFilePath:C:\Users\aksha\go\pkg\mod\github.com\jinzhu\gorm@v1.9.12\interface.go importString:package github.com/jinzhu/gorm
}
2025/02/14 16:36:51 Split github.com/jinzhu/gorm.logModeValue into github.com/jinzhu/gorm and logModeValue:
2025/02/14 16:36:51 Found definition for github.com/jinzhu/gorm|logModeValue|struct, cache results {definition:type logModeValue int

const (
	defaultLogMode logModeValue = iota
	noLogMode
	detailedLogMode
) dependentFilePath:C:\Users\aksha\go\pkg\mod\github.com\jinzhu\gorm@v1.9.12\main.go importString:package github.com/jinzhu/gorm
}
2025/02/14 16:36:51 Split github.com/jinzhu/gorm.search into github.com/jinzhu/gorm and search:
2025/02/14 16:36:51 Found definition for github.com/jinzhu/gorm|search|struct, cache results {definition:type search struct {
	db               *DB
	whereConditions  []map[string]interface{}
	orConditions     []map[string]interface{}
	notConditions    []map[string]interface{}
	havingConditions []map[string]interface{}
	joinConditions   []map[string]interface{}
	initAttrs        []interface{}
	assignAttrs      []interface{}
	selects          map[string]interface{}
	omits            []string
	orders           []interface{}
	preload          []searchPreload
	offset           interface{}
	limit            interface{}
	group            string
	tableName        string
	raw              bool
	Unscoped         bool
	ignoreOrderQuery bool
} dependentFilePath:C:\Users\aksha\go\pkg\mod\github.com\jinzhu\gorm@v1.9.12\search.go importString:package github.com/jinzhu/gorm
}
2025/02/14 16:36:51 Split github.com/jinzhu/gorm.searchPreload into github.com/jinzhu/gorm and searchPreload:
2025/02/14 16:36:51 Found definition for github.com/jinzhu/gorm|searchPreload|struct, cache results {definition:type searchPreload struct {
	schema     string
	conditions []interface{}
} dependentFilePath:C:\Users\aksha\go\pkg\mod\github.com\jinzhu\gorm@v1.9.12\search.go importString:package github.com/jinzhu/gorm
}
2025/02/14 16:36:51 Analyzing function: GetByEmail in file: C:\var\tmp\Roost\RoostGPT\golang-1\ece53592-7de3-4391-a2fb-0d6935272614\source\golang-grpc-realworld-example\store\user.go
2025/02/14 16:36:51 Expr: &{Star:14975275 X:UserStore}: type of expression is &types.Pointer{base:(*types.Named)(0xc014479500)}; Resolved type: *github.com/raahii/golang-grpc-realworld-example/store.UserStore; Out: [github.com/raahii/golang-grpc-realworld-example/store.UserStore]
2025/02/14 16:36:51 Recording and checking type: github.com/raahii/golang-grpc-realworld-example/store.UserStore
2025/02/14 16:36:51 Processing struct: github.com/raahii/golang-grpc-realworld-example/store.UserStore with 1 fields
2025/02/14 16:36:51 Recording and checking type: github.com/jinzhu/gorm.DB
2025/02/14 16:36:51 Processing struct: github.com/jinzhu/gorm.DB with 15 fields
2025/02/14 16:36:51 Recording and checking type: github.com/jinzhu/gorm.SQLCommon
2025/02/14 16:36:51 Underlying type is not a struct for: github.com/jinzhu/gorm.SQLCommon
2025/02/14 16:36:51 Recording and checking type: github.com/jinzhu/gorm.logModeValue
2025/02/14 16:36:51 Underlying type is not a struct for: github.com/jinzhu/gorm.logModeValue
2025/02/14 16:36:51 Recording and checking type: github.com/jinzhu/gorm.logger
2025/02/14 16:36:51 Underlying type is not a struct for: github.com/jinzhu/gorm.logger
2025/02/14 16:36:51 Recording and checking type: github.com/jinzhu/gorm.search
2025/02/14 16:36:51 Processing struct: github.com/jinzhu/gorm.search with 19 fields
2025/02/14 16:36:51 Recording and checking type: github.com/jinzhu/gorm.Callback
2025/02/14 16:36:51 Processing struct: github.com/jinzhu/gorm.Callback with 7 fields
2025/02/14 16:36:51 Recording and checking type: github.com/jinzhu/gorm.Dialect
2025/02/14 16:36:51 Underlying type is not a struct for: github.com/jinzhu/gorm.Dialect
2025/02/14 16:36:51 Expr: &{Star:14975313 X:0xc01f0220f0}: type of expression is &types.Pointer{base:(*types.Named)(0xc017970e00)}; Resolved type: *github.com/raahii/golang-grpc-realworld-example/model.User; Out: [github.com/raahii/golang-grpc-realworld-example/model.User]
2025/02/14 16:36:51 Collected field type: github.com/raahii/golang-grpc-realworld-example/model.User
2025/02/14 16:36:51 Expr: error: type of expression is &types.Named{check:(*types.Checker)(nil), obj:(*types.TypeName)(0xc00006ca00), fromRHS:(*types.Interface)(0xc00006ca50), inst:(*types.instance)(nil), mu:sync.Mutex{state:0, sema:0x0}, state_:0x2, underlying:(*types.Interface)(0xc00006ca50), tparams:(*types.TypeParamList)(nil), methods:[]*types.Func(nil), loader:(func(*types.Named) ([]*types.TypeParam, types.Type, []*types.Func))(nil)}; Resolved type: error; Out: []
2025/02/14 16:36:51 Recording and checking type: github.com/raahii/golang-grpc-realworld-example/model.User
2025/02/14 16:36:51 Processing struct: github.com/raahii/golang-grpc-realworld-example/model.User with 8 fields
2025/02/14 16:36:51 Recording and checking type: github.com/jinzhu/gorm.Model
2025/02/14 16:36:51 Processing struct: github.com/jinzhu/gorm.Model with 4 fields
2025/02/14 16:36:51 Recording and checking type: github.com/raahii/golang-grpc-realworld-example/model.Article
2025/02/14 16:36:51 Processing struct: github.com/raahii/golang-grpc-realworld-example/model.Article with 10 fields
2025/02/14 16:36:51 Recording and checking type: github.com/raahii/golang-grpc-realworld-example/model.Tag
2025/02/14 16:36:51 Processing struct: github.com/raahii/golang-grpc-realworld-example/model.Tag with 2 fields
2025/02/14 16:36:51 Recording and checking type: github.com/raahii/golang-grpc-realworld-example/model.Comment
2025/02/14 16:36:51 Processing struct: github.com/raahii/golang-grpc-realworld-example/model.Comment with 6 fields
2025/02/14 16:36:51 Expr: m: type of expression is &types.Named{check:(*types.Checker)(nil), obj:(*types.TypeName)(0xc01e4ffcc0), fromRHS:(*types.Struct)(0xc01e6a4150), inst:(*types.instance)(nil), mu:sync.Mutex{state:0, sema:0x0}, state_:0x2, underlying:(*types.Struct)(0xc01e6a4150), tparams:(*types.TypeParamList)(nil), methods:[]*types.Func{(*types.Func)(0xc01e487ec0), (*types.Func)(0xc01e696000), (*types.Func)(0xc01e6960c0), (*types.Func)(0xc01e696180), (*types.Func)(0xc01e696240)}, loader:(func(*types.Named) ([]*types.TypeParam, types.Type, []*types.Func))(nil)}; Resolved type: github.com/raahii/golang-grpc-realworld-example/model.User; Out: [github.com/raahii/golang-grpc-realworld-example/model.User]
2025/02/14 16:36:51 Already collected type: github.com/raahii/golang-grpc-realworld-example/model.User. Current structs: [github.com/raahii/golang-grpc-realworld-example/store.UserStore github.com/jinzhu/gorm.DB github.com/jinzhu/gorm.SQLCommon github.com/jinzhu/gorm.logModeValue github.com/jinzhu/gorm.logger github.com/jinzhu/gorm.search github.com/jinzhu/gorm.Callback github.com/jinzhu/gorm.Dialect github.com/raahii/golang-grpc-realworld-example/model.User github.com/jinzhu/gorm.Model github.com/raahii/golang-grpc-realworld-example/model.Article github.com/raahii/golang-grpc-realworld-example/model.Tag github.com/raahii/golang-grpc-realworld-example/model.Comment]
2025/02/14 16:36:51 Expr: User: type of expression is &types.Named{check:(*types.Checker)(nil), obj:(*types.TypeName)(0xc01e4ffcc0), fromRHS:(*types.Struct)(0xc01e6a4150), inst:(*types.instance)(nil), mu:sync.Mutex{state:0, sema:0x0}, state_:0x2, underlying:(*types.Struct)(0xc01e6a4150), tparams:(*types.TypeParamList)(nil), methods:[]*types.Func{(*types.Func)(0xc01e487ec0), (*types.Func)(0xc01e696000), (*types.Func)(0xc01e6960c0), (*types.Func)(0xc01e696180), (*types.Func)(0xc01e696240)}, loader:(func(*types.Named) ([]*types.TypeParam, types.Type, []*types.Func))(nil)}; Resolved type: github.com/raahii/golang-grpc-realworld-example/model.User; Out: [github.com/raahii/golang-grpc-realworld-example/model.User]
2025/02/14 16:36:51 Already collected type: github.com/raahii/golang-grpc-realworld-example/model.User. Current structs: [github.com/raahii/golang-grpc-realworld-example/store.UserStore github.com/jinzhu/gorm.DB github.com/jinzhu/gorm.SQLCommon github.com/jinzhu/gorm.logModeValue github.com/jinzhu/gorm.logger github.com/jinzhu/gorm.search github.com/jinzhu/gorm.Callback github.com/jinzhu/gorm.Dialect github.com/raahii/golang-grpc-realworld-example/model.User github.com/jinzhu/gorm.Model github.com/raahii/golang-grpc-realworld-example/model.Article github.com/raahii/golang-grpc-realworld-example/model.Tag github.com/raahii/golang-grpc-realworld-example/model.Comment]
2025/02/14 16:36:51 Expr: &{X:0xc01f012b00 Sel:Error}: type of expression is &types.Named{check:(*types.Checker)(nil), obj:(*types.TypeName)(0xc00006ca00), fromRHS:(*types.Interface)(0xc00006ca50), inst:(*types.instance)(nil), mu:sync.Mutex{state:0, sema:0x0}, state_:0x2, underlying:(*types.Interface)(0xc00006ca50), tparams:(*types.TypeParamList)(nil), methods:[]*types.Func(nil), loader:(func(*types.Named) ([]*types.TypeParam, types.Type, []*types.Func))(nil)}; Resolved type: error; Out: []
2025/02/14 16:36:51 Expr: err: type of expression is &types.Named{check:(*types.Checker)(nil), obj:(*types.TypeName)(0xc00006ca00), fromRHS:(*types.Interface)(0xc00006ca50), inst:(*types.instance)(nil), mu:sync.Mutex{state:0, sema:0x0}, state_:0x2, underlying:(*types.Interface)(0xc00006ca50), tparams:(*types.TypeParamList)(nil), methods:[]*types.Func(nil), loader:(func(*types.Named) ([]*types.TypeParam, types.Type, []*types.Func))(nil)}; Resolved type: error; Out: []
2025/02/14 16:36:51 Expr: s: type of expression is &types.Pointer{base:(*types.Named)(0xc014479500)}; Resolved type: *github.com/raahii/golang-grpc-realworld-example/store.UserStore; Out: [github.com/raahii/golang-grpc-realworld-example/store.UserStore]
2025/02/14 16:36:51 Already collected type: github.com/raahii/golang-grpc-realworld-example/store.UserStore. Current structs: [github.com/raahii/golang-grpc-realworld-example/store.UserStore github.com/jinzhu/gorm.DB github.com/jinzhu/gorm.SQLCommon github.com/jinzhu/gorm.logModeValue github.com/jinzhu/gorm.logger github.com/jinzhu/gorm.search github.com/jinzhu/gorm.Callback github.com/jinzhu/gorm.Dialect github.com/raahii/golang-grpc-realworld-example/model.User github.com/jinzhu/gorm.Model github.com/raahii/golang-grpc-realworld-example/model.Article github.com/raahii/golang-grpc-realworld-example/model.Tag github.com/raahii/golang-grpc-realworld-example/model.Comment]
2025/02/14 16:36:51 Expr: db: type of expression is &types.Pointer{base:(*types.Named)(0xc0134725b0)}; Resolved type: *github.com/jinzhu/gorm.DB; Out: [github.com/jinzhu/gorm.DB]
2025/02/14 16:36:51 Already collected type: github.com/jinzhu/gorm.DB. Current structs: [github.com/raahii/golang-grpc-realworld-example/store.UserStore github.com/jinzhu/gorm.DB github.com/jinzhu/gorm.SQLCommon github.com/jinzhu/gorm.logModeValue github.com/jinzhu/gorm.logger github.com/jinzhu/gorm.search github.com/jinzhu/gorm.Callback github.com/jinzhu/gorm.Dialect github.com/raahii/golang-grpc-realworld-example/model.User github.com/jinzhu/gorm.Model github.com/raahii/golang-grpc-realworld-example/model.Article github.com/raahii/golang-grpc-realworld-example/model.Tag github.com/raahii/golang-grpc-realworld-example/model.Comment]
2025/02/14 16:36:51 Expr: Where: type of expression is &types.Signature{rparams:(*types.TypeParamList)(nil), tparams:(*types.TypeParamList)(nil), scope:(*types.Scope)(0xc014e83200), recv:(*types.Var)(0xc014e832c0), params:(*types.Tuple)(0xc014b836b0), results:(*types.Tuple)(0xc014b836c8), variadic:true}; Resolved type: func(query interface{}, args ...interface{}) *github.com/jinzhu/gorm.DB; Out: []
2025/02/14 16:36:51 Expr: First: type of expression is &types.Signature{rparams:(*types.TypeParamList)(nil), tparams:(*types.TypeParamList)(nil), scope:(*types.Scope)(0xc014e8d260), recv:(*types.Var)(0xc014e8d320), params:(*types.Tuple)(0xc014b83998), results:(*types.Tuple)(0xc014b839b0), variadic:true}; Resolved type: func(out interface{}, where ...interface{}) *github.com/jinzhu/gorm.DB; Out: []
2025/02/14 16:36:51 Expr: m: type of expression is &types.Named{check:(*types.Checker)(nil), obj:(*types.TypeName)(0xc01e4ffcc0), fromRHS:(*types.Struct)(0xc01e6a4150), inst:(*types.instance)(nil), mu:sync.Mutex{state:0, sema:0x0}, state_:0x2, underlying:(*types.Struct)(0xc01e6a4150), tparams:(*types.TypeParamList)(nil), methods:[]*types.Func{(*types.Func)(0xc01e487ec0), (*types.Func)(0xc01e696000), (*types.Func)(0xc01e6960c0), (*types.Func)(0xc01e696180), (*types.Func)(0xc01e696240)}, loader:(func(*types.Named) ([]*types.TypeParam, types.Type, []*types.Func))(nil)}; Resolved type: github.com/raahii/golang-grpc-realworld-example/model.User; Out: [github.com/raahii/golang-grpc-realworld-example/model.User]
2025/02/14 16:36:51 Already collected type: github.com/raahii/golang-grpc-realworld-example/model.User. Current structs: [github.com/raahii/golang-grpc-realworld-example/store.UserStore github.com/jinzhu/gorm.DB github.com/jinzhu/gorm.SQLCommon github.com/jinzhu/gorm.logModeValue github.com/jinzhu/gorm.logger github.com/jinzhu/gorm.search github.com/jinzhu/gorm.Callback github.com/jinzhu/gorm.Dialect github.com/raahii/golang-grpc-realworld-example/model.User github.com/jinzhu/gorm.Model github.com/raahii/golang-grpc-realworld-example/model.Article github.com/raahii/golang-grpc-realworld-example/model.Tag github.com/raahii/golang-grpc-realworld-example/model.Comment]
2025/02/14 16:36:51 Expr: Error: type of expression is &types.Named{check:(*types.Checker)(nil), obj:(*types.TypeName)(0xc00006ca00), fromRHS:(*types.Interface)(0xc00006ca50), inst:(*types.instance)(nil), mu:sync.Mutex{state:0, sema:0x0}, state_:0x2, underlying:(*types.Interface)(0xc00006ca50), tparams:(*types.TypeParamList)(nil), methods:[]*types.Func(nil), loader:(func(*types.Named) ([]*types.TypeParam, types.Type, []*types.Func))(nil)}; Resolved type: error; Out: []
2025/02/14 16:36:51 Expr: err: type of expression is &types.Named{check:(*types.Checker)(nil), obj:(*types.TypeName)(0xc00006ca00), fromRHS:(*types.Interface)(0xc00006ca50), inst:(*types.instance)(nil), mu:sync.Mutex{state:0, sema:0x0}, state_:0x2, underlying:(*types.Interface)(0xc00006ca50), tparams:(*types.TypeParamList)(nil), methods:[]*types.Func(nil), loader:(func(*types.Named) ([]*types.TypeParam, types.Type, []*types.Func))(nil)}; Resolved type: error; Out: []
2025/02/14 16:36:51 Expr: err: type of expression is &types.Named{check:(*types.Checker)(nil), obj:(*types.TypeName)(0xc00006ca00), fromRHS:(*types.Interface)(0xc00006ca50), inst:(*types.instance)(nil), mu:sync.Mutex{state:0, sema:0x0}, state_:0x2, underlying:(*types.Interface)(0xc00006ca50), tparams:(*types.TypeParamList)(nil), methods:[]*types.Func(nil), loader:(func(*types.Named) ([]*types.TypeParam, types.Type, []*types.Func))(nil)}; Resolved type: error; Out: []
2025/02/14 16:36:51 Expr: m: type of expression is &types.Named{check:(*types.Checker)(nil), obj:(*types.TypeName)(0xc01e4ffcc0), fromRHS:(*types.Struct)(0xc01e6a4150), inst:(*types.instance)(nil), mu:sync.Mutex{state:0, sema:0x0}, state_:0x2, underlying:(*types.Struct)(0xc01e6a4150), tparams:(*types.TypeParamList)(nil), methods:[]*types.Func{(*types.Func)(0xc01e487ec0), (*types.Func)(0xc01e696000), (*types.Func)(0xc01e6960c0), (*types.Func)(0xc01e696180), (*types.Func)(0xc01e696240)}, loader:(func(*types.Named) ([]*types.TypeParam, types.Type, []*types.Func))(nil)}; Resolved type: github.com/raahii/golang-grpc-realworld-example/model.User; Out: [github.com/raahii/golang-grpc-realworld-example/model.User]
2025/02/14 16:36:51 Already collected type: github.com/raahii/golang-grpc-realworld-example/model.User. Current structs: [github.com/raahii/golang-grpc-realworld-example/store.UserStore github.com/jinzhu/gorm.DB github.com/jinzhu/gorm.SQLCommon github.com/jinzhu/gorm.logModeValue github.com/jinzhu/gorm.logger github.com/jinzhu/gorm.search github.com/jinzhu/gorm.Callback github.com/jinzhu/gorm.Dialect github.com/raahii/golang-grpc-realworld-example/model.User github.com/jinzhu/gorm.Model github.com/raahii/golang-grpc-realworld-example/model.Article github.com/raahii/golang-grpc-realworld-example/model.Tag github.com/raahii/golang-grpc-realworld-example/model.Comment]
2025/02/14 16:36:51 Receiver type: *github.com/jinzhu/gorm.DB
2025/02/14 16:36:51 Found selector function call: github.com/jinzhu/gorm.DB.First, current functions list: []
2025/02/14 16:36:51 Split github.com/jinzhu/gorm.DB.First into github.com/jinzhu/gorm and DB.First:
2025/02/14 16:36:51 Receiver type: *github.com/jinzhu/gorm.DB
2025/02/14 16:36:51 Found selector function call: github.com/jinzhu/gorm.DB.Where, current functions list: [github.com/jinzhu/gorm.DB.First]
2025/02/14 16:36:51 Split github.com/jinzhu/gorm.DB.Where into github.com/jinzhu/gorm and DB.Where:
2025/02/14 16:36:51 Split github.com/jinzhu/gorm.DB.Where into github.com/jinzhu/gorm and DB.Where:
2025/02/14 16:36:51 Found definition for github.com/jinzhu/gorm|DB.Where|func, cache results {definition:func (s *DB) Where(query interface{}, args ...interface{}) *DB {
	return s.clone().search.Where(query, args...).db
} dependentFilePath:C:\Users\aksha\go\pkg\mod\github.com\jinzhu\gorm@v1.9.12\main.go importString:package github.com/jinzhu/gorm
}
2025/02/14 16:36:51 Split github.com/jinzhu/gorm.DB.First into github.com/jinzhu/gorm and DB.First:
2025/02/14 16:36:51 name is DB.First with search type func 
2025/02/14 16:36:51 Entering: loadAndHandlePackage for github.com/jinzhu/gorm
2025/02/14 16:36:55 Exiting: loadAndHandlePackage for github.com/jinzhu/gorm
2025/02/14 16:36:55 Stored for github.com/jinzhu/gorm|DB.First|func, cache results {definition: dependentFilePath: importString:}
2025/02/14 16:36:55 Split github.com/raahii/golang-grpc-realworld-example/model.User into github.com/raahii/golang-grpc-realworld-example/model and User:
2025/02/14 16:36:55 Found definition for github.com/raahii/golang-grpc-realworld-example/model|User|struct, cache results {definition:type User struct {
	gorm.Model
	Username         string    `gorm:"unique_index;not null"`
	Email            string    `gorm:"unique_index;not null"`
	Password         string    `gorm:"not null"`
	Bio              string    `gorm:"not null"`
	Image            string    `gorm:"not null"`
	Follows          []User    `gorm:"many2many:follows;jointable_foreignkey:from_user_id;association_jointable_foreignkey:to_user_id"`
	FavoriteArticles []Article `gorm:"many2many:favorite_articles;"`
} dependentFilePath:C:\var\tmp\Roost\RoostGPT\golang-1\ece53592-7de3-4391-a2fb-0d6935272614\source\golang-grpc-realworld-example\model\user.go importString:package github.com/raahii/golang-grpc-realworld-example/model
import (
	validation "github.com/go-ozzo/ozzo-validation"
	"github.com/go-ozzo/ozzo-validation/is"
	"github.com/jinzhu/gorm"
	pb "github.com/raahii/golang-grpc-realworld-example/proto"
	"golang.org/x/crypto/bcrypt"
)
}
2025/02/14 16:36:55 Split github.com/jinzhu/gorm.Model into github.com/jinzhu/gorm and Model:
2025/02/14 16:36:55 Found definition for github.com/jinzhu/gorm|Model|struct, cache results {definition:type Model struct {
	ID        uint `gorm:"primary_key"`
	CreatedAt time.Time
	UpdatedAt time.Time
	DeletedAt *time.Time `sql:"index"`
} dependentFilePath:C:\Users\aksha\go\pkg\mod\github.com\jinzhu\gorm@v1.9.12\model.go importString:package github.com/jinzhu/gorm
}
2025/02/14 16:36:55 Split github.com/raahii/golang-grpc-realworld-example/model.Comment into github.com/raahii/golang-grpc-realworld-example/model and Comment:
2025/02/14 16:36:55 Found definition for github.com/raahii/golang-grpc-realworld-example/model|Comment|struct, cache results {definition:type Comment struct {
	gorm.Model
	Body      string `gorm:"not null"`
	UserID    uint   `gorm:"not null"`
	Author    User   `gorm:"foreignkey:UserID"`
	ArticleID uint   `gorm:"not null"`
	Article   Article
} dependentFilePath:C:\var\tmp\Roost\RoostGPT\golang-1\ece53592-7de3-4391-a2fb-0d6935272614\source\golang-grpc-realworld-example\model\comment.go importString:package github.com/raahii/golang-grpc-realworld-example/model
import (
	validation "github.com/go-ozzo/ozzo-validation"
	"github.com/jinzhu/gorm"
	pb "github.com/raahii/golang-grpc-realworld-example/proto"
)
}
2025/02/14 16:36:55 Split github.com/raahii/golang-grpc-realworld-example/store.UserStore into github.com/raahii/golang-grpc-realworld-example/store and UserStore:
2025/02/14 16:36:55 Found definition for github.com/raahii/golang-grpc-realworld-example/store|UserStore|struct, cache results {definition:type UserStore struct {
	db *gorm.DB
} dependentFilePath:C:\var\tmp\Roost\RoostGPT\golang-1\ece53592-7de3-4391-a2fb-0d6935272614\source\golang-grpc-realworld-example\store\user.go importString:package github.com/raahii/golang-grpc-realworld-example/store
import (
	"github.com/jinzhu/gorm"
	"github.com/raahii/golang-grpc-realworld-example/model"
)
}
2025/02/14 16:36:55 Split github.com/jinzhu/gorm.DB into github.com/jinzhu/gorm and DB:
2025/02/14 16:36:55 Found definition for github.com/jinzhu/gorm|DB|struct, cache results {definition:type DB struct {
	sync.RWMutex
	Value        interface{}
	Error        error
	RowsAffected int64

	// single db
	db                SQLCommon
	blockGlobalUpdate bool
	logMode           logModeValue
	logger            logger
	search            *search
	values            sync.Map

	// global db
	parent        *DB
	callbacks     *Callback
	dialect       Dialect
	singularTable bool

	// function to be used to override the creating of a new timestamp
	nowFuncOverride func() time.Time
} dependentFilePath:C:\Users\aksha\go\pkg\mod\github.com\jinzhu\gorm@v1.9.12\main.go importString:package github.com/jinzhu/gorm
}
2025/02/14 16:36:55 Split github.com/jinzhu/gorm.SQLCommon into github.com/jinzhu/gorm and SQLCommon:
2025/02/14 16:36:55 Found definition for github.com/jinzhu/gorm|SQLCommon|struct, cache results {definition:type SQLCommon interface {
	Exec(query string, args ...interface{}) (sql.Result, error)
	Prepare(query string) (*sql.Stmt, error)
	Query(query string, args ...interface{}) (*sql.Rows, error)
	QueryRow(query string, args ...interface{}) *sql.Row
} dependentFilePath:C:\Users\aksha\go\pkg\mod\github.com\jinzhu\gorm@v1.9.12\interface.go importString:package github.com/jinzhu/gorm
}
2025/02/14 16:36:55 Split github.com/jinzhu/gorm.Callback into github.com/jinzhu/gorm and Callback:
2025/02/14 16:36:55 Found definition for github.com/jinzhu/gorm|Callback|struct, cache results {definition:type Callback struct {
	logger     logger
	creates    []*func(scope *Scope)
	updates    []*func(scope *Scope)
	deletes    []*func(scope *Scope)
	queries    []*func(scope *Scope)
	rowQueries []*func(scope *Scope)
	processors []*CallbackProcessor
} dependentFilePath:C:\Users\aksha\go\pkg\mod\github.com\jinzhu\gorm@v1.9.12\callback.go importString:package github.com/jinzhu/gorm
}
2025/02/14 16:36:55 Split github.com/jinzhu/gorm.Dialect into github.com/jinzhu/gorm and Dialect:
2025/02/14 16:36:55 Found definition for github.com/jinzhu/gorm|Dialect|struct, cache results {definition:type Dialect interface {
	// GetName get dialect's name
	GetName() string

	// SetDB set db for dialect
	SetDB(db SQLCommon)

	// BindVar return the placeholder for actual values in SQL statements, in many dbs it is "?", Postgres using $1
	BindVar(i int) string
	// Quote quotes field name to avoid SQL parsing exceptions by using a reserved word as a field name
	Quote(key string) string
	// DataTypeOf return data's sql type
	DataTypeOf(field *StructField) string

	// HasIndex check has index or not
	HasIndex(tableName string, indexName string) bool
	// HasForeignKey check has foreign key or not
	HasForeignKey(tableName string, foreignKeyName string) bool
	// RemoveIndex remove index
	RemoveIndex(tableName string, indexName string) error
	// HasTable check has table or not
	HasTable(tableName string) bool
	// HasColumn check has column or not
	HasColumn(tableName string, columnName string) bool
	// ModifyColumn modify column's type
	ModifyColumn(tableName string, columnName string, typ string) error

	// LimitAndOffsetSQL return generated SQL with Limit and Offset, as mssql has special case
	LimitAndOffsetSQL(limit, offset interface{}) (string, error)
	// SelectFromDummyTable return select values, for most dbs, `SELECT values` just works, mysql needs `SELECT value FROM DUAL`
	SelectFromDummyTable() string
	// LastInsertIDOutputInterstitial most dbs support LastInsertId, but mssql needs to use `OUTPUT`
	LastInsertIDOutputInterstitial(tableName, columnName string, columns []string) string
	// LastInsertIdReturningSuffix most dbs support LastInsertId, but postgres needs to use `RETURNING`
	LastInsertIDReturningSuffix(tableName, columnName string) string
	// DefaultValueStr
	DefaultValueStr() string

	// BuildKeyName returns a valid key name (foreign key, index key) for the given table, field and reference
	BuildKeyName(kind, tableName string, fields ...string) string

	// NormalizeIndexAndColumn returns valid index name and column name depending on each dialect
	NormalizeIndexAndColumn(indexName, columnName string) (string, string)

	// CurrentDatabase return current database name
	CurrentDatabase() string
} dependentFilePath:C:\Users\aksha\go\pkg\mod\github.com\jinzhu\gorm@v1.9.12\dialect.go importString:package github.com/jinzhu/gorm
}
2025/02/14 16:36:55 Split github.com/raahii/golang-grpc-realworld-example/model.Article into github.com/raahii/golang-grpc-realworld-example/model and Article:
2025/02/14 16:36:55 Found definition for github.com/raahii/golang-grpc-realworld-example/model|Article|struct, cache results {definition:type Article struct {
	gorm.Model
	Title          string `gorm:"not null"`
	Description    string `gorm:"not null"`
	Body           string `gorm:"not null"`
	Tags           []Tag  `gorm:"many2many:article_tags"`
	Author         User   `gorm:"foreignkey:UserID"`
	UserID         uint   `gorm:"not null"`
	FavoritesCount int32  `gorm:"not null;default=0"`
	FavoritedUsers []User `gorm:"many2many:favorite_articles"`
	Comments       []Comment
} dependentFilePath:C:\var\tmp\Roost\RoostGPT\golang-1\ece53592-7de3-4391-a2fb-0d6935272614\source\golang-grpc-realworld-example\model\article.go importString:package github.com/raahii/golang-grpc-realworld-example/model
import (
	validation "github.com/go-ozzo/ozzo-validation"
	"github.com/jinzhu/gorm"
	pb "github.com/raahii/golang-grpc-realworld-example/proto"
)
}
2025/02/14 16:36:55 Split github.com/raahii/golang-grpc-realworld-example/model.Tag into github.com/raahii/golang-grpc-realworld-example/model and Tag:
2025/02/14 16:36:55 Found definition for github.com/raahii/golang-grpc-realworld-example/model|Tag|struct, cache results {definition:type Tag struct {
	gorm.Model
	Name string `gorm:"not null"`
} dependentFilePath:C:\var\tmp\Roost\RoostGPT\golang-1\ece53592-7de3-4391-a2fb-0d6935272614\source\golang-grpc-realworld-example\model\article.go importString:package github.com/raahii/golang-grpc-realworld-example/model
import (
	validation "github.com/go-ozzo/ozzo-validation"
	"github.com/jinzhu/gorm"
	pb "github.com/raahii/golang-grpc-realworld-example/proto"
)
}
2025/02/14 16:36:55 Split github.com/jinzhu/gorm.logModeValue into github.com/jinzhu/gorm and logModeValue:
2025/02/14 16:36:55 Found definition for github.com/jinzhu/gorm|logModeValue|struct, cache results {definition:type logModeValue int

const (
	defaultLogMode logModeValue = iota
	noLogMode
	detailedLogMode
) dependentFilePath:C:\Users\aksha\go\pkg\mod\github.com\jinzhu\gorm@v1.9.12\main.go importString:package github.com/jinzhu/gorm
}
2025/02/14 16:36:55 Split github.com/jinzhu/gorm.logger into github.com/jinzhu/gorm and logger:
2025/02/14 16:36:55 Found definition for github.com/jinzhu/gorm|logger|struct, cache results {definition:type logger interface {
	Print(v ...interface{})
} dependentFilePath:C:\Users\aksha\go\pkg\mod\github.com\jinzhu\gorm@v1.9.12\logger.go importString:package github.com/jinzhu/gorm
}
2025/02/14 16:36:55 Split github.com/jinzhu/gorm.search into github.com/jinzhu/gorm and search:
2025/02/14 16:36:55 Found definition for github.com/jinzhu/gorm|search|struct, cache results {definition:type search struct {
	db               *DB
	whereConditions  []map[string]interface{}
	orConditions     []map[string]interface{}
	notConditions    []map[string]interface{}
	havingConditions []map[string]interface{}
	joinConditions   []map[string]interface{}
	initAttrs        []interface{}
	assignAttrs      []interface{}
	selects          map[string]interface{}
	omits            []string
	orders           []interface{}
	preload          []searchPreload
	offset           interface{}
	limit            interface{}
	group            string
	tableName        string
	raw              bool
	Unscoped         bool
	ignoreOrderQuery bool
} dependentFilePath:C:\Users\aksha\go\pkg\mod\github.com\jinzhu\gorm@v1.9.12\search.go importString:package github.com/jinzhu/gorm
}
2025/02/14 16:36:55 Analyzing function: GetByID in file: C:\var\tmp\Roost\RoostGPT\golang-1\ece53592-7de3-4391-a2fb-0d6935272614\source\golang-grpc-realworld-example\store\user.go
2025/02/14 16:36:55 Expr: &{Star:14975505 X:UserStore}: type of expression is &types.Pointer{base:(*types.Named)(0xc014479500)}; Resolved type: *github.com/raahii/golang-grpc-realworld-example/store.UserStore; Out: [github.com/raahii/golang-grpc-realworld-example/store.UserStore]
2025/02/14 16:36:55 Recording and checking type: github.com/raahii/golang-grpc-realworld-example/store.UserStore
2025/02/14 16:36:55 Processing struct: github.com/raahii/golang-grpc-realworld-example/store.UserStore with 1 fields
2025/02/14 16:36:55 Recording and checking type: github.com/jinzhu/gorm.DB
2025/02/14 16:36:55 Processing struct: github.com/jinzhu/gorm.DB with 15 fields
2025/02/14 16:36:55 Recording and checking type: github.com/jinzhu/gorm.SQLCommon
2025/02/14 16:36:55 Underlying type is not a struct for: github.com/jinzhu/gorm.SQLCommon
2025/02/14 16:36:55 Recording and checking type: github.com/jinzhu/gorm.logModeValue
2025/02/14 16:36:55 Underlying type is not a struct for: github.com/jinzhu/gorm.logModeValue
2025/02/14 16:36:55 Recording and checking type: github.com/jinzhu/gorm.logger
2025/02/14 16:36:55 Underlying type is not a struct for: github.com/jinzhu/gorm.logger
2025/02/14 16:36:55 Recording and checking type: github.com/jinzhu/gorm.search
2025/02/14 16:36:55 Processing struct: github.com/jinzhu/gorm.search with 19 fields
2025/02/14 16:36:55 Recording and checking type: github.com/jinzhu/gorm.Callback
2025/02/14 16:36:55 Processing struct: github.com/jinzhu/gorm.Callback with 7 fields
2025/02/14 16:36:55 Recording and checking type: github.com/jinzhu/gorm.Dialect
2025/02/14 16:36:55 Underlying type is not a struct for: github.com/jinzhu/gorm.Dialect
2025/02/14 16:36:55 Expr: &{Star:14975535 X:0xc01f022228}: type of expression is &types.Pointer{base:(*types.Named)(0xc017970e00)}; Resolved type: *github.com/raahii/golang-grpc-realworld-example/model.User; Out: [github.com/raahii/golang-grpc-realworld-example/model.User]
2025/02/14 16:36:55 Collected field type: github.com/raahii/golang-grpc-realworld-example/model.User
2025/02/14 16:36:55 Expr: error: type of expression is &types.Named{check:(*types.Checker)(nil), obj:(*types.TypeName)(0xc00006ca00), fromRHS:(*types.Interface)(0xc00006ca50), inst:(*types.instance)(nil), mu:sync.Mutex{state:0, sema:0x0}, state_:0x2, underlying:(*types.Interface)(0xc00006ca50), tparams:(*types.TypeParamList)(nil), methods:[]*types.Func(nil), loader:(func(*types.Named) ([]*types.TypeParam, types.Type, []*types.Func))(nil)}; Resolved type: error; Out: []
2025/02/14 16:36:55 Recording and checking type: github.com/raahii/golang-grpc-realworld-example/model.User
2025/02/14 16:36:55 Processing struct: github.com/raahii/golang-grpc-realworld-example/model.User with 8 fields
2025/02/14 16:36:55 Recording and checking type: github.com/jinzhu/gorm.Model
2025/02/14 16:36:55 Processing struct: github.com/jinzhu/gorm.Model with 4 fields
2025/02/14 16:36:55 Recording and checking type: github.com/raahii/golang-grpc-realworld-example/model.Article
2025/02/14 16:36:55 Processing struct: github.com/raahii/golang-grpc-realworld-example/model.Article with 10 fields
2025/02/14 16:36:55 Recording and checking type: github.com/raahii/golang-grpc-realworld-example/model.Tag
2025/02/14 16:36:55 Processing struct: github.com/raahii/golang-grpc-realworld-example/model.Tag with 2 fields
2025/02/14 16:36:55 Recording and checking type: github.com/raahii/golang-grpc-realworld-example/model.Comment
2025/02/14 16:36:55 Processing struct: github.com/raahii/golang-grpc-realworld-example/model.Comment with 6 fields
2025/02/14 16:36:55 Expr: m: type of expression is &types.Named{check:(*types.Checker)(nil), obj:(*types.TypeName)(0xc01e4ffcc0), fromRHS:(*types.Struct)(0xc01e6a4150), inst:(*types.instance)(nil), mu:sync.Mutex{state:0, sema:0x0}, state_:0x2, underlying:(*types.Struct)(0xc01e6a4150), tparams:(*types.TypeParamList)(nil), methods:[]*types.Func{(*types.Func)(0xc01e487ec0), (*types.Func)(0xc01e696000), (*types.Func)(0xc01e6960c0), (*types.Func)(0xc01e696180), (*types.Func)(0xc01e696240)}, loader:(func(*types.Named) ([]*types.TypeParam, types.Type, []*types.Func))(nil)}; Resolved type: github.com/raahii/golang-grpc-realworld-example/model.User; Out: [github.com/raahii/golang-grpc-realworld-example/model.User]
2025/02/14 16:36:55 Already collected type: github.com/raahii/golang-grpc-realworld-example/model.User. Current structs: [github.com/raahii/golang-grpc-realworld-example/store.UserStore github.com/jinzhu/gorm.DB github.com/jinzhu/gorm.SQLCommon github.com/jinzhu/gorm.logModeValue github.com/jinzhu/gorm.logger github.com/jinzhu/gorm.search github.com/jinzhu/gorm.Callback github.com/jinzhu/gorm.Dialect github.com/raahii/golang-grpc-realworld-example/model.User github.com/jinzhu/gorm.Model github.com/raahii/golang-grpc-realworld-example/model.Article github.com/raahii/golang-grpc-realworld-example/model.Tag github.com/raahii/golang-grpc-realworld-example/model.Comment]
2025/02/14 16:36:55 Expr: User: type of expression is &types.Named{check:(*types.Checker)(nil), obj:(*types.TypeName)(0xc01e4ffcc0), fromRHS:(*types.Struct)(0xc01e6a4150), inst:(*types.instance)(nil), mu:sync.Mutex{state:0, sema:0x0}, state_:0x2, underlying:(*types.Struct)(0xc01e6a4150), tparams:(*types.TypeParamList)(nil), methods:[]*types.Func{(*types.Func)(0xc01e487ec0), (*types.Func)(0xc01e696000), (*types.Func)(0xc01e6960c0), (*types.Func)(0xc01e696180), (*types.Func)(0xc01e696240)}, loader:(func(*types.Named) ([]*types.TypeParam, types.Type, []*types.Func))(nil)}; Resolved type: github.com/raahii/golang-grpc-realworld-example/model.User; Out: [github.com/raahii/golang-grpc-realworld-example/model.User]
2025/02/14 16:36:55 Already collected type: github.com/raahii/golang-grpc-realworld-example/model.User. Current structs: [github.com/raahii/golang-grpc-realworld-example/store.UserStore github.com/jinzhu/gorm.DB github.com/jinzhu/gorm.SQLCommon github.com/jinzhu/gorm.logModeValue github.com/jinzhu/gorm.logger github.com/jinzhu/gorm.search github.com/jinzhu/gorm.Callback github.com/jinzhu/gorm.Dialect github.com/raahii/golang-grpc-realworld-example/model.User github.com/jinzhu/gorm.Model github.com/raahii/golang-grpc-realworld-example/model.Article github.com/raahii/golang-grpc-realworld-example/model.Tag github.com/raahii/golang-grpc-realworld-example/model.Comment]
2025/02/14 16:36:55 Expr: &{X:0xc01f012d40 Sel:Error}: type of expression is &types.Named{check:(*types.Checker)(nil), obj:(*types.TypeName)(0xc00006ca00), fromRHS:(*types.Interface)(0xc00006ca50), inst:(*types.instance)(nil), mu:sync.Mutex{state:0, sema:0x0}, state_:0x2, underlying:(*types.Interface)(0xc00006ca50), tparams:(*types.TypeParamList)(nil), methods:[]*types.Func(nil), loader:(func(*types.Named) ([]*types.TypeParam, types.Type, []*types.Func))(nil)}; Resolved type: error; Out: []
2025/02/14 16:36:55 Expr: err: type of expression is &types.Named{check:(*types.Checker)(nil), obj:(*types.TypeName)(0xc00006ca00), fromRHS:(*types.Interface)(0xc00006ca50), inst:(*types.instance)(nil), mu:sync.Mutex{state:0, sema:0x0}, state_:0x2, underlying:(*types.Interface)(0xc00006ca50), tparams:(*types.TypeParamList)(nil), methods:[]*types.Func(nil), loader:(func(*types.Named) ([]*types.TypeParam, types.Type, []*types.Func))(nil)}; Resolved type: error; Out: []
2025/02/14 16:36:55 Expr: s: type of expression is &types.Pointer{base:(*types.Named)(0xc014479500)}; Resolved type: *github.com/raahii/golang-grpc-realworld-example/store.UserStore; Out: [github.com/raahii/golang-grpc-realworld-example/store.UserStore]
2025/02/14 16:36:55 Already collected type: github.com/raahii/golang-grpc-realworld-example/store.UserStore. Current structs: [github.com/raahii/golang-grpc-realworld-example/store.UserStore github.com/jinzhu/gorm.DB github.com/jinzhu/gorm.SQLCommon github.com/jinzhu/gorm.logModeValue github.com/jinzhu/gorm.logger github.com/jinzhu/gorm.search github.com/jinzhu/gorm.Callback github.com/jinzhu/gorm.Dialect github.com/raahii/golang-grpc-realworld-example/model.User github.com/jinzhu/gorm.Model github.com/raahii/golang-grpc-realworld-example/model.Article github.com/raahii/golang-grpc-realworld-example/model.Tag github.com/raahii/golang-grpc-realworld-example/model.Comment]
2025/02/14 16:36:55 Expr: db: type of expression is &types.Pointer{base:(*types.Named)(0xc0134725b0)}; Resolved type: *github.com/jinzhu/gorm.DB; Out: [github.com/jinzhu/gorm.DB]
2025/02/14 16:36:55 Already collected type: github.com/jinzhu/gorm.DB. Current structs: [github.com/raahii/golang-grpc-realworld-example/store.UserStore github.com/jinzhu/gorm.DB github.com/jinzhu/gorm.SQLCommon github.com/jinzhu/gorm.logModeValue github.com/jinzhu/gorm.logger github.com/jinzhu/gorm.search github.com/jinzhu/gorm.Callback github.com/jinzhu/gorm.Dialect github.com/raahii/golang-grpc-realworld-example/model.User github.com/jinzhu/gorm.Model github.com/raahii/golang-grpc-realworld-example/model.Article github.com/raahii/golang-grpc-realworld-example/model.Tag github.com/raahii/golang-grpc-realworld-example/model.Comment]
2025/02/14 16:36:55 Expr: Find: type of expression is &types.Signature{rparams:(*types.TypeParamList)(nil), tparams:(*types.TypeParamList)(nil), scope:(*types.Scope)(0xc014e8d920), recv:(*types.Var)(0xc014e8d9e0), params:(*types.Tuple)(0xc014b83a28), results:(*types.Tuple)(0xc014b83a40), variadic:true}; Resolved type: func(out interface{}, where ...interface{}) *github.com/jinzhu/gorm.DB; Out: []
2025/02/14 16:36:55 Expr: m: type of expression is &types.Named{check:(*types.Checker)(nil), obj:(*types.TypeName)(0xc01e4ffcc0), fromRHS:(*types.Struct)(0xc01e6a4150), inst:(*types.instance)(nil), mu:sync.Mutex{state:0, sema:0x0}, state_:0x2, underlying:(*types.Struct)(0xc01e6a4150), tparams:(*types.TypeParamList)(nil), methods:[]*types.Func{(*types.Func)(0xc01e487ec0), (*types.Func)(0xc01e696000), (*types.Func)(0xc01e6960c0), (*types.Func)(0xc01e696180), (*types.Func)(0xc01e696240)}, loader:(func(*types.Named) ([]*types.TypeParam, types.Type, []*types.Func))(nil)}; Resolved type: github.com/raahii/golang-grpc-realworld-example/model.User; Out: [github.com/raahii/golang-grpc-realworld-example/model.User]
2025/02/14 16:36:55 Already collected type: github.com/raahii/golang-grpc-realworld-example/model.User. Current structs: [github.com/raahii/golang-grpc-realworld-example/store.UserStore github.com/jinzhu/gorm.DB github.com/jinzhu/gorm.SQLCommon github.com/jinzhu/gorm.logModeValue github.com/jinzhu/gorm.logger github.com/jinzhu/gorm.search github.com/jinzhu/gorm.Callback github.com/jinzhu/gorm.Dialect github.com/raahii/golang-grpc-realworld-example/model.User github.com/jinzhu/gorm.Model github.com/raahii/golang-grpc-realworld-example/model.Article github.com/raahii/golang-grpc-realworld-example/model.Tag github.com/raahii/golang-grpc-realworld-example/model.Comment]
2025/02/14 16:36:55 Expr: Error: type of expression is &types.Named{check:(*types.Checker)(nil), obj:(*types.TypeName)(0xc00006ca00), fromRHS:(*types.Interface)(0xc00006ca50), inst:(*types.instance)(nil), mu:sync.Mutex{state:0, sema:0x0}, state_:0x2, underlying:(*types.Interface)(0xc00006ca50), tparams:(*types.TypeParamList)(nil), methods:[]*types.Func(nil), loader:(func(*types.Named) ([]*types.TypeParam, types.Type, []*types.Func))(nil)}; Resolved type: error; Out: []
2025/02/14 16:36:55 Expr: err: type of expression is &types.Named{check:(*types.Checker)(nil), obj:(*types.TypeName)(0xc00006ca00), fromRHS:(*types.Interface)(0xc00006ca50), inst:(*types.instance)(nil), mu:sync.Mutex{state:0, sema:0x0}, state_:0x2, underlying:(*types.Interface)(0xc00006ca50), tparams:(*types.TypeParamList)(nil), methods:[]*types.Func(nil), loader:(func(*types.Named) ([]*types.TypeParam, types.Type, []*types.Func))(nil)}; Resolved type: error; Out: []
2025/02/14 16:36:55 Expr: err: type of expression is &types.Named{check:(*types.Checker)(nil), obj:(*types.TypeName)(0xc00006ca00), fromRHS:(*types.Interface)(0xc00006ca50), inst:(*types.instance)(nil), mu:sync.Mutex{state:0, sema:0x0}, state_:0x2, underlying:(*types.Interface)(0xc00006ca50), tparams:(*types.TypeParamList)(nil), methods:[]*types.Func(nil), loader:(func(*types.Named) ([]*types.TypeParam, types.Type, []*types.Func))(nil)}; Resolved type: error; Out: []
2025/02/14 16:36:55 Expr: m: type of expression is &types.Named{check:(*types.Checker)(nil), obj:(*types.TypeName)(0xc01e4ffcc0), fromRHS:(*types.Struct)(0xc01e6a4150), inst:(*types.instance)(nil), mu:sync.Mutex{state:0, sema:0x0}, state_:0x2, underlying:(*types.Struct)(0xc01e6a4150), tparams:(*types.TypeParamList)(nil), methods:[]*types.Func{(*types.Func)(0xc01e487ec0), (*types.Func)(0xc01e696000), (*types.Func)(0xc01e6960c0), (*types.Func)(0xc01e696180), (*types.Func)(0xc01e696240)}, loader:(func(*types.Named) ([]*types.TypeParam, types.Type, []*types.Func))(nil)}; Resolved type: github.com/raahii/golang-grpc-realworld-example/model.User; Out: [github.com/raahii/golang-grpc-realworld-example/model.User]
2025/02/14 16:36:55 Already collected type: github.com/raahii/golang-grpc-realworld-example/model.User. Current structs: [github.com/raahii/golang-grpc-realworld-example/store.UserStore github.com/jinzhu/gorm.DB github.com/jinzhu/gorm.SQLCommon github.com/jinzhu/gorm.logModeValue github.com/jinzhu/gorm.logger github.com/jinzhu/gorm.search github.com/jinzhu/gorm.Callback github.com/jinzhu/gorm.Dialect github.com/raahii/golang-grpc-realworld-example/model.User github.com/jinzhu/gorm.Model github.com/raahii/golang-grpc-realworld-example/model.Article github.com/raahii/golang-grpc-realworld-example/model.Tag github.com/raahii/golang-grpc-realworld-example/model.Comment]
2025/02/14 16:36:55 Receiver type: *github.com/jinzhu/gorm.DB
2025/02/14 16:36:55 Found selector function call: github.com/jinzhu/gorm.DB.Find, current functions list: []
2025/02/14 16:36:55 Split github.com/jinzhu/gorm.DB.Find into github.com/jinzhu/gorm and DB.Find:
2025/02/14 16:36:55 Split github.com/jinzhu/gorm.DB.Find into github.com/jinzhu/gorm and DB.Find:
2025/02/14 16:36:55 Found definition for github.com/jinzhu/gorm|DB.Find|func, cache results {definition:func (s *DB) Find(out interface{}, where ...interface{}) *DB {
	return s.NewScope(out).inlineCondition(where...).callCallbacks(s.parent.callbacks.queries).db
} dependentFilePath:C:\Users\aksha\go\pkg\mod\github.com\jinzhu\gorm@v1.9.12\main.go importString:package github.com/jinzhu/gorm
}
2025/02/14 16:36:55 Split github.com/jinzhu/gorm.SQLCommon into github.com/jinzhu/gorm and SQLCommon:
2025/02/14 16:36:55 Found definition for github.com/jinzhu/gorm|SQLCommon|struct, cache results {definition:type SQLCommon interface {
	Exec(query string, args ...interface{}) (sql.Result, error)
	Prepare(query string) (*sql.Stmt, error)
	Query(query string, args ...interface{}) (*sql.Rows, error)
	QueryRow(query string, args ...interface{}) *sql.Row
} dependentFilePath:C:\Users\aksha\go\pkg\mod\github.com\jinzhu\gorm@v1.9.12\interface.go importString:package github.com/jinzhu/gorm
}
2025/02/14 16:36:55 Split github.com/jinzhu/gorm.logModeValue into github.com/jinzhu/gorm and logModeValue:
2025/02/14 16:36:55 Found definition for github.com/jinzhu/gorm|logModeValue|struct, cache results {definition:type logModeValue int

const (
	defaultLogMode logModeValue = iota
	noLogMode
	detailedLogMode
) dependentFilePath:C:\Users\aksha\go\pkg\mod\github.com\jinzhu\gorm@v1.9.12\main.go importString:package github.com/jinzhu/gorm
}
2025/02/14 16:36:55 Split github.com/jinzhu/gorm.search into github.com/jinzhu/gorm and search:
2025/02/14 16:36:55 Found definition for github.com/jinzhu/gorm|search|struct, cache results {definition:type search struct {
	db               *DB
	whereConditions  []map[string]interface{}
	orConditions     []map[string]interface{}
	notConditions    []map[string]interface{}
	havingConditions []map[string]interface{}
	joinConditions   []map[string]interface{}
	initAttrs        []interface{}
	assignAttrs      []interface{}
	selects          map[string]interface{}
	omits            []string
	orders           []interface{}
	preload          []searchPreload
	offset           interface{}
	limit            interface{}
	group            string
	tableName        string
	raw              bool
	Unscoped         bool
	ignoreOrderQuery bool
} dependentFilePath:C:\Users\aksha\go\pkg\mod\github.com\jinzhu\gorm@v1.9.12\search.go importString:package github.com/jinzhu/gorm
}
2025/02/14 16:36:55 Split github.com/jinzhu/gorm.Callback into github.com/jinzhu/gorm and Callback:
2025/02/14 16:36:55 Found definition for github.com/jinzhu/gorm|Callback|struct, cache results {definition:type Callback struct {
	logger     logger
	creates    []*func(scope *Scope)
	updates    []*func(scope *Scope)
	deletes    []*func(scope *Scope)
	queries    []*func(scope *Scope)
	rowQueries []*func(scope *Scope)
	processors []*CallbackProcessor
} dependentFilePath:C:\Users\aksha\go\pkg\mod\github.com\jinzhu\gorm@v1.9.12\callback.go importString:package github.com/jinzhu/gorm
}
2025/02/14 16:36:55 Split github.com/raahii/golang-grpc-realworld-example/model.User into github.com/raahii/golang-grpc-realworld-example/model and User:
2025/02/14 16:36:55 Found definition for github.com/raahii/golang-grpc-realworld-example/model|User|struct, cache results {definition:type User struct {
	gorm.Model
	Username         string    `gorm:"unique_index;not null"`
	Email            string    `gorm:"unique_index;not null"`
	Password         string    `gorm:"not null"`
	Bio              string    `gorm:"not null"`
	Image            string    `gorm:"not null"`
	Follows          []User    `gorm:"many2many:follows;jointable_foreignkey:from_user_id;association_jointable_foreignkey:to_user_id"`
	FavoriteArticles []Article `gorm:"many2many:favorite_articles;"`
} dependentFilePath:C:\var\tmp\Roost\RoostGPT\golang-1\ece53592-7de3-4391-a2fb-0d6935272614\source\golang-grpc-realworld-example\model\user.go importString:package github.com/raahii/golang-grpc-realworld-example/model
import (
	validation "github.com/go-ozzo/ozzo-validation"
	"github.com/go-ozzo/ozzo-validation/is"
	"github.com/jinzhu/gorm"
	pb "github.com/raahii/golang-grpc-realworld-example/proto"
	"golang.org/x/crypto/bcrypt"
)
}
2025/02/14 16:36:55 Split github.com/raahii/golang-grpc-realworld-example/model.Article into github.com/raahii/golang-grpc-realworld-example/model and Article:
2025/02/14 16:36:55 Found definition for github.com/raahii/golang-grpc-realworld-example/model|Article|struct, cache results {definition:type Article struct {
	gorm.Model
	Title          string `gorm:"not null"`
	Description    string `gorm:"not null"`
	Body           string `gorm:"not null"`
	Tags           []Tag  `gorm:"many2many:article_tags"`
	Author         User   `gorm:"foreignkey:UserID"`
	UserID         uint   `gorm:"not null"`
	FavoritesCount int32  `gorm:"not null;default=0"`
	FavoritedUsers []User `gorm:"many2many:favorite_articles"`
	Comments       []Comment
} dependentFilePath:C:\var\tmp\Roost\RoostGPT\golang-1\ece53592-7de3-4391-a2fb-0d6935272614\source\golang-grpc-realworld-example\model\article.go importString:package github.com/raahii/golang-grpc-realworld-example/model
import (
	validation "github.com/go-ozzo/ozzo-validation"
	"github.com/jinzhu/gorm"
	pb "github.com/raahii/golang-grpc-realworld-example/proto"
)
}
2025/02/14 16:36:55 Split github.com/raahii/golang-grpc-realworld-example/store.UserStore into github.com/raahii/golang-grpc-realworld-example/store and UserStore:
2025/02/14 16:36:55 Found definition for github.com/raahii/golang-grpc-realworld-example/store|UserStore|struct, cache results {definition:type UserStore struct {
	db *gorm.DB
} dependentFilePath:C:\var\tmp\Roost\RoostGPT\golang-1\ece53592-7de3-4391-a2fb-0d6935272614\source\golang-grpc-realworld-example\store\user.go importString:package github.com/raahii/golang-grpc-realworld-example/store
import (
	"github.com/jinzhu/gorm"
	"github.com/raahii/golang-grpc-realworld-example/model"
)
}
2025/02/14 16:36:55 Split github.com/jinzhu/gorm.DB into github.com/jinzhu/gorm and DB:
2025/02/14 16:36:55 Found definition for github.com/jinzhu/gorm|DB|struct, cache results {definition:type DB struct {
	sync.RWMutex
	Value        interface{}
	Error        error
	RowsAffected int64

	// single db
	db                SQLCommon
	blockGlobalUpdate bool
	logMode           logModeValue
	logger            logger
	search            *search
	values            sync.Map

	// global db
	parent        *DB
	callbacks     *Callback
	dialect       Dialect
	singularTable bool

	// function to be used to override the creating of a new timestamp
	nowFuncOverride func() time.Time
} dependentFilePath:C:\Users\aksha\go\pkg\mod\github.com\jinzhu\gorm@v1.9.12\main.go importString:package github.com/jinzhu/gorm
}
2025/02/14 16:36:55 Split github.com/jinzhu/gorm.Model into github.com/jinzhu/gorm and Model:
2025/02/14 16:36:55 Found definition for github.com/jinzhu/gorm|Model|struct, cache results {definition:type Model struct {
	ID        uint `gorm:"primary_key"`
	CreatedAt time.Time
	UpdatedAt time.Time
	DeletedAt *time.Time `sql:"index"`
} dependentFilePath:C:\Users\aksha\go\pkg\mod\github.com\jinzhu\gorm@v1.9.12\model.go importString:package github.com/jinzhu/gorm
}
2025/02/14 16:36:55 Split github.com/raahii/golang-grpc-realworld-example/model.Tag into github.com/raahii/golang-grpc-realworld-example/model and Tag:
2025/02/14 16:36:55 Found definition for github.com/raahii/golang-grpc-realworld-example/model|Tag|struct, cache results {definition:type Tag struct {
	gorm.Model
	Name string `gorm:"not null"`
} dependentFilePath:C:\var\tmp\Roost\RoostGPT\golang-1\ece53592-7de3-4391-a2fb-0d6935272614\source\golang-grpc-realworld-example\model\article.go importString:package github.com/raahii/golang-grpc-realworld-example/model
import (
	validation "github.com/go-ozzo/ozzo-validation"
	"github.com/jinzhu/gorm"
	pb "github.com/raahii/golang-grpc-realworld-example/proto"
)
}
2025/02/14 16:36:55 Split github.com/raahii/golang-grpc-realworld-example/model.Comment into github.com/raahii/golang-grpc-realworld-example/model and Comment:
2025/02/14 16:36:55 Found definition for github.com/raahii/golang-grpc-realworld-example/model|Comment|struct, cache results {definition:type Comment struct {
	gorm.Model
	Body      string `gorm:"not null"`
	UserID    uint   `gorm:"not null"`
	Author    User   `gorm:"foreignkey:UserID"`
	ArticleID uint   `gorm:"not null"`
	Article   Article
} dependentFilePath:C:\var\tmp\Roost\RoostGPT\golang-1\ece53592-7de3-4391-a2fb-0d6935272614\source\golang-grpc-realworld-example\model\comment.go importString:package github.com/raahii/golang-grpc-realworld-example/model
import (
	validation "github.com/go-ozzo/ozzo-validation"
	"github.com/jinzhu/gorm"
	pb "github.com/raahii/golang-grpc-realworld-example/proto"
)
}
2025/02/14 16:36:55 Split github.com/jinzhu/gorm.logger into github.com/jinzhu/gorm and logger:
2025/02/14 16:36:55 Found definition for github.com/jinzhu/gorm|logger|struct, cache results {definition:type logger interface {
	Print(v ...interface{})
} dependentFilePath:C:\Users\aksha\go\pkg\mod\github.com\jinzhu\gorm@v1.9.12\logger.go importString:package github.com/jinzhu/gorm
}
2025/02/14 16:36:55 Split github.com/jinzhu/gorm.Dialect into github.com/jinzhu/gorm and Dialect:
2025/02/14 16:36:55 Found definition for github.com/jinzhu/gorm|Dialect|struct, cache results {definition:type Dialect interface {
	// GetName get dialect's name
	GetName() string

	// SetDB set db for dialect
	SetDB(db SQLCommon)

	// BindVar return the placeholder for actual values in SQL statements, in many dbs it is "?", Postgres using $1
	BindVar(i int) string
	// Quote quotes field name to avoid SQL parsing exceptions by using a reserved word as a field name
	Quote(key string) string
	// DataTypeOf return data's sql type
	DataTypeOf(field *StructField) string

	// HasIndex check has index or not
	HasIndex(tableName string, indexName string) bool
	// HasForeignKey check has foreign key or not
	HasForeignKey(tableName string, foreignKeyName string) bool
	// RemoveIndex remove index
	RemoveIndex(tableName string, indexName string) error
	// HasTable check has table or not
	HasTable(tableName string) bool
	// HasColumn check has column or not
	HasColumn(tableName string, columnName string) bool
	// ModifyColumn modify column's type
	ModifyColumn(tableName string, columnName string, typ string) error

	// LimitAndOffsetSQL return generated SQL with Limit and Offset, as mssql has special case
	LimitAndOffsetSQL(limit, offset interface{}) (string, error)
	// SelectFromDummyTable return select values, for most dbs, `SELECT values` just works, mysql needs `SELECT value FROM DUAL`
	SelectFromDummyTable() string
	// LastInsertIDOutputInterstitial most dbs support LastInsertId, but mssql needs to use `OUTPUT`
	LastInsertIDOutputInterstitial(tableName, columnName string, columns []string) string
	// LastInsertIdReturningSuffix most dbs support LastInsertId, but postgres needs to use `RETURNING`
	LastInsertIDReturningSuffix(tableName, columnName string) string
	// DefaultValueStr
	DefaultValueStr() string

	// BuildKeyName returns a valid key name (foreign key, index key) for the given table, field and reference
	BuildKeyName(kind, tableName string, fields ...string) string

	// NormalizeIndexAndColumn returns valid index name and column name depending on each dialect
	NormalizeIndexAndColumn(indexName, columnName string) (string, string)

	// CurrentDatabase return current database name
	CurrentDatabase() string
} dependentFilePath:C:\Users\aksha\go\pkg\mod\github.com\jinzhu\gorm@v1.9.12\dialect.go importString:package github.com/jinzhu/gorm
}
2025/02/14 16:36:55 Analyzing function: GetByUsername in file: C:\var\tmp\Roost\RoostGPT\golang-1\ece53592-7de3-4391-a2fb-0d6935272614\source\golang-grpc-realworld-example\store\user.go
2025/02/14 16:36:55 Expr: &{Star:14975716 X:UserStore}: type of expression is &types.Pointer{base:(*types.Named)(0xc014479500)}; Resolved type: *github.com/raahii/golang-grpc-realworld-example/store.UserStore; Out: [github.com/raahii/golang-grpc-realworld-example/store.UserStore]
2025/02/14 16:36:55 Recording and checking type: github.com/raahii/golang-grpc-realworld-example/store.UserStore
2025/02/14 16:36:55 Processing struct: github.com/raahii/golang-grpc-realworld-example/store.UserStore with 1 fields
2025/02/14 16:36:55 Recording and checking type: github.com/jinzhu/gorm.DB
2025/02/14 16:36:55 Processing struct: github.com/jinzhu/gorm.DB with 15 fields
2025/02/14 16:36:55 Recording and checking type: github.com/jinzhu/gorm.SQLCommon
2025/02/14 16:36:55 Underlying type is not a struct for: github.com/jinzhu/gorm.SQLCommon
2025/02/14 16:36:55 Recording and checking type: github.com/jinzhu/gorm.logModeValue
2025/02/14 16:36:55 Underlying type is not a struct for: github.com/jinzhu/gorm.logModeValue
2025/02/14 16:36:55 Recording and checking type: github.com/jinzhu/gorm.logger
2025/02/14 16:36:55 Underlying type is not a struct for: github.com/jinzhu/gorm.logger
2025/02/14 16:36:55 Recording and checking type: github.com/jinzhu/gorm.search
2025/02/14 16:36:55 Processing struct: github.com/jinzhu/gorm.search with 19 fields
2025/02/14 16:36:55 Recording and checking type: github.com/jinzhu/gorm.Callback
2025/02/14 16:36:55 Processing struct: github.com/jinzhu/gorm.Callback with 7 fields
2025/02/14 16:36:55 Recording and checking type: github.com/jinzhu/gorm.Dialect
2025/02/14 16:36:55 Underlying type is not a struct for: github.com/jinzhu/gorm.Dialect
2025/02/14 16:36:55 Expr: &{Star:14975760 X:0xc01f022348}: type of expression is &types.Pointer{base:(*types.Named)(0xc017970e00)}; Resolved type: *github.com/raahii/golang-grpc-realworld-example/model.User; Out: [github.com/raahii/golang-grpc-realworld-example/model.User]
2025/02/14 16:36:55 Collected field type: github.com/raahii/golang-grpc-realworld-example/model.User
2025/02/14 16:36:55 Expr: error: type of expression is &types.Named{check:(*types.Checker)(nil), obj:(*types.TypeName)(0xc00006ca00), fromRHS:(*types.Interface)(0xc00006ca50), inst:(*types.instance)(nil), mu:sync.Mutex{state:0, sema:0x0}, state_:0x2, underlying:(*types.Interface)(0xc00006ca50), tparams:(*types.TypeParamList)(nil), methods:[]*types.Func(nil), loader:(func(*types.Named) ([]*types.TypeParam, types.Type, []*types.Func))(nil)}; Resolved type: error; Out: []
2025/02/14 16:36:55 Recording and checking type: github.com/raahii/golang-grpc-realworld-example/model.User
2025/02/14 16:36:55 Processing struct: github.com/raahii/golang-grpc-realworld-example/model.User with 8 fields
2025/02/14 16:36:55 Recording and checking type: github.com/jinzhu/gorm.Model
2025/02/14 16:36:55 Processing struct: github.com/jinzhu/gorm.Model with 4 fields
2025/02/14 16:36:55 Recording and checking type: github.com/raahii/golang-grpc-realworld-example/model.Article
2025/02/14 16:36:55 Processing struct: github.com/raahii/golang-grpc-realworld-example/model.Article with 10 fields
2025/02/14 16:36:55 Recording and checking type: github.com/raahii/golang-grpc-realworld-example/model.Tag
2025/02/14 16:36:55 Processing struct: github.com/raahii/golang-grpc-realworld-example/model.Tag with 2 fields
2025/02/14 16:36:55 Recording and checking type: github.com/raahii/golang-grpc-realworld-example/model.Comment
2025/02/14 16:36:55 Processing struct: github.com/raahii/golang-grpc-realworld-example/model.Comment with 6 fields
2025/02/14 16:36:55 Expr: m: type of expression is &types.Named{check:(*types.Checker)(nil), obj:(*types.TypeName)(0xc01e4ffcc0), fromRHS:(*types.Struct)(0xc01e6a4150), inst:(*types.instance)(nil), mu:sync.Mutex{state:0, sema:0x0}, state_:0x2, underlying:(*types.Struct)(0xc01e6a4150), tparams:(*types.TypeParamList)(nil), methods:[]*types.Func{(*types.Func)(0xc01e487ec0), (*types.Func)(0xc01e696000), (*types.Func)(0xc01e6960c0), (*types.Func)(0xc01e696180), (*types.Func)(0xc01e696240)}, loader:(func(*types.Named) ([]*types.TypeParam, types.Type, []*types.Func))(nil)}; Resolved type: github.com/raahii/golang-grpc-realworld-example/model.User; Out: [github.com/raahii/golang-grpc-realworld-example/model.User]
2025/02/14 16:36:55 Already collected type: github.com/raahii/golang-grpc-realworld-example/model.User. Current structs: [github.com/raahii/golang-grpc-realworld-example/store.UserStore github.com/jinzhu/gorm.DB github.com/jinzhu/gorm.SQLCommon github.com/jinzhu/gorm.logModeValue github.com/jinzhu/gorm.logger github.com/jinzhu/gorm.search github.com/jinzhu/gorm.Callback github.com/jinzhu/gorm.Dialect github.com/raahii/golang-grpc-realworld-example/model.User github.com/jinzhu/gorm.Model github.com/raahii/golang-grpc-realworld-example/model.Article github.com/raahii/golang-grpc-realworld-example/model.Tag github.com/raahii/golang-grpc-realworld-example/model.Comment]
2025/02/14 16:36:55 Expr: User: type of expression is &types.Named{check:(*types.Checker)(nil), obj:(*types.TypeName)(0xc01e4ffcc0), fromRHS:(*types.Struct)(0xc01e6a4150), inst:(*types.instance)(nil), mu:sync.Mutex{state:0, sema:0x0}, state_:0x2, underlying:(*types.Struct)(0xc01e6a4150), tparams:(*types.TypeParamList)(nil), methods:[]*types.Func{(*types.Func)(0xc01e487ec0), (*types.Func)(0xc01e696000), (*types.Func)(0xc01e6960c0), (*types.Func)(0xc01e696180), (*types.Func)(0xc01e696240)}, loader:(func(*types.Named) ([]*types.TypeParam, types.Type, []*types.Func))(nil)}; Resolved type: github.com/raahii/golang-grpc-realworld-example/model.User; Out: [github.com/raahii/golang-grpc-realworld-example/model.User]
2025/02/14 16:36:55 Already collected type: github.com/raahii/golang-grpc-realworld-example/model.User. Current structs: [github.com/raahii/golang-grpc-realworld-example/store.UserStore github.com/jinzhu/gorm.DB github.com/jinzhu/gorm.SQLCommon github.com/jinzhu/gorm.logModeValue github.com/jinzhu/gorm.logger github.com/jinzhu/gorm.search github.com/jinzhu/gorm.Callback github.com/jinzhu/gorm.Dialect github.com/raahii/golang-grpc-realworld-example/model.User github.com/jinzhu/gorm.Model github.com/raahii/golang-grpc-realworld-example/model.Article github.com/raahii/golang-grpc-realworld-example/model.Tag github.com/raahii/golang-grpc-realworld-example/model.Comment]
2025/02/14 16:36:55 Expr: &{X:0xc01f013000 Sel:Error}: type of expression is &types.Named{check:(*types.Checker)(nil), obj:(*types.TypeName)(0xc00006ca00), fromRHS:(*types.Interface)(0xc00006ca50), inst:(*types.instance)(nil), mu:sync.Mutex{state:0, sema:0x0}, state_:0x2, underlying:(*types.Interface)(0xc00006ca50), tparams:(*types.TypeParamList)(nil), methods:[]*types.Func(nil), loader:(func(*types.Named) ([]*types.TypeParam, types.Type, []*types.Func))(nil)}; Resolved type: error; Out: []
2025/02/14 16:36:55 Expr: err: type of expression is &types.Named{check:(*types.Checker)(nil), obj:(*types.TypeName)(0xc00006ca00), fromRHS:(*types.Interface)(0xc00006ca50), inst:(*types.instance)(nil), mu:sync.Mutex{state:0, sema:0x0}, state_:0x2, underlying:(*types.Interface)(0xc00006ca50), tparams:(*types.TypeParamList)(nil), methods:[]*types.Func(nil), loader:(func(*types.Named) ([]*types.TypeParam, types.Type, []*types.Func))(nil)}; Resolved type: error; Out: []
2025/02/14 16:36:55 Expr: s: type of expression is &types.Pointer{base:(*types.Named)(0xc014479500)}; Resolved type: *github.com/raahii/golang-grpc-realworld-example/store.UserStore; Out: [github.com/raahii/golang-grpc-realworld-example/store.UserStore]
2025/02/14 16:36:55 Already collected type: github.com/raahii/golang-grpc-realworld-example/store.UserStore. Current structs: [github.com/raahii/golang-grpc-realworld-example/store.UserStore github.com/jinzhu/gorm.DB github.com/jinzhu/gorm.SQLCommon github.com/jinzhu/gorm.logModeValue github.com/jinzhu/gorm.logger github.com/jinzhu/gorm.search github.com/jinzhu/gorm.Callback github.com/jinzhu/gorm.Dialect github.com/raahii/golang-grpc-realworld-example/model.User github.com/jinzhu/gorm.Model github.com/raahii/golang-grpc-realworld-example/model.Article github.com/raahii/golang-grpc-realworld-example/model.Tag github.com/raahii/golang-grpc-realworld-example/model.Comment]
2025/02/14 16:36:55 Expr: db: type of expression is &types.Pointer{base:(*types.Named)(0xc0134725b0)}; Resolved type: *github.com/jinzhu/gorm.DB; Out: [github.com/jinzhu/gorm.DB]
2025/02/14 16:36:55 Already collected type: github.com/jinzhu/gorm.DB. Current structs: [github.com/raahii/golang-grpc-realworld-example/store.UserStore github.com/jinzhu/gorm.DB github.com/jinzhu/gorm.SQLCommon github.com/jinzhu/gorm.logModeValue github.com/jinzhu/gorm.logger github.com/jinzhu/gorm.search github.com/jinzhu/gorm.Callback github.com/jinzhu/gorm.Dialect github.com/raahii/golang-grpc-realworld-example/model.User github.com/jinzhu/gorm.Model github.com/raahii/golang-grpc-realworld-example/model.Article github.com/raahii/golang-grpc-realworld-example/model.Tag github.com/raahii/golang-grpc-realworld-example/model.Comment]
2025/02/14 16:36:55 Expr: Where: type of expression is &types.Signature{rparams:(*types.TypeParamList)(nil), tparams:(*types.TypeParamList)(nil), scope:(*types.Scope)(0xc014e83200), recv:(*types.Var)(0xc014e832c0), params:(*types.Tuple)(0xc014b836b0), results:(*types.Tuple)(0xc014b836c8), variadic:true}; Resolved type: func(query interface{}, args ...interface{}) *github.com/jinzhu/gorm.DB; Out: []
2025/02/14 16:36:55 Expr: First: type of expression is &types.Signature{rparams:(*types.TypeParamList)(nil), tparams:(*types.TypeParamList)(nil), scope:(*types.Scope)(0xc014e8d260), recv:(*types.Var)(0xc014e8d320), params:(*types.Tuple)(0xc014b83998), results:(*types.Tuple)(0xc014b839b0), variadic:true}; Resolved type: func(out interface{}, where ...interface{}) *github.com/jinzhu/gorm.DB; Out: []
2025/02/14 16:36:55 Expr: m: type of expression is &types.Named{check:(*types.Checker)(nil), obj:(*types.TypeName)(0xc01e4ffcc0), fromRHS:(*types.Struct)(0xc01e6a4150), inst:(*types.instance)(nil), mu:sync.Mutex{state:0, sema:0x0}, state_:0x2, underlying:(*types.Struct)(0xc01e6a4150), tparams:(*types.TypeParamList)(nil), methods:[]*types.Func{(*types.Func)(0xc01e487ec0), (*types.Func)(0xc01e696000), (*types.Func)(0xc01e6960c0), (*types.Func)(0xc01e696180), (*types.Func)(0xc01e696240)}, loader:(func(*types.Named) ([]*types.TypeParam, types.Type, []*types.Func))(nil)}; Resolved type: github.com/raahii/golang-grpc-realworld-example/model.User; Out: [github.com/raahii/golang-grpc-realworld-example/model.User]
2025/02/14 16:36:55 Already collected type: github.com/raahii/golang-grpc-realworld-example/model.User. Current structs: [github.com/raahii/golang-grpc-realworld-example/store.UserStore github.com/jinzhu/gorm.DB github.com/jinzhu/gorm.SQLCommon github.com/jinzhu/gorm.logModeValue github.com/jinzhu/gorm.logger github.com/jinzhu/gorm.search github.com/jinzhu/gorm.Callback github.com/jinzhu/gorm.Dialect github.com/raahii/golang-grpc-realworld-example/model.User github.com/jinzhu/gorm.Model github.com/raahii/golang-grpc-realworld-example/model.Article github.com/raahii/golang-grpc-realworld-example/model.Tag github.com/raahii/golang-grpc-realworld-example/model.Comment]
2025/02/14 16:36:55 Expr: Error: type of expression is &types.Named{check:(*types.Checker)(nil), obj:(*types.TypeName)(0xc00006ca00), fromRHS:(*types.Interface)(0xc00006ca50), inst:(*types.instance)(nil), mu:sync.Mutex{state:0, sema:0x0}, state_:0x2, underlying:(*types.Interface)(0xc00006ca50), tparams:(*types.TypeParamList)(nil), methods:[]*types.Func(nil), loader:(func(*types.Named) ([]*types.TypeParam, types.Type, []*types.Func))(nil)}; Resolved type: error; Out: []
2025/02/14 16:36:55 Expr: err: type of expression is &types.Named{check:(*types.Checker)(nil), obj:(*types.TypeName)(0xc00006ca00), fromRHS:(*types.Interface)(0xc00006ca50), inst:(*types.instance)(nil), mu:sync.Mutex{state:0, sema:0x0}, state_:0x2, underlying:(*types.Interface)(0xc00006ca50), tparams:(*types.TypeParamList)(nil), methods:[]*types.Func(nil), loader:(func(*types.Named) ([]*types.TypeParam, types.Type, []*types.Func))(nil)}; Resolved type: error; Out: []
2025/02/14 16:36:55 Expr: err: type of expression is &types.Named{check:(*types.Checker)(nil), obj:(*types.TypeName)(0xc00006ca00), fromRHS:(*types.Interface)(0xc00006ca50), inst:(*types.instance)(nil), mu:sync.Mutex{state:0, sema:0x0}, state_:0x2, underlying:(*types.Interface)(0xc00006ca50), tparams:(*types.TypeParamList)(nil), methods:[]*types.Func(nil), loader:(func(*types.Named) ([]*types.TypeParam, types.Type, []*types.Func))(nil)}; Resolved type: error; Out: []
2025/02/14 16:36:55 Expr: m: type of expression is &types.Named{check:(*types.Checker)(nil), obj:(*types.TypeName)(0xc01e4ffcc0), fromRHS:(*types.Struct)(0xc01e6a4150), inst:(*types.instance)(nil), mu:sync.Mutex{state:0, sema:0x0}, state_:0x2, underlying:(*types.Struct)(0xc01e6a4150), tparams:(*types.TypeParamList)(nil), methods:[]*types.Func{(*types.Func)(0xc01e487ec0), (*types.Func)(0xc01e696000), (*types.Func)(0xc01e6960c0), (*types.Func)(0xc01e696180), (*types.Func)(0xc01e696240)}, loader:(func(*types.Named) ([]*types.TypeParam, types.Type, []*types.Func))(nil)}; Resolved type: github.com/raahii/golang-grpc-realworld-example/model.User; Out: [github.com/raahii/golang-grpc-realworld-example/model.User]
2025/02/14 16:36:55 Already collected type: github.com/raahii/golang-grpc-realworld-example/model.User. Current structs: [github.com/raahii/golang-grpc-realworld-example/store.UserStore github.com/jinzhu/gorm.DB github.com/jinzhu/gorm.SQLCommon github.com/jinzhu/gorm.logModeValue github.com/jinzhu/gorm.logger github.com/jinzhu/gorm.search github.com/jinzhu/gorm.Callback github.com/jinzhu/gorm.Dialect github.com/raahii/golang-grpc-realworld-example/model.User github.com/jinzhu/gorm.Model github.com/raahii/golang-grpc-realworld-example/model.Article github.com/raahii/golang-grpc-realworld-example/model.Tag github.com/raahii/golang-grpc-realworld-example/model.Comment]
2025/02/14 16:36:55 Receiver type: *github.com/jinzhu/gorm.DB
2025/02/14 16:36:55 Found selector function call: github.com/jinzhu/gorm.DB.First, current functions list: []
2025/02/14 16:36:55 Split github.com/jinzhu/gorm.DB.First into github.com/jinzhu/gorm and DB.First:
2025/02/14 16:36:55 Receiver type: *github.com/jinzhu/gorm.DB
2025/02/14 16:36:55 Found selector function call: github.com/jinzhu/gorm.DB.Where, current functions list: [github.com/jinzhu/gorm.DB.First]
2025/02/14 16:36:55 Split github.com/jinzhu/gorm.DB.Where into github.com/jinzhu/gorm and DB.Where:
2025/02/14 16:36:55 Split github.com/jinzhu/gorm.DB.First into github.com/jinzhu/gorm and DB.First:
2025/02/14 16:36:55 Found definition for github.com/jinzhu/gorm|DB.First|func, cache results {definition:func (s *DB) First(out interface{}, where ...interface{}) *DB {
	newScope := s.NewScope(out)
	newScope.Search.Limit(1)

	return newScope.Set("gorm:order_by_primary_key", "ASC").
		inlineCondition(where...).callCallbacks(s.parent.callbacks.queries).db
} dependentFilePath:C:\Users\aksha\go\pkg\mod\github.com\jinzhu\gorm@v1.9.12\main.go importString:package github.com/jinzhu/gorm
}
2025/02/14 16:36:55 Split github.com/jinzhu/gorm.DB.Where into github.com/jinzhu/gorm and DB.Where:
2025/02/14 16:36:55 Found definition for github.com/jinzhu/gorm|DB.Where|func, cache results {definition:func (s *DB) Where(query interface{}, args ...interface{}) *DB {
	return s.clone().search.Where(query, args...).db
} dependentFilePath:C:\Users\aksha\go\pkg\mod\github.com\jinzhu\gorm@v1.9.12\main.go importString:package github.com/jinzhu/gorm
}
2025/02/14 16:36:55 Split github.com/raahii/golang-grpc-realworld-example/store.UserStore into github.com/raahii/golang-grpc-realworld-example/store and UserStore:
2025/02/14 16:36:55 Found definition for github.com/raahii/golang-grpc-realworld-example/store|UserStore|struct, cache results {definition:type UserStore struct {
	db *gorm.DB
} dependentFilePath:C:\var\tmp\Roost\RoostGPT\golang-1\ece53592-7de3-4391-a2fb-0d6935272614\source\golang-grpc-realworld-example\store\user.go importString:package github.com/raahii/golang-grpc-realworld-example/store
import (
	"github.com/jinzhu/gorm"
	"github.com/raahii/golang-grpc-realworld-example/model"
)
}
2025/02/14 16:36:55 Split github.com/jinzhu/gorm.SQLCommon into github.com/jinzhu/gorm and SQLCommon:
2025/02/14 16:36:55 Found definition for github.com/jinzhu/gorm|SQLCommon|struct, cache results {definition:type SQLCommon interface {
	Exec(query string, args ...interface{}) (sql.Result, error)
	Prepare(query string) (*sql.Stmt, error)
	Query(query string, args ...interface{}) (*sql.Rows, error)
	QueryRow(query string, args ...interface{}) *sql.Row
} dependentFilePath:C:\Users\aksha\go\pkg\mod\github.com\jinzhu\gorm@v1.9.12\interface.go importString:package github.com/jinzhu/gorm
}
2025/02/14 16:36:55 Split github.com/jinzhu/gorm.logger into github.com/jinzhu/gorm and logger:
2025/02/14 16:36:55 Found definition for github.com/jinzhu/gorm|logger|struct, cache results {definition:type logger interface {
	Print(v ...interface{})
} dependentFilePath:C:\Users\aksha\go\pkg\mod\github.com\jinzhu\gorm@v1.9.12\logger.go importString:package github.com/jinzhu/gorm
}
2025/02/14 16:36:55 Split github.com/jinzhu/gorm.search into github.com/jinzhu/gorm and search:
2025/02/14 16:36:55 Found definition for github.com/jinzhu/gorm|search|struct, cache results {definition:type search struct {
	db               *DB
	whereConditions  []map[string]interface{}
	orConditions     []map[string]interface{}
	notConditions    []map[string]interface{}
	havingConditions []map[string]interface{}
	joinConditions   []map[string]interface{}
	initAttrs        []interface{}
	assignAttrs      []interface{}
	selects          map[string]interface{}
	omits            []string
	orders           []interface{}
	preload          []searchPreload
	offset           interface{}
	limit            interface{}
	group            string
	tableName        string
	raw              bool
	Unscoped         bool
	ignoreOrderQuery bool
} dependentFilePath:C:\Users\aksha\go\pkg\mod\github.com\jinzhu\gorm@v1.9.12\search.go importString:package github.com/jinzhu/gorm
}
2025/02/14 16:36:55 Split github.com/jinzhu/gorm.Callback into github.com/jinzhu/gorm and Callback:
2025/02/14 16:36:55 Found definition for github.com/jinzhu/gorm|Callback|struct, cache results {definition:type Callback struct {
	logger     logger
	creates    []*func(scope *Scope)
	updates    []*func(scope *Scope)
	deletes    []*func(scope *Scope)
	queries    []*func(scope *Scope)
	rowQueries []*func(scope *Scope)
	processors []*CallbackProcessor
} dependentFilePath:C:\Users\aksha\go\pkg\mod\github.com\jinzhu\gorm@v1.9.12\callback.go importString:package github.com/jinzhu/gorm
}
2025/02/14 16:36:55 Split github.com/raahii/golang-grpc-realworld-example/model.User into github.com/raahii/golang-grpc-realworld-example/model and User:
2025/02/14 16:36:55 Found definition for github.com/raahii/golang-grpc-realworld-example/model|User|struct, cache results {definition:type User struct {
	gorm.Model
	Username         string    `gorm:"unique_index;not null"`
	Email            string    `gorm:"unique_index;not null"`
	Password         string    `gorm:"not null"`
	Bio              string    `gorm:"not null"`
	Image            string    `gorm:"not null"`
	Follows          []User    `gorm:"many2many:follows;jointable_foreignkey:from_user_id;association_jointable_foreignkey:to_user_id"`
	FavoriteArticles []Article `gorm:"many2many:favorite_articles;"`
} dependentFilePath:C:\var\tmp\Roost\RoostGPT\golang-1\ece53592-7de3-4391-a2fb-0d6935272614\source\golang-grpc-realworld-example\model\user.go importString:package github.com/raahii/golang-grpc-realworld-example/model
import (
	validation "github.com/go-ozzo/ozzo-validation"
	"github.com/go-ozzo/ozzo-validation/is"
	"github.com/jinzhu/gorm"
	pb "github.com/raahii/golang-grpc-realworld-example/proto"
	"golang.org/x/crypto/bcrypt"
)
}
2025/02/14 16:36:55 Split github.com/jinzhu/gorm.Model into github.com/jinzhu/gorm and Model:
2025/02/14 16:36:55 Found definition for github.com/jinzhu/gorm|Model|struct, cache results {definition:type Model struct {
	ID        uint `gorm:"primary_key"`
	CreatedAt time.Time
	UpdatedAt time.Time
	DeletedAt *time.Time `sql:"index"`
} dependentFilePath:C:\Users\aksha\go\pkg\mod\github.com\jinzhu\gorm@v1.9.12\model.go importString:package github.com/jinzhu/gorm
}
2025/02/14 16:36:55 Split github.com/jinzhu/gorm.DB into github.com/jinzhu/gorm and DB:
2025/02/14 16:36:55 Found definition for github.com/jinzhu/gorm|DB|struct, cache results {definition:type DB struct {
	sync.RWMutex
	Value        interface{}
	Error        error
	RowsAffected int64

	// single db
	db                SQLCommon
	blockGlobalUpdate bool
	logMode           logModeValue
	logger            logger
	search            *search
	values            sync.Map

	// global db
	parent        *DB
	callbacks     *Callback
	dialect       Dialect
	singularTable bool

	// function to be used to override the creating of a new timestamp
	nowFuncOverride func() time.Time
} dependentFilePath:C:\Users\aksha\go\pkg\mod\github.com\jinzhu\gorm@v1.9.12\main.go importString:package github.com/jinzhu/gorm
}
2025/02/14 16:36:55 Split github.com/jinzhu/gorm.logModeValue into github.com/jinzhu/gorm and logModeValue:
2025/02/14 16:36:55 Found definition for github.com/jinzhu/gorm|logModeValue|struct, cache results {definition:type logModeValue int

const (
	defaultLogMode logModeValue = iota
	noLogMode
	detailedLogMode
) dependentFilePath:C:\Users\aksha\go\pkg\mod\github.com\jinzhu\gorm@v1.9.12\main.go importString:package github.com/jinzhu/gorm
}
2025/02/14 16:36:55 Split github.com/jinzhu/gorm.Dialect into github.com/jinzhu/gorm and Dialect:
2025/02/14 16:36:55 Found definition for github.com/jinzhu/gorm|Dialect|struct, cache results {definition:type Dialect interface {
	// GetName get dialect's name
	GetName() string

	// SetDB set db for dialect
	SetDB(db SQLCommon)

	// BindVar return the placeholder for actual values in SQL statements, in many dbs it is "?", Postgres using $1
	BindVar(i int) string
	// Quote quotes field name to avoid SQL parsing exceptions by using a reserved word as a field name
	Quote(key string) string
	// DataTypeOf return data's sql type
	DataTypeOf(field *StructField) string

	// HasIndex check has index or not
	HasIndex(tableName string, indexName string) bool
	// HasForeignKey check has foreign key or not
	HasForeignKey(tableName string, foreignKeyName string) bool
	// RemoveIndex remove index
	RemoveIndex(tableName string, indexName string) error
	// HasTable check has table or not
	HasTable(tableName string) bool
	// HasColumn check has column or not
	HasColumn(tableName string, columnName string) bool
	// ModifyColumn modify column's type
	ModifyColumn(tableName string, columnName string, typ string) error

	// LimitAndOffsetSQL return generated SQL with Limit and Offset, as mssql has special case
	LimitAndOffsetSQL(limit, offset interface{}) (string, error)
	// SelectFromDummyTable return select values, for most dbs, `SELECT values` just works, mysql needs `SELECT value FROM DUAL`
	SelectFromDummyTable() string
	// LastInsertIDOutputInterstitial most dbs support LastInsertId, but mssql needs to use `OUTPUT`
	LastInsertIDOutputInterstitial(tableName, columnName string, columns []string) string
	// LastInsertIdReturningSuffix most dbs support LastInsertId, but postgres needs to use `RETURNING`
	LastInsertIDReturningSuffix(tableName, columnName string) string
	// DefaultValueStr
	DefaultValueStr() string

	// BuildKeyName returns a valid key name (foreign key, index key) for the given table, field and reference
	BuildKeyName(kind, tableName string, fields ...string) string

	// NormalizeIndexAndColumn returns valid index name and column name depending on each dialect
	NormalizeIndexAndColumn(indexName, columnName string) (string, string)

	// CurrentDatabase return current database name
	CurrentDatabase() string
} dependentFilePath:C:\Users\aksha\go\pkg\mod\github.com\jinzhu\gorm@v1.9.12\dialect.go importString:package github.com/jinzhu/gorm
}
2025/02/14 16:36:55 Split github.com/raahii/golang-grpc-realworld-example/model.Article into github.com/raahii/golang-grpc-realworld-example/model and Article:
2025/02/14 16:36:55 Found definition for github.com/raahii/golang-grpc-realworld-example/model|Article|struct, cache results {definition:type Article struct {
	gorm.Model
	Title          string `gorm:"not null"`
	Description    string `gorm:"not null"`
	Body           string `gorm:"not null"`
	Tags           []Tag  `gorm:"many2many:article_tags"`
	Author         User   `gorm:"foreignkey:UserID"`
	UserID         uint   `gorm:"not null"`
	FavoritesCount int32  `gorm:"not null;default=0"`
	FavoritedUsers []User `gorm:"many2many:favorite_articles"`
	Comments       []Comment
} dependentFilePath:C:\var\tmp\Roost\RoostGPT\golang-1\ece53592-7de3-4391-a2fb-0d6935272614\source\golang-grpc-realworld-example\model\article.go importString:package github.com/raahii/golang-grpc-realworld-example/model
import (
	validation "github.com/go-ozzo/ozzo-validation"
	"github.com/jinzhu/gorm"
	pb "github.com/raahii/golang-grpc-realworld-example/proto"
)
}
2025/02/14 16:36:55 Split github.com/raahii/golang-grpc-realworld-example/model.Tag into github.com/raahii/golang-grpc-realworld-example/model and Tag:
2025/02/14 16:36:55 Found definition for github.com/raahii/golang-grpc-realworld-example/model|Tag|struct, cache results {definition:type Tag struct {
	gorm.Model
	Name string `gorm:"not null"`
} dependentFilePath:C:\var\tmp\Roost\RoostGPT\golang-1\ece53592-7de3-4391-a2fb-0d6935272614\source\golang-grpc-realworld-example\model\article.go importString:package github.com/raahii/golang-grpc-realworld-example/model
import (
	validation "github.com/go-ozzo/ozzo-validation"
	"github.com/jinzhu/gorm"
	pb "github.com/raahii/golang-grpc-realworld-example/proto"
)
}
2025/02/14 16:36:55 Split github.com/raahii/golang-grpc-realworld-example/model.Comment into github.com/raahii/golang-grpc-realworld-example/model and Comment:
2025/02/14 16:36:55 Found definition for github.com/raahii/golang-grpc-realworld-example/model|Comment|struct, cache results {definition:type Comment struct {
	gorm.Model
	Body      string `gorm:"not null"`
	UserID    uint   `gorm:"not null"`
	Author    User   `gorm:"foreignkey:UserID"`
	ArticleID uint   `gorm:"not null"`
	Article   Article
} dependentFilePath:C:\var\tmp\Roost\RoostGPT\golang-1\ece53592-7de3-4391-a2fb-0d6935272614\source\golang-grpc-realworld-example\model\comment.go importString:package github.com/raahii/golang-grpc-realworld-example/model
import (
	validation "github.com/go-ozzo/ozzo-validation"
	"github.com/jinzhu/gorm"
	pb "github.com/raahii/golang-grpc-realworld-example/proto"
)
}
2025/02/14 16:36:55 Analyzing function: Create in file: C:\var\tmp\Roost\RoostGPT\golang-1\ece53592-7de3-4391-a2fb-0d6935272614\source\golang-grpc-realworld-example\store\user.go
2025/02/14 16:36:55 Expr: &{Star:14975950 X:UserStore}: type of expression is &types.Pointer{base:(*types.Named)(0xc014479500)}; Resolved type: *github.com/raahii/golang-grpc-realworld-example/store.UserStore; Out: [github.com/raahii/golang-grpc-realworld-example/store.UserStore]
2025/02/14 16:36:55 Recording and checking type: github.com/raahii/golang-grpc-realworld-example/store.UserStore
2025/02/14 16:36:55 Processing struct: github.com/raahii/golang-grpc-realworld-example/store.UserStore with 1 fields
2025/02/14 16:36:55 Recording and checking type: github.com/jinzhu/gorm.DB
2025/02/14 16:36:55 Processing struct: github.com/jinzhu/gorm.DB with 15 fields
2025/02/14 16:36:55 Recording and checking type: github.com/jinzhu/gorm.SQLCommon
2025/02/14 16:36:55 Underlying type is not a struct for: github.com/jinzhu/gorm.SQLCommon
2025/02/14 16:36:55 Recording and checking type: github.com/jinzhu/gorm.logModeValue
2025/02/14 16:36:55 Underlying type is not a struct for: github.com/jinzhu/gorm.logModeValue
2025/02/14 16:36:55 Recording and checking type: github.com/jinzhu/gorm.logger
2025/02/14 16:36:55 Underlying type is not a struct for: github.com/jinzhu/gorm.logger
2025/02/14 16:36:55 Recording and checking type: github.com/jinzhu/gorm.search
2025/02/14 16:36:55 Processing struct: github.com/jinzhu/gorm.search with 19 fields
2025/02/14 16:36:55 Recording and checking type: github.com/jinzhu/gorm.Callback
2025/02/14 16:36:55 Processing struct: github.com/jinzhu/gorm.Callback with 7 fields
2025/02/14 16:36:55 Recording and checking type: github.com/jinzhu/gorm.Dialect
2025/02/14 16:36:55 Underlying type is not a struct for: github.com/jinzhu/gorm.Dialect
2025/02/14 16:36:55 Expr: &{Star:14975971 X:0xc01f022468}: type of expression is &types.Pointer{base:(*types.Named)(0xc017970e00)}; Resolved type: *github.com/raahii/golang-grpc-realworld-example/model.User; Out: [github.com/raahii/golang-grpc-realworld-example/model.User]
2025/02/14 16:36:55 Collected field type: github.com/raahii/golang-grpc-realworld-example/model.User
2025/02/14 16:36:55 Recording and checking type: github.com/raahii/golang-grpc-realworld-example/model.User
2025/02/14 16:36:55 Processing struct: github.com/raahii/golang-grpc-realworld-example/model.User with 8 fields
2025/02/14 16:36:55 Recording and checking type: github.com/jinzhu/gorm.Model
2025/02/14 16:36:55 Processing struct: github.com/jinzhu/gorm.Model with 4 fields
2025/02/14 16:36:55 Recording and checking type: github.com/raahii/golang-grpc-realworld-example/model.Article
2025/02/14 16:36:55 Processing struct: github.com/raahii/golang-grpc-realworld-example/model.Article with 10 fields
2025/02/14 16:36:55 Recording and checking type: github.com/raahii/golang-grpc-realworld-example/model.Tag
2025/02/14 16:36:55 Processing struct: github.com/raahii/golang-grpc-realworld-example/model.Tag with 2 fields
2025/02/14 16:36:55 Recording and checking type: github.com/raahii/golang-grpc-realworld-example/model.Comment
2025/02/14 16:36:55 Processing struct: github.com/raahii/golang-grpc-realworld-example/model.Comment with 6 fields
2025/02/14 16:36:55 Expr: error: type of expression is &types.Named{check:(*types.Checker)(nil), obj:(*types.TypeName)(0xc00006ca00), fromRHS:(*types.Interface)(0xc00006ca50), inst:(*types.instance)(nil), mu:sync.Mutex{state:0, sema:0x0}, state_:0x2, underlying:(*types.Interface)(0xc00006ca50), tparams:(*types.TypeParamList)(nil), methods:[]*types.Func(nil), loader:(func(*types.Named) ([]*types.TypeParam, types.Type, []*types.Func))(nil)}; Resolved type: error; Out: []
2025/02/14 16:36:55 Expr: s: type of expression is &types.Pointer{base:(*types.Named)(0xc014479500)}; Resolved type: *github.com/raahii/golang-grpc-realworld-example/store.UserStore; Out: [github.com/raahii/golang-grpc-realworld-example/store.UserStore]
2025/02/14 16:36:55 Already collected type: github.com/raahii/golang-grpc-realworld-example/store.UserStore. Current structs: [github.com/raahii/golang-grpc-realworld-example/store.UserStore github.com/jinzhu/gorm.DB github.com/jinzhu/gorm.SQLCommon github.com/jinzhu/gorm.logModeValue github.com/jinzhu/gorm.logger github.com/jinzhu/gorm.search github.com/jinzhu/gorm.Callback github.com/jinzhu/gorm.Dialect github.com/raahii/golang-grpc-realworld-example/model.User github.com/jinzhu/gorm.Model github.com/raahii/golang-grpc-realworld-example/model.Article github.com/raahii/golang-grpc-realworld-example/model.Tag github.com/raahii/golang-grpc-realworld-example/model.Comment]
2025/02/14 16:36:55 Expr: db: type of expression is &types.Pointer{base:(*types.Named)(0xc0134725b0)}; Resolved type: *github.com/jinzhu/gorm.DB; Out: [github.com/jinzhu/gorm.DB]
2025/02/14 16:36:55 Already collected type: github.com/jinzhu/gorm.DB. Current structs: [github.com/raahii/golang-grpc-realworld-example/store.UserStore github.com/jinzhu/gorm.DB github.com/jinzhu/gorm.SQLCommon github.com/jinzhu/gorm.logModeValue github.com/jinzhu/gorm.logger github.com/jinzhu/gorm.search github.com/jinzhu/gorm.Callback github.com/jinzhu/gorm.Dialect github.com/raahii/golang-grpc-realworld-example/model.User github.com/jinzhu/gorm.Model github.com/raahii/golang-grpc-realworld-example/model.Article github.com/raahii/golang-grpc-realworld-example/model.Tag github.com/raahii/golang-grpc-realworld-example/model.Comment]
2025/02/14 16:36:55 Expr: Create: type of expression is &types.Signature{rparams:(*types.TypeParamList)(nil), tparams:(*types.TypeParamList)(nil), scope:(*types.Scope)(0xc014e919e0), recv:(*types.Var)(0xc014e91aa0), params:(*types.Tuple)(0xc014b83cf8), results:(*types.Tuple)(0xc014b83d10), variadic:false}; Resolved type: func(value interface{}) *github.com/jinzhu/gorm.DB; Out: []
2025/02/14 16:36:55 Expr: m: type of expression is &types.Pointer{base:(*types.Named)(0xc017970e00)}; Resolved type: *github.com/raahii/golang-grpc-realworld-example/model.User; Out: [github.com/raahii/golang-grpc-realworld-example/model.User]
2025/02/14 16:36:55 Already collected type: github.com/raahii/golang-grpc-realworld-example/model.User. Current structs: [github.com/raahii/golang-grpc-realworld-example/store.UserStore github.com/jinzhu/gorm.DB github.com/jinzhu/gorm.SQLCommon github.com/jinzhu/gorm.logModeValue github.com/jinzhu/gorm.logger github.com/jinzhu/gorm.search github.com/jinzhu/gorm.Callback github.com/jinzhu/gorm.Dialect github.com/raahii/golang-grpc-realworld-example/model.User github.com/jinzhu/gorm.Model github.com/raahii/golang-grpc-realworld-example/model.Article github.com/raahii/golang-grpc-realworld-example/model.Tag github.com/raahii/golang-grpc-realworld-example/model.Comment]
2025/02/14 16:36:55 Expr: Error: type of expression is &types.Named{check:(*types.Checker)(nil), obj:(*types.TypeName)(0xc00006ca00), fromRHS:(*types.Interface)(0xc00006ca50), inst:(*types.instance)(nil), mu:sync.Mutex{state:0, sema:0x0}, state_:0x2, underlying:(*types.Interface)(0xc00006ca50), tparams:(*types.TypeParamList)(nil), methods:[]*types.Func(nil), loader:(func(*types.Named) ([]*types.TypeParam, types.Type, []*types.Func))(nil)}; Resolved type: error; Out: []
2025/02/14 16:36:55 Receiver type: *github.com/jinzhu/gorm.DB
2025/02/14 16:36:55 Found selector function call: github.com/jinzhu/gorm.DB.Create, current functions list: []
2025/02/14 16:36:55 Split github.com/jinzhu/gorm.DB.Create into github.com/jinzhu/gorm and DB.Create:
2025/02/14 16:36:55 Split github.com/jinzhu/gorm.DB.Create into github.com/jinzhu/gorm and DB.Create:
2025/02/14 16:36:55 Found definition for github.com/jinzhu/gorm|DB.Create|func, cache results {definition:func (s *DB) Create(value interface{}) *DB {
	scope := s.NewScope(value)
	return scope.callCallbacks(s.parent.callbacks.creates).db
} dependentFilePath:C:\Users\aksha\go\pkg\mod\github.com\jinzhu\gorm@v1.9.12\main.go importString:package github.com/jinzhu/gorm
}
2025/02/14 16:36:55 Split github.com/jinzhu/gorm.logger into github.com/jinzhu/gorm and logger:
2025/02/14 16:36:55 Found definition for github.com/jinzhu/gorm|logger|struct, cache results {definition:type logger interface {
	Print(v ...interface{})
} dependentFilePath:C:\Users\aksha\go\pkg\mod\github.com\jinzhu\gorm@v1.9.12\logger.go importString:package github.com/jinzhu/gorm
}
2025/02/14 16:36:55 Split github.com/jinzhu/gorm.search into github.com/jinzhu/gorm and search:
2025/02/14 16:36:55 Found definition for github.com/jinzhu/gorm|search|struct, cache results {definition:type search struct {
	db               *DB
	whereConditions  []map[string]interface{}
	orConditions     []map[string]interface{}
	notConditions    []map[string]interface{}
	havingConditions []map[string]interface{}
	joinConditions   []map[string]interface{}
	initAttrs        []interface{}
	assignAttrs      []interface{}
	selects          map[string]interface{}
	omits            []string
	orders           []interface{}
	preload          []searchPreload
	offset           interface{}
	limit            interface{}
	group            string
	tableName        string
	raw              bool
	Unscoped         bool
	ignoreOrderQuery bool
} dependentFilePath:C:\Users\aksha\go\pkg\mod\github.com\jinzhu\gorm@v1.9.12\search.go importString:package github.com/jinzhu/gorm
}
2025/02/14 16:36:55 Split github.com/jinzhu/gorm.Dialect into github.com/jinzhu/gorm and Dialect:
2025/02/14 16:36:55 Found definition for github.com/jinzhu/gorm|Dialect|struct, cache results {definition:type Dialect interface {
	// GetName get dialect's name
	GetName() string

	// SetDB set db for dialect
	SetDB(db SQLCommon)

	// BindVar return the placeholder for actual values in SQL statements, in many dbs it is "?", Postgres using $1
	BindVar(i int) string
	// Quote quotes field name to avoid SQL parsing exceptions by using a reserved word as a field name
	Quote(key string) string
	// DataTypeOf return data's sql type
	DataTypeOf(field *StructField) string

	// HasIndex check has index or not
	HasIndex(tableName string, indexName string) bool
	// HasForeignKey check has foreign key or not
	HasForeignKey(tableName string, foreignKeyName string) bool
	// RemoveIndex remove index
	RemoveIndex(tableName string, indexName string) error
	// HasTable check has table or not
	HasTable(tableName string) bool
	// HasColumn check has column or not
	HasColumn(tableName string, columnName string) bool
	// ModifyColumn modify column's type
	ModifyColumn(tableName string, columnName string, typ string) error

	// LimitAndOffsetSQL return generated SQL with Limit and Offset, as mssql has special case
	LimitAndOffsetSQL(limit, offset interface{}) (string, error)
	// SelectFromDummyTable return select values, for most dbs, `SELECT values` just works, mysql needs `SELECT value FROM DUAL`
	SelectFromDummyTable() string
	// LastInsertIDOutputInterstitial most dbs support LastInsertId, but mssql needs to use `OUTPUT`
	LastInsertIDOutputInterstitial(tableName, columnName string, columns []string) string
	// LastInsertIdReturningSuffix most dbs support LastInsertId, but postgres needs to use `RETURNING`
	LastInsertIDReturningSuffix(tableName, columnName string) string
	// DefaultValueStr
	DefaultValueStr() string

	// BuildKeyName returns a valid key name (foreign key, index key) for the given table, field and reference
	BuildKeyName(kind, tableName string, fields ...string) string

	// NormalizeIndexAndColumn returns valid index name and column name depending on each dialect
	NormalizeIndexAndColumn(indexName, columnName string) (string, string)

	// CurrentDatabase return current database name
	CurrentDatabase() string
} dependentFilePath:C:\Users\aksha\go\pkg\mod\github.com\jinzhu\gorm@v1.9.12\dialect.go importString:package github.com/jinzhu/gorm
}
2025/02/14 16:36:55 Split github.com/raahii/golang-grpc-realworld-example/model.User into github.com/raahii/golang-grpc-realworld-example/model and User:
2025/02/14 16:36:55 Found definition for github.com/raahii/golang-grpc-realworld-example/model|User|struct, cache results {definition:type User struct {
	gorm.Model
	Username         string    `gorm:"unique_index;not null"`
	Email            string    `gorm:"unique_index;not null"`
	Password         string    `gorm:"not null"`
	Bio              string    `gorm:"not null"`
	Image            string    `gorm:"not null"`
	Follows          []User    `gorm:"many2many:follows;jointable_foreignkey:from_user_id;association_jointable_foreignkey:to_user_id"`
	FavoriteArticles []Article `gorm:"many2many:favorite_articles;"`
} dependentFilePath:C:\var\tmp\Roost\RoostGPT\golang-1\ece53592-7de3-4391-a2fb-0d6935272614\source\golang-grpc-realworld-example\model\user.go importString:package github.com/raahii/golang-grpc-realworld-example/model
import (
	validation "github.com/go-ozzo/ozzo-validation"
	"github.com/go-ozzo/ozzo-validation/is"
	"github.com/jinzhu/gorm"
	pb "github.com/raahii/golang-grpc-realworld-example/proto"
	"golang.org/x/crypto/bcrypt"
)
}
2025/02/14 16:36:55 Split github.com/jinzhu/gorm.Model into github.com/jinzhu/gorm and Model:
2025/02/14 16:36:55 Found definition for github.com/jinzhu/gorm|Model|struct, cache results {definition:type Model struct {
	ID        uint `gorm:"primary_key"`
	CreatedAt time.Time
	UpdatedAt time.Time
	DeletedAt *time.Time `sql:"index"`
} dependentFilePath:C:\Users\aksha\go\pkg\mod\github.com\jinzhu\gorm@v1.9.12\model.go importString:package github.com/jinzhu/gorm
}
2025/02/14 16:36:55 Split github.com/raahii/golang-grpc-realworld-example/model.Tag into github.com/raahii/golang-grpc-realworld-example/model and Tag:
2025/02/14 16:36:55 Found definition for github.com/raahii/golang-grpc-realworld-example/model|Tag|struct, cache results {definition:type Tag struct {
	gorm.Model
	Name string `gorm:"not null"`
} dependentFilePath:C:\var\tmp\Roost\RoostGPT\golang-1\ece53592-7de3-4391-a2fb-0d6935272614\source\golang-grpc-realworld-example\model\article.go importString:package github.com/raahii/golang-grpc-realworld-example/model
import (
	validation "github.com/go-ozzo/ozzo-validation"
	"github.com/jinzhu/gorm"
	pb "github.com/raahii/golang-grpc-realworld-example/proto"
)
}
2025/02/14 16:36:55 Split github.com/raahii/golang-grpc-realworld-example/store.UserStore into github.com/raahii/golang-grpc-realworld-example/store and UserStore:
2025/02/14 16:36:55 Found definition for github.com/raahii/golang-grpc-realworld-example/store|UserStore|struct, cache results {definition:type UserStore struct {
	db *gorm.DB
} dependentFilePath:C:\var\tmp\Roost\RoostGPT\golang-1\ece53592-7de3-4391-a2fb-0d6935272614\source\golang-grpc-realworld-example\store\user.go importString:package github.com/raahii/golang-grpc-realworld-example/store
import (
	"github.com/jinzhu/gorm"
	"github.com/raahii/golang-grpc-realworld-example/model"
)
}
2025/02/14 16:36:55 Split github.com/jinzhu/gorm.SQLCommon into github.com/jinzhu/gorm and SQLCommon:
2025/02/14 16:36:55 Found definition for github.com/jinzhu/gorm|SQLCommon|struct, cache results {definition:type SQLCommon interface {
	Exec(query string, args ...interface{}) (sql.Result, error)
	Prepare(query string) (*sql.Stmt, error)
	Query(query string, args ...interface{}) (*sql.Rows, error)
	QueryRow(query string, args ...interface{}) *sql.Row
} dependentFilePath:C:\Users\aksha\go\pkg\mod\github.com\jinzhu\gorm@v1.9.12\interface.go importString:package github.com/jinzhu/gorm
}
2025/02/14 16:36:55 Split github.com/jinzhu/gorm.Callback into github.com/jinzhu/gorm and Callback:
2025/02/14 16:36:55 Found definition for github.com/jinzhu/gorm|Callback|struct, cache results {definition:type Callback struct {
	logger     logger
	creates    []*func(scope *Scope)
	updates    []*func(scope *Scope)
	deletes    []*func(scope *Scope)
	queries    []*func(scope *Scope)
	rowQueries []*func(scope *Scope)
	processors []*CallbackProcessor
} dependentFilePath:C:\Users\aksha\go\pkg\mod\github.com\jinzhu\gorm@v1.9.12\callback.go importString:package github.com/jinzhu/gorm
}
2025/02/14 16:36:55 Split github.com/raahii/golang-grpc-realworld-example/model.Article into github.com/raahii/golang-grpc-realworld-example/model and Article:
2025/02/14 16:36:55 Found definition for github.com/raahii/golang-grpc-realworld-example/model|Article|struct, cache results {definition:type Article struct {
	gorm.Model
	Title          string `gorm:"not null"`
	Description    string `gorm:"not null"`
	Body           string `gorm:"not null"`
	Tags           []Tag  `gorm:"many2many:article_tags"`
	Author         User   `gorm:"foreignkey:UserID"`
	UserID         uint   `gorm:"not null"`
	FavoritesCount int32  `gorm:"not null;default=0"`
	FavoritedUsers []User `gorm:"many2many:favorite_articles"`
	Comments       []Comment
} dependentFilePath:C:\var\tmp\Roost\RoostGPT\golang-1\ece53592-7de3-4391-a2fb-0d6935272614\source\golang-grpc-realworld-example\model\article.go importString:package github.com/raahii/golang-grpc-realworld-example/model
import (
	validation "github.com/go-ozzo/ozzo-validation"
	"github.com/jinzhu/gorm"
	pb "github.com/raahii/golang-grpc-realworld-example/proto"
)
}
2025/02/14 16:36:55 Split github.com/raahii/golang-grpc-realworld-example/model.Comment into github.com/raahii/golang-grpc-realworld-example/model and Comment:
2025/02/14 16:36:55 Found definition for github.com/raahii/golang-grpc-realworld-example/model|Comment|struct, cache results {definition:type Comment struct {
	gorm.Model
	Body      string `gorm:"not null"`
	UserID    uint   `gorm:"not null"`
	Author    User   `gorm:"foreignkey:UserID"`
	ArticleID uint   `gorm:"not null"`
	Article   Article
} dependentFilePath:C:\var\tmp\Roost\RoostGPT\golang-1\ece53592-7de3-4391-a2fb-0d6935272614\source\golang-grpc-realworld-example\model\comment.go importString:package github.com/raahii/golang-grpc-realworld-example/model
import (
	validation "github.com/go-ozzo/ozzo-validation"
	"github.com/jinzhu/gorm"
	pb "github.com/raahii/golang-grpc-realworld-example/proto"
)
}
2025/02/14 16:36:55 Split github.com/jinzhu/gorm.DB into github.com/jinzhu/gorm and DB:
2025/02/14 16:36:55 Found definition for github.com/jinzhu/gorm|DB|struct, cache results {definition:type DB struct {
	sync.RWMutex
	Value        interface{}
	Error        error
	RowsAffected int64

	// single db
	db                SQLCommon
	blockGlobalUpdate bool
	logMode           logModeValue
	logger            logger
	search            *search
	values            sync.Map

	// global db
	parent        *DB
	callbacks     *Callback
	dialect       Dialect
	singularTable bool

	// function to be used to override the creating of a new timestamp
	nowFuncOverride func() time.Time
} dependentFilePath:C:\Users\aksha\go\pkg\mod\github.com\jinzhu\gorm@v1.9.12\main.go importString:package github.com/jinzhu/gorm
}
2025/02/14 16:36:55 Split github.com/jinzhu/gorm.logModeValue into github.com/jinzhu/gorm and logModeValue:
2025/02/14 16:36:55 Found definition for github.com/jinzhu/gorm|logModeValue|struct, cache results {definition:type logModeValue int

const (
	defaultLogMode logModeValue = iota
	noLogMode
	detailedLogMode
) dependentFilePath:C:\Users\aksha\go\pkg\mod\github.com\jinzhu\gorm@v1.9.12\main.go importString:package github.com/jinzhu/gorm
}
2025/02/14 16:36:55 Analyzing function: Update in file: C:\var\tmp\Roost\RoostGPT\golang-1\ece53592-7de3-4391-a2fb-0d6935272614\source\golang-grpc-realworld-example\store\user.go
2025/02/14 16:36:55 Expr: &{Star:14976068 X:UserStore}: type of expression is &types.Pointer{base:(*types.Named)(0xc014479500)}; Resolved type: *github.com/raahii/golang-grpc-realworld-example/store.UserStore; Out: [github.com/raahii/golang-grpc-realworld-example/store.UserStore]
2025/02/14 16:36:55 Recording and checking type: github.com/raahii/golang-grpc-realworld-example/store.UserStore
2025/02/14 16:36:55 Processing struct: github.com/raahii/golang-grpc-realworld-example/store.UserStore with 1 fields
2025/02/14 16:36:55 Recording and checking type: github.com/jinzhu/gorm.DB
2025/02/14 16:36:55 Processing struct: github.com/jinzhu/gorm.DB with 15 fields
2025/02/14 16:36:55 Recording and checking type: github.com/jinzhu/gorm.SQLCommon
2025/02/14 16:36:55 Underlying type is not a struct for: github.com/jinzhu/gorm.SQLCommon
2025/02/14 16:36:55 Recording and checking type: github.com/jinzhu/gorm.logModeValue
2025/02/14 16:36:55 Underlying type is not a struct for: github.com/jinzhu/gorm.logModeValue
2025/02/14 16:36:55 Recording and checking type: github.com/jinzhu/gorm.logger
2025/02/14 16:36:55 Underlying type is not a struct for: github.com/jinzhu/gorm.logger
2025/02/14 16:36:55 Recording and checking type: github.com/jinzhu/gorm.search
2025/02/14 16:36:55 Processing struct: github.com/jinzhu/gorm.search with 19 fields
2025/02/14 16:36:55 Recording and checking type: github.com/jinzhu/gorm.Callback
2025/02/14 16:36:55 Processing struct: github.com/jinzhu/gorm.Callback with 7 fields
2025/02/14 16:36:55 Recording and checking type: github.com/jinzhu/gorm.Dialect
2025/02/14 16:36:55 Underlying type is not a struct for: github.com/jinzhu/gorm.Dialect
2025/02/14 16:36:55 Expr: &{Star:14976089 X:0xc01f022558}: type of expression is &types.Pointer{base:(*types.Named)(0xc017970e00)}; Resolved type: *github.com/raahii/golang-grpc-realworld-example/model.User; Out: [github.com/raahii/golang-grpc-realworld-example/model.User]
2025/02/14 16:36:55 Collected field type: github.com/raahii/golang-grpc-realworld-example/model.User
2025/02/14 16:36:55 Recording and checking type: github.com/raahii/golang-grpc-realworld-example/model.User
2025/02/14 16:36:55 Processing struct: github.com/raahii/golang-grpc-realworld-example/model.User with 8 fields
2025/02/14 16:36:55 Recording and checking type: github.com/jinzhu/gorm.Model
2025/02/14 16:36:55 Processing struct: github.com/jinzhu/gorm.Model with 4 fields
2025/02/14 16:36:55 Recording and checking type: github.com/raahii/golang-grpc-realworld-example/model.Article
2025/02/14 16:36:55 Processing struct: github.com/raahii/golang-grpc-realworld-example/model.Article with 10 fields
2025/02/14 16:36:55 Recording and checking type: github.com/raahii/golang-grpc-realworld-example/model.Tag
2025/02/14 16:36:55 Processing struct: github.com/raahii/golang-grpc-realworld-example/model.Tag with 2 fields
2025/02/14 16:36:55 Recording and checking type: github.com/raahii/golang-grpc-realworld-example/model.Comment
2025/02/14 16:36:55 Processing struct: github.com/raahii/golang-grpc-realworld-example/model.Comment with 6 fields
2025/02/14 16:36:55 Expr: error: type of expression is &types.Named{check:(*types.Checker)(nil), obj:(*types.TypeName)(0xc00006ca00), fromRHS:(*types.Interface)(0xc00006ca50), inst:(*types.instance)(nil), mu:sync.Mutex{state:0, sema:0x0}, state_:0x2, underlying:(*types.Interface)(0xc00006ca50), tparams:(*types.TypeParamList)(nil), methods:[]*types.Func(nil), loader:(func(*types.Named) ([]*types.TypeParam, types.Type, []*types.Func))(nil)}; Resolved type: error; Out: []
2025/02/14 16:36:55 Expr: s: type of expression is &types.Pointer{base:(*types.Named)(0xc014479500)}; Resolved type: *github.com/raahii/golang-grpc-realworld-example/store.UserStore; Out: [github.com/raahii/golang-grpc-realworld-example/store.UserStore]
2025/02/14 16:36:55 Already collected type: github.com/raahii/golang-grpc-realworld-example/store.UserStore. Current structs: [github.com/raahii/golang-grpc-realworld-example/store.UserStore github.com/jinzhu/gorm.DB github.com/jinzhu/gorm.SQLCommon github.com/jinzhu/gorm.logModeValue github.com/jinzhu/gorm.logger github.com/jinzhu/gorm.search github.com/jinzhu/gorm.Callback github.com/jinzhu/gorm.Dialect github.com/raahii/golang-grpc-realworld-example/model.User github.com/jinzhu/gorm.Model github.com/raahii/golang-grpc-realworld-example/model.Article github.com/raahii/golang-grpc-realworld-example/model.Tag github.com/raahii/golang-grpc-realworld-example/model.Comment]
2025/02/14 16:36:55 Expr: db: type of expression is &types.Pointer{base:(*types.Named)(0xc0134725b0)}; Resolved type: *github.com/jinzhu/gorm.DB; Out: [github.com/jinzhu/gorm.DB]
2025/02/14 16:36:55 Already collected type: github.com/jinzhu/gorm.DB. Current structs: [github.com/raahii/golang-grpc-realworld-example/store.UserStore github.com/jinzhu/gorm.DB github.com/jinzhu/gorm.SQLCommon github.com/jinzhu/gorm.logModeValue github.com/jinzhu/gorm.logger github.com/jinzhu/gorm.search github.com/jinzhu/gorm.Callback github.com/jinzhu/gorm.Dialect github.com/raahii/golang-grpc-realworld-example/model.User github.com/jinzhu/gorm.Model github.com/raahii/golang-grpc-realworld-example/model.Article github.com/raahii/golang-grpc-realworld-example/model.Tag github.com/raahii/golang-grpc-realworld-example/model.Comment]
2025/02/14 16:36:55 Expr: Model: type of expression is &types.Signature{rparams:(*types.TypeParamList)(nil), tparams:(*types.TypeParamList)(nil), scope:(*types.Scope)(0xc014e96300), recv:(*types.Var)(0xc014e963c0), params:(*types.Tuple)(0xc014b83db8), results:(*types.Tuple)(0xc014b83dd0), variadic:false}; Resolved type: func(value interface{}) *github.com/jinzhu/gorm.DB; Out: []
2025/02/14 16:36:55 Expr: m: type of expression is &types.Pointer{base:(*types.Named)(0xc017970e00)}; Resolved type: *github.com/raahii/golang-grpc-realworld-example/model.User; Out: [github.com/raahii/golang-grpc-realworld-example/model.User]
2025/02/14 16:36:55 Already collected type: github.com/raahii/golang-grpc-realworld-example/model.User. Current structs: [github.com/raahii/golang-grpc-realworld-example/store.UserStore github.com/jinzhu/gorm.DB github.com/jinzhu/gorm.SQLCommon github.com/jinzhu/gorm.logModeValue github.com/jinzhu/gorm.logger github.com/jinzhu/gorm.search github.com/jinzhu/gorm.Callback github.com/jinzhu/gorm.Dialect github.com/raahii/golang-grpc-realworld-example/model.User github.com/jinzhu/gorm.Model github.com/raahii/golang-grpc-realworld-example/model.Article github.com/raahii/golang-grpc-realworld-example/model.Tag github.com/raahii/golang-grpc-realworld-example/model.Comment]
2025/02/14 16:36:55 Expr: Update: type of expression is &types.Signature{rparams:(*types.TypeParamList)(nil), tparams:(*types.TypeParamList)(nil), scope:(*types.Scope)(0xc014e91020), recv:(*types.Var)(0xc014e910e0), params:(*types.Tuple)(0xc014b83c08), results:(*types.Tuple)(0xc014b83c20), variadic:true}; Resolved type: func(attrs ...interface{}) *github.com/jinzhu/gorm.DB; Out: []
2025/02/14 16:36:55 Expr: m: type of expression is &types.Pointer{base:(*types.Named)(0xc017970e00)}; Resolved type: *github.com/raahii/golang-grpc-realworld-example/model.User; Out: [github.com/raahii/golang-grpc-realworld-example/model.User]
2025/02/14 16:36:55 Already collected type: github.com/raahii/golang-grpc-realworld-example/model.User. Current structs: [github.com/raahii/golang-grpc-realworld-example/store.UserStore github.com/jinzhu/gorm.DB github.com/jinzhu/gorm.SQLCommon github.com/jinzhu/gorm.logModeValue github.com/jinzhu/gorm.logger github.com/jinzhu/gorm.search github.com/jinzhu/gorm.Callback github.com/jinzhu/gorm.Dialect github.com/raahii/golang-grpc-realworld-example/model.User github.com/jinzhu/gorm.Model github.com/raahii/golang-grpc-realworld-example/model.Article github.com/raahii/golang-grpc-realworld-example/model.Tag github.com/raahii/golang-grpc-realworld-example/model.Comment]
2025/02/14 16:36:55 Expr: Error: type of expression is &types.Named{check:(*types.Checker)(nil), obj:(*types.TypeName)(0xc00006ca00), fromRHS:(*types.Interface)(0xc00006ca50), inst:(*types.instance)(nil), mu:sync.Mutex{state:0, sema:0x0}, state_:0x2, underlying:(*types.Interface)(0xc00006ca50), tparams:(*types.TypeParamList)(nil), methods:[]*types.Func(nil), loader:(func(*types.Named) ([]*types.TypeParam, types.Type, []*types.Func))(nil)}; Resolved type: error; Out: []
2025/02/14 16:36:55 Receiver type: *github.com/jinzhu/gorm.DB
2025/02/14 16:36:55 Found selector function call: github.com/jinzhu/gorm.DB.Update, current functions list: []
2025/02/14 16:36:55 Split github.com/jinzhu/gorm.DB.Update into github.com/jinzhu/gorm and DB.Update:
2025/02/14 16:36:55 Receiver type: *github.com/jinzhu/gorm.DB
2025/02/14 16:36:55 Found selector function call: github.com/jinzhu/gorm.DB.Model, current functions list: [github.com/jinzhu/gorm.DB.Update]
2025/02/14 16:36:55 Split github.com/jinzhu/gorm.DB.Model into github.com/jinzhu/gorm and DB.Model:
2025/02/14 16:36:55 Split github.com/jinzhu/gorm.DB.Update into github.com/jinzhu/gorm and DB.Update:
2025/02/14 16:36:55 Found definition for github.com/jinzhu/gorm|DB.Update|func, cache results {definition:func (s *DB) Update(attrs ...interface{}) *DB {
	return s.Updates(toSearchableMap(attrs...), true)
} dependentFilePath:C:\Users\aksha\go\pkg\mod\github.com\jinzhu\gorm@v1.9.12\main.go importString:package github.com/jinzhu/gorm
}
2025/02/14 16:36:55 Split github.com/jinzhu/gorm.DB.Model into github.com/jinzhu/gorm and DB.Model:
2025/02/14 16:36:55 Found definition for github.com/jinzhu/gorm|DB.Model|func, cache results {definition:func (s *DB) Model(value interface{}) *DB {
	c := s.clone()
	c.Value = value
	return c
} dependentFilePath:C:\Users\aksha\go\pkg\mod\github.com\jinzhu\gorm@v1.9.12\main.go importString:package github.com/jinzhu/gorm
}
2025/02/14 16:36:55 Split github.com/jinzhu/gorm.search into github.com/jinzhu/gorm and search:
2025/02/14 16:36:55 Found definition for github.com/jinzhu/gorm|search|struct, cache results {definition:type search struct {
	db               *DB
	whereConditions  []map[string]interface{}
	orConditions     []map[string]interface{}
	notConditions    []map[string]interface{}
	havingConditions []map[string]interface{}
	joinConditions   []map[string]interface{}
	initAttrs        []interface{}
	assignAttrs      []interface{}
	selects          map[string]interface{}
	omits            []string
	orders           []interface{}
	preload          []searchPreload
	offset           interface{}
	limit            interface{}
	group            string
	tableName        string
	raw              bool
	Unscoped         bool
	ignoreOrderQuery bool
} dependentFilePath:C:\Users\aksha\go\pkg\mod\github.com\jinzhu\gorm@v1.9.12\search.go importString:package github.com/jinzhu/gorm
}
2025/02/14 16:36:55 Split github.com/jinzhu/gorm.Dialect into github.com/jinzhu/gorm and Dialect:
2025/02/14 16:36:55 Found definition for github.com/jinzhu/gorm|Dialect|struct, cache results {definition:type Dialect interface {
	// GetName get dialect's name
	GetName() string

	// SetDB set db for dialect
	SetDB(db SQLCommon)

	// BindVar return the placeholder for actual values in SQL statements, in many dbs it is "?", Postgres using $1
	BindVar(i int) string
	// Quote quotes field name to avoid SQL parsing exceptions by using a reserved word as a field name
	Quote(key string) string
	// DataTypeOf return data's sql type
	DataTypeOf(field *StructField) string

	// HasIndex check has index or not
	HasIndex(tableName string, indexName string) bool
	// HasForeignKey check has foreign key or not
	HasForeignKey(tableName string, foreignKeyName string) bool
	// RemoveIndex remove index
	RemoveIndex(tableName string, indexName string) error
	// HasTable check has table or not
	HasTable(tableName string) bool
	// HasColumn check has column or not
	HasColumn(tableName string, columnName string) bool
	// ModifyColumn modify column's type
	ModifyColumn(tableName string, columnName string, typ string) error

	// LimitAndOffsetSQL return generated SQL with Limit and Offset, as mssql has special case
	LimitAndOffsetSQL(limit, offset interface{}) (string, error)
	// SelectFromDummyTable return select values, for most dbs, `SELECT values` just works, mysql needs `SELECT value FROM DUAL`
	SelectFromDummyTable() string
	// LastInsertIDOutputInterstitial most dbs support LastInsertId, but mssql needs to use `OUTPUT`
	LastInsertIDOutputInterstitial(tableName, columnName string, columns []string) string
	// LastInsertIdReturningSuffix most dbs support LastInsertId, but postgres needs to use `RETURNING`
	LastInsertIDReturningSuffix(tableName, columnName string) string
	// DefaultValueStr
	DefaultValueStr() string

	// BuildKeyName returns a valid key name (foreign key, index key) for the given table, field and reference
	BuildKeyName(kind, tableName string, fields ...string) string

	// NormalizeIndexAndColumn returns valid index name and column name depending on each dialect
	NormalizeIndexAndColumn(indexName, columnName string) (string, string)

	// CurrentDatabase return current database name
	CurrentDatabase() string
} dependentFilePath:C:\Users\aksha\go\pkg\mod\github.com\jinzhu\gorm@v1.9.12\dialect.go importString:package github.com/jinzhu/gorm
}
2025/02/14 16:36:55 Split github.com/raahii/golang-grpc-realworld-example/model.User into github.com/raahii/golang-grpc-realworld-example/model and User:
2025/02/14 16:36:55 Found definition for github.com/raahii/golang-grpc-realworld-example/model|User|struct, cache results {definition:type User struct {
	gorm.Model
	Username         string    `gorm:"unique_index;not null"`
	Email            string    `gorm:"unique_index;not null"`
	Password         string    `gorm:"not null"`
	Bio              string    `gorm:"not null"`
	Image            string    `gorm:"not null"`
	Follows          []User    `gorm:"many2many:follows;jointable_foreignkey:from_user_id;association_jointable_foreignkey:to_user_id"`
	FavoriteArticles []Article `gorm:"many2many:favorite_articles;"`
} dependentFilePath:C:\var\tmp\Roost\RoostGPT\golang-1\ece53592-7de3-4391-a2fb-0d6935272614\source\golang-grpc-realworld-example\model\user.go importString:package github.com/raahii/golang-grpc-realworld-example/model
import (
	validation "github.com/go-ozzo/ozzo-validation"
	"github.com/go-ozzo/ozzo-validation/is"
	"github.com/jinzhu/gorm"
	pb "github.com/raahii/golang-grpc-realworld-example/proto"
	"golang.org/x/crypto/bcrypt"
)
}
2025/02/14 16:36:55 Split github.com/jinzhu/gorm.Model into github.com/jinzhu/gorm and Model:
2025/02/14 16:36:55 Found definition for github.com/jinzhu/gorm|Model|struct, cache results {definition:type Model struct {
	ID        uint `gorm:"primary_key"`
	CreatedAt time.Time
	UpdatedAt time.Time
	DeletedAt *time.Time `sql:"index"`
} dependentFilePath:C:\Users\aksha\go\pkg\mod\github.com\jinzhu\gorm@v1.9.12\model.go importString:package github.com/jinzhu/gorm
}
2025/02/14 16:36:55 Split github.com/jinzhu/gorm.DB into github.com/jinzhu/gorm and DB:
2025/02/14 16:36:55 Found definition for github.com/jinzhu/gorm|DB|struct, cache results {definition:type DB struct {
	sync.RWMutex
	Value        interface{}
	Error        error
	RowsAffected int64

	// single db
	db                SQLCommon
	blockGlobalUpdate bool
	logMode           logModeValue
	logger            logger
	search            *search
	values            sync.Map

	// global db
	parent        *DB
	callbacks     *Callback
	dialect       Dialect
	singularTable bool

	// function to be used to override the creating of a new timestamp
	nowFuncOverride func() time.Time
} dependentFilePath:C:\Users\aksha\go\pkg\mod\github.com\jinzhu\gorm@v1.9.12\main.go importString:package github.com/jinzhu/gorm
}
2025/02/14 16:36:55 Split github.com/jinzhu/gorm.SQLCommon into github.com/jinzhu/gorm and SQLCommon:
2025/02/14 16:36:55 Found definition for github.com/jinzhu/gorm|SQLCommon|struct, cache results {definition:type SQLCommon interface {
	Exec(query string, args ...interface{}) (sql.Result, error)
	Prepare(query string) (*sql.Stmt, error)
	Query(query string, args ...interface{}) (*sql.Rows, error)
	QueryRow(query string, args ...interface{}) *sql.Row
} dependentFilePath:C:\Users\aksha\go\pkg\mod\github.com\jinzhu\gorm@v1.9.12\interface.go importString:package github.com/jinzhu/gorm
}
2025/02/14 16:36:55 Split github.com/jinzhu/gorm.logModeValue into github.com/jinzhu/gorm and logModeValue:
2025/02/14 16:36:55 Found definition for github.com/jinzhu/gorm|logModeValue|struct, cache results {definition:type logModeValue int

const (
	defaultLogMode logModeValue = iota
	noLogMode
	detailedLogMode
) dependentFilePath:C:\Users\aksha\go\pkg\mod\github.com\jinzhu\gorm@v1.9.12\main.go importString:package github.com/jinzhu/gorm
}
2025/02/14 16:36:55 Split github.com/jinzhu/gorm.logger into github.com/jinzhu/gorm and logger:
2025/02/14 16:36:55 Found definition for github.com/jinzhu/gorm|logger|struct, cache results {definition:type logger interface {
	Print(v ...interface{})
} dependentFilePath:C:\Users\aksha\go\pkg\mod\github.com\jinzhu\gorm@v1.9.12\logger.go importString:package github.com/jinzhu/gorm
}
2025/02/14 16:36:55 Split github.com/raahii/golang-grpc-realworld-example/model.Comment into github.com/raahii/golang-grpc-realworld-example/model and Comment:
2025/02/14 16:36:55 Found definition for github.com/raahii/golang-grpc-realworld-example/model|Comment|struct, cache results {definition:type Comment struct {
	gorm.Model
	Body      string `gorm:"not null"`
	UserID    uint   `gorm:"not null"`
	Author    User   `gorm:"foreignkey:UserID"`
	ArticleID uint   `gorm:"not null"`
	Article   Article
} dependentFilePath:C:\var\tmp\Roost\RoostGPT\golang-1\ece53592-7de3-4391-a2fb-0d6935272614\source\golang-grpc-realworld-example\model\comment.go importString:package github.com/raahii/golang-grpc-realworld-example/model
import (
	validation "github.com/go-ozzo/ozzo-validation"
	"github.com/jinzhu/gorm"
	pb "github.com/raahii/golang-grpc-realworld-example/proto"
)
}
2025/02/14 16:36:55 Split github.com/raahii/golang-grpc-realworld-example/store.UserStore into github.com/raahii/golang-grpc-realworld-example/store and UserStore:
2025/02/14 16:36:55 Found definition for github.com/raahii/golang-grpc-realworld-example/store|UserStore|struct, cache results {definition:type UserStore struct {
	db *gorm.DB
} dependentFilePath:C:\var\tmp\Roost\RoostGPT\golang-1\ece53592-7de3-4391-a2fb-0d6935272614\source\golang-grpc-realworld-example\store\user.go importString:package github.com/raahii/golang-grpc-realworld-example/store
import (
	"github.com/jinzhu/gorm"
	"github.com/raahii/golang-grpc-realworld-example/model"
)
}
2025/02/14 16:36:55 Split github.com/jinzhu/gorm.Callback into github.com/jinzhu/gorm and Callback:
2025/02/14 16:36:55 Found definition for github.com/jinzhu/gorm|Callback|struct, cache results {definition:type Callback struct {
	logger     logger
	creates    []*func(scope *Scope)
	updates    []*func(scope *Scope)
	deletes    []*func(scope *Scope)
	queries    []*func(scope *Scope)
	rowQueries []*func(scope *Scope)
	processors []*CallbackProcessor
} dependentFilePath:C:\Users\aksha\go\pkg\mod\github.com\jinzhu\gorm@v1.9.12\callback.go importString:package github.com/jinzhu/gorm
}
2025/02/14 16:36:55 Split github.com/raahii/golang-grpc-realworld-example/model.Article into github.com/raahii/golang-grpc-realworld-example/model and Article:
2025/02/14 16:36:55 Found definition for github.com/raahii/golang-grpc-realworld-example/model|Article|struct, cache results {definition:type Article struct {
	gorm.Model
	Title          string `gorm:"not null"`
	Description    string `gorm:"not null"`
	Body           string `gorm:"not null"`
	Tags           []Tag  `gorm:"many2many:article_tags"`
	Author         User   `gorm:"foreignkey:UserID"`
	UserID         uint   `gorm:"not null"`
	FavoritesCount int32  `gorm:"not null;default=0"`
	FavoritedUsers []User `gorm:"many2many:favorite_articles"`
	Comments       []Comment
} dependentFilePath:C:\var\tmp\Roost\RoostGPT\golang-1\ece53592-7de3-4391-a2fb-0d6935272614\source\golang-grpc-realworld-example\model\article.go importString:package github.com/raahii/golang-grpc-realworld-example/model
import (
	validation "github.com/go-ozzo/ozzo-validation"
	"github.com/jinzhu/gorm"
	pb "github.com/raahii/golang-grpc-realworld-example/proto"
)
}
2025/02/14 16:36:55 Split github.com/raahii/golang-grpc-realworld-example/model.Tag into github.com/raahii/golang-grpc-realworld-example/model and Tag:
2025/02/14 16:36:55 Found definition for github.com/raahii/golang-grpc-realworld-example/model|Tag|struct, cache results {definition:type Tag struct {
	gorm.Model
	Name string `gorm:"not null"`
} dependentFilePath:C:\var\tmp\Roost\RoostGPT\golang-1\ece53592-7de3-4391-a2fb-0d6935272614\source\golang-grpc-realworld-example\model\article.go importString:package github.com/raahii/golang-grpc-realworld-example/model
import (
	validation "github.com/go-ozzo/ozzo-validation"
	"github.com/jinzhu/gorm"
	pb "github.com/raahii/golang-grpc-realworld-example/proto"
)
}
2025/02/14 16:36:55 Analyzing function: IsFollowing in file: C:\var\tmp\Roost\RoostGPT\golang-1\ece53592-7de3-4391-a2fb-0d6935272614\source\golang-grpc-realworld-example\store\user.go
2025/02/14 16:36:55 Expr: &{Star:14976219 X:UserStore}: type of expression is &types.Pointer{base:(*types.Named)(0xc014479500)}; Resolved type: *github.com/raahii/golang-grpc-realworld-example/store.UserStore; Out: [github.com/raahii/golang-grpc-realworld-example/store.UserStore]
2025/02/14 16:36:55 Recording and checking type: github.com/raahii/golang-grpc-realworld-example/store.UserStore
2025/02/14 16:36:55 Processing struct: github.com/raahii/golang-grpc-realworld-example/store.UserStore with 1 fields
2025/02/14 16:36:55 Recording and checking type: github.com/jinzhu/gorm.DB
2025/02/14 16:36:55 Processing struct: github.com/jinzhu/gorm.DB with 15 fields
2025/02/14 16:36:55 Recording and checking type: github.com/jinzhu/gorm.SQLCommon
2025/02/14 16:36:55 Underlying type is not a struct for: github.com/jinzhu/gorm.SQLCommon
2025/02/14 16:36:55 Recording and checking type: github.com/jinzhu/gorm.logModeValue
2025/02/14 16:36:55 Underlying type is not a struct for: github.com/jinzhu/gorm.logModeValue
2025/02/14 16:36:55 Recording and checking type: github.com/jinzhu/gorm.logger
2025/02/14 16:36:55 Underlying type is not a struct for: github.com/jinzhu/gorm.logger
2025/02/14 16:36:55 Recording and checking type: github.com/jinzhu/gorm.search
2025/02/14 16:36:55 Processing struct: github.com/jinzhu/gorm.search with 19 fields
2025/02/14 16:36:55 Recording and checking type: github.com/jinzhu/gorm.Callback
2025/02/14 16:36:55 Processing struct: github.com/jinzhu/gorm.Callback with 7 fields
2025/02/14 16:36:55 Recording and checking type: github.com/jinzhu/gorm.Dialect
2025/02/14 16:36:55 Underlying type is not a struct for: github.com/jinzhu/gorm.Dialect
2025/02/14 16:36:55 Expr: &{Star:14976245 X:0xc01f022660}: type of expression is &types.Pointer{base:(*types.Named)(0xc017970e00)}; Resolved type: *github.com/raahii/golang-grpc-realworld-example/model.User; Out: [github.com/raahii/golang-grpc-realworld-example/model.User]
2025/02/14 16:36:55 Collected field type: github.com/raahii/golang-grpc-realworld-example/model.User
2025/02/14 16:36:55 Expr: &{Star:14976260 X:0xc01f0226a8}: type of expression is &types.Pointer{base:(*types.Named)(0xc017970e00)}; Resolved type: *github.com/raahii/golang-grpc-realworld-example/model.User; Out: [github.com/raahii/golang-grpc-realworld-example/model.User]
2025/02/14 16:36:55 Collected field type: github.com/raahii/golang-grpc-realworld-example/model.User
2025/02/14 16:36:55 Recording and checking type: github.com/raahii/golang-grpc-realworld-example/model.User
2025/02/14 16:36:55 Processing struct: github.com/raahii/golang-grpc-realworld-example/model.User with 8 fields
2025/02/14 16:36:55 Recording and checking type: github.com/jinzhu/gorm.Model
2025/02/14 16:36:55 Processing struct: github.com/jinzhu/gorm.Model with 4 fields
2025/02/14 16:36:55 Recording and checking type: github.com/raahii/golang-grpc-realworld-example/model.Article
2025/02/14 16:36:55 Processing struct: github.com/raahii/golang-grpc-realworld-example/model.Article with 10 fields
2025/02/14 16:36:55 Recording and checking type: github.com/raahii/golang-grpc-realworld-example/model.Tag
2025/02/14 16:36:55 Processing struct: github.com/raahii/golang-grpc-realworld-example/model.Tag with 2 fields
2025/02/14 16:36:55 Recording and checking type: github.com/raahii/golang-grpc-realworld-example/model.Comment
2025/02/14 16:36:55 Processing struct: github.com/raahii/golang-grpc-realworld-example/model.Comment with 6 fields
2025/02/14 16:36:55 Expr: error: type of expression is &types.Named{check:(*types.Checker)(nil), obj:(*types.TypeName)(0xc00006ca00), fromRHS:(*types.Interface)(0xc00006ca50), inst:(*types.instance)(nil), mu:sync.Mutex{state:0, sema:0x0}, state_:0x2, underlying:(*types.Interface)(0xc00006ca50), tparams:(*types.TypeParamList)(nil), methods:[]*types.Func(nil), loader:(func(*types.Named) ([]*types.TypeParam, types.Type, []*types.Func))(nil)}; Resolved type: error; Out: []
2025/02/14 16:36:55 Expr: a: type of expression is &types.Pointer{base:(*types.Named)(0xc017970e00)}; Resolved type: *github.com/raahii/golang-grpc-realworld-example/model.User; Out: [github.com/raahii/golang-grpc-realworld-example/model.User]
2025/02/14 16:36:55 Already collected type: github.com/raahii/golang-grpc-realworld-example/model.User. Current structs: [github.com/raahii/golang-grpc-realworld-example/store.UserStore github.com/jinzhu/gorm.DB github.com/jinzhu/gorm.SQLCommon github.com/jinzhu/gorm.logModeValue github.com/jinzhu/gorm.logger github.com/jinzhu/gorm.search github.com/jinzhu/gorm.Callback github.com/jinzhu/gorm.Dialect github.com/raahii/golang-grpc-realworld-example/model.User github.com/jinzhu/gorm.Model github.com/raahii/golang-grpc-realworld-example/model.Article github.com/raahii/golang-grpc-realworld-example/model.Tag github.com/raahii/golang-grpc-realworld-example/model.Comment]
2025/02/14 16:36:55 Expr: b: type of expression is &types.Pointer{base:(*types.Named)(0xc017970e00)}; Resolved type: *github.com/raahii/golang-grpc-realworld-example/model.User; Out: [github.com/raahii/golang-grpc-realworld-example/model.User]
2025/02/14 16:36:55 Already collected type: github.com/raahii/golang-grpc-realworld-example/model.User. Current structs: [github.com/raahii/golang-grpc-realworld-example/store.UserStore github.com/jinzhu/gorm.DB github.com/jinzhu/gorm.SQLCommon github.com/jinzhu/gorm.logModeValue github.com/jinzhu/gorm.logger github.com/jinzhu/gorm.search github.com/jinzhu/gorm.Callback github.com/jinzhu/gorm.Dialect github.com/raahii/golang-grpc-realworld-example/model.User github.com/jinzhu/gorm.Model github.com/raahii/golang-grpc-realworld-example/model.Article github.com/raahii/golang-grpc-realworld-example/model.Tag github.com/raahii/golang-grpc-realworld-example/model.Comment]
2025/02/14 16:36:55 Expr: &{X:0xc01f0135c0 Sel:Error}: type of expression is &types.Named{check:(*types.Checker)(nil), obj:(*types.TypeName)(0xc00006ca00), fromRHS:(*types.Interface)(0xc00006ca50), inst:(*types.instance)(nil), mu:sync.Mutex{state:0, sema:0x0}, state_:0x2, underlying:(*types.Interface)(0xc00006ca50), tparams:(*types.TypeParamList)(nil), methods:[]*types.Func(nil), loader:(func(*types.Named) ([]*types.TypeParam, types.Type, []*types.Func))(nil)}; Resolved type: error; Out: []
2025/02/14 16:36:55 Expr: err: type of expression is &types.Named{check:(*types.Checker)(nil), obj:(*types.TypeName)(0xc00006ca00), fromRHS:(*types.Interface)(0xc00006ca50), inst:(*types.instance)(nil), mu:sync.Mutex{state:0, sema:0x0}, state_:0x2, underlying:(*types.Interface)(0xc00006ca50), tparams:(*types.TypeParamList)(nil), methods:[]*types.Func(nil), loader:(func(*types.Named) ([]*types.TypeParam, types.Type, []*types.Func))(nil)}; Resolved type: error; Out: []
2025/02/14 16:36:55 Expr: s: type of expression is &types.Pointer{base:(*types.Named)(0xc014479500)}; Resolved type: *github.com/raahii/golang-grpc-realworld-example/store.UserStore; Out: [github.com/raahii/golang-grpc-realworld-example/store.UserStore]
2025/02/14 16:36:55 Already collected type: github.com/raahii/golang-grpc-realworld-example/store.UserStore. Current structs: [github.com/raahii/golang-grpc-realworld-example/store.UserStore github.com/jinzhu/gorm.DB github.com/jinzhu/gorm.SQLCommon github.com/jinzhu/gorm.logModeValue github.com/jinzhu/gorm.logger github.com/jinzhu/gorm.search github.com/jinzhu/gorm.Callback github.com/jinzhu/gorm.Dialect github.com/raahii/golang-grpc-realworld-example/model.User github.com/jinzhu/gorm.Model github.com/raahii/golang-grpc-realworld-example/model.Article github.com/raahii/golang-grpc-realworld-example/model.Tag github.com/raahii/golang-grpc-realworld-example/model.Comment]
2025/02/14 16:36:55 Expr: db: type of expression is &types.Pointer{base:(*types.Named)(0xc0134725b0)}; Resolved type: *github.com/jinzhu/gorm.DB; Out: [github.com/jinzhu/gorm.DB]
2025/02/14 16:36:55 Already collected type: github.com/jinzhu/gorm.DB. Current structs: [github.com/raahii/golang-grpc-realworld-example/store.UserStore github.com/jinzhu/gorm.DB github.com/jinzhu/gorm.SQLCommon github.com/jinzhu/gorm.logModeValue github.com/jinzhu/gorm.logger github.com/jinzhu/gorm.search github.com/jinzhu/gorm.Callback github.com/jinzhu/gorm.Dialect github.com/raahii/golang-grpc-realworld-example/model.User github.com/jinzhu/gorm.Model github.com/raahii/golang-grpc-realworld-example/model.Article github.com/raahii/golang-grpc-realworld-example/model.Tag github.com/raahii/golang-grpc-realworld-example/model.Comment]
2025/02/14 16:36:55 Expr: Table: type of expression is &types.Signature{rparams:(*types.TypeParamList)(nil), tparams:(*types.TypeParamList)(nil), scope:(*types.Scope)(0xc014e964e0), recv:(*types.Var)(0xc014e965a0), params:(*types.Tuple)(0xc014b83de8), results:(*types.Tuple)(0xc014b83e00), variadic:false}; Resolved type: func(name string) *github.com/jinzhu/gorm.DB; Out: []
2025/02/14 16:36:55 Expr: Where: type of expression is &types.Signature{rparams:(*types.TypeParamList)(nil), tparams:(*types.TypeParamList)(nil), scope:(*types.Scope)(0xc014e83200), recv:(*types.Var)(0xc014e832c0), params:(*types.Tuple)(0xc014b836b0), results:(*types.Tuple)(0xc014b836c8), variadic:true}; Resolved type: func(query interface{}, args ...interface{}) *github.com/jinzhu/gorm.DB; Out: []
2025/02/14 16:36:55 Expr: a: type of expression is &types.Pointer{base:(*types.Named)(0xc017970e00)}; Resolved type: *github.com/raahii/golang-grpc-realworld-example/model.User; Out: [github.com/raahii/golang-grpc-realworld-example/model.User]
2025/02/14 16:36:55 Already collected type: github.com/raahii/golang-grpc-realworld-example/model.User. Current structs: [github.com/raahii/golang-grpc-realworld-example/store.UserStore github.com/jinzhu/gorm.DB github.com/jinzhu/gorm.SQLCommon github.com/jinzhu/gorm.logModeValue github.com/jinzhu/gorm.logger github.com/jinzhu/gorm.search github.com/jinzhu/gorm.Callback github.com/jinzhu/gorm.Dialect github.com/raahii/golang-grpc-realworld-example/model.User github.com/jinzhu/gorm.Model github.com/raahii/golang-grpc-realworld-example/model.Article github.com/raahii/golang-grpc-realworld-example/model.Tag github.com/raahii/golang-grpc-realworld-example/model.Comment]
2025/02/14 16:36:55 Expr: b: type of expression is &types.Pointer{base:(*types.Named)(0xc017970e00)}; Resolved type: *github.com/raahii/golang-grpc-realworld-example/model.User; Out: [github.com/raahii/golang-grpc-realworld-example/model.User]
2025/02/14 16:36:55 Already collected type: github.com/raahii/golang-grpc-realworld-example/model.User. Current structs: [github.com/raahii/golang-grpc-realworld-example/store.UserStore github.com/jinzhu/gorm.DB github.com/jinzhu/gorm.SQLCommon github.com/jinzhu/gorm.logModeValue github.com/jinzhu/gorm.logger github.com/jinzhu/gorm.search github.com/jinzhu/gorm.Callback github.com/jinzhu/gorm.Dialect github.com/raahii/golang-grpc-realworld-example/model.User github.com/jinzhu/gorm.Model github.com/raahii/golang-grpc-realworld-example/model.Article github.com/raahii/golang-grpc-realworld-example/model.Tag github.com/raahii/golang-grpc-realworld-example/model.Comment]
2025/02/14 16:36:55 Expr: Count: type of expression is &types.Signature{rparams:(*types.TypeParamList)(nil), tparams:(*types.TypeParamList)(nil), scope:(*types.Scope)(0xc014e90780), recv:(*types.Var)(0xc014e90840), params:(*types.Tuple)(0xc014b83b48), results:(*types.Tuple)(0xc014b83b60), variadic:false}; Resolved type: func(value interface{}) *github.com/jinzhu/gorm.DB; Out: []
2025/02/14 16:36:55 Expr: Error: type of expression is &types.Named{check:(*types.Checker)(nil), obj:(*types.TypeName)(0xc00006ca00), fromRHS:(*types.Interface)(0xc00006ca50), inst:(*types.instance)(nil), mu:sync.Mutex{state:0, sema:0x0}, state_:0x2, underlying:(*types.Interface)(0xc00006ca50), tparams:(*types.TypeParamList)(nil), methods:[]*types.Func(nil), loader:(func(*types.Named) ([]*types.TypeParam, types.Type, []*types.Func))(nil)}; Resolved type: error; Out: []
2025/02/14 16:36:55 Expr: err: type of expression is &types.Named{check:(*types.Checker)(nil), obj:(*types.TypeName)(0xc00006ca00), fromRHS:(*types.Interface)(0xc00006ca50), inst:(*types.instance)(nil), mu:sync.Mutex{state:0, sema:0x0}, state_:0x2, underlying:(*types.Interface)(0xc00006ca50), tparams:(*types.TypeParamList)(nil), methods:[]*types.Func(nil), loader:(func(*types.Named) ([]*types.TypeParam, types.Type, []*types.Func))(nil)}; Resolved type: error; Out: []
2025/02/14 16:36:55 Expr: err: type of expression is &types.Named{check:(*types.Checker)(nil), obj:(*types.TypeName)(0xc00006ca00), fromRHS:(*types.Interface)(0xc00006ca50), inst:(*types.instance)(nil), mu:sync.Mutex{state:0, sema:0x0}, state_:0x2, underlying:(*types.Interface)(0xc00006ca50), tparams:(*types.TypeParamList)(nil), methods:[]*types.Func(nil), loader:(func(*types.Named) ([]*types.TypeParam, types.Type, []*types.Func))(nil)}; Resolved type: error; Out: []
2025/02/14 16:36:55 Receiver type: *github.com/jinzhu/gorm.DB
2025/02/14 16:36:55 Found selector function call: github.com/jinzhu/gorm.DB.Count, current functions list: []
2025/02/14 16:36:55 Split github.com/jinzhu/gorm.DB.Count into github.com/jinzhu/gorm and DB.Count:
2025/02/14 16:36:55 Receiver type: *github.com/jinzhu/gorm.DB
2025/02/14 16:36:55 Found selector function call: github.com/jinzhu/gorm.DB.Where, current functions list: [github.com/jinzhu/gorm.DB.Count]
2025/02/14 16:36:55 Split github.com/jinzhu/gorm.DB.Where into github.com/jinzhu/gorm and DB.Where:
2025/02/14 16:36:55 Receiver type: *github.com/jinzhu/gorm.DB
2025/02/14 16:36:55 Found selector function call: github.com/jinzhu/gorm.DB.Table, current functions list: [github.com/jinzhu/gorm.DB.Count github.com/jinzhu/gorm.DB.Where]
2025/02/14 16:36:55 Split github.com/jinzhu/gorm.DB.Table into github.com/jinzhu/gorm and DB.Table:
2025/02/14 16:36:55 Split github.com/jinzhu/gorm.DB.Table into github.com/jinzhu/gorm and DB.Table:
2025/02/14 16:36:55 Found definition for github.com/jinzhu/gorm|DB.Table|func, cache results {definition:func (s *DB) Table(name string) *DB {
	clone := s.clone()
	clone.search.Table(name)
	clone.Value = nil
	return clone
} dependentFilePath:C:\Users\aksha\go\pkg\mod\github.com\jinzhu\gorm@v1.9.12\main.go importString:package github.com/jinzhu/gorm
}
2025/02/14 16:36:55 Split github.com/jinzhu/gorm.DB.Count into github.com/jinzhu/gorm and DB.Count:
2025/02/14 16:36:55 Found definition for github.com/jinzhu/gorm|DB.Count|func, cache results {definition:func (s *DB) Count(value interface{}) *DB {
	return s.NewScope(s.Value).count(value).db
} dependentFilePath:C:\Users\aksha\go\pkg\mod\github.com\jinzhu\gorm@v1.9.12\main.go importString:package github.com/jinzhu/gorm
}
2025/02/14 16:36:55 Split github.com/jinzhu/gorm.DB.Where into github.com/jinzhu/gorm and DB.Where:
2025/02/14 16:36:55 Found definition for github.com/jinzhu/gorm|DB.Where|func, cache results {definition:func (s *DB) Where(query interface{}, args ...interface{}) *DB {
	return s.clone().search.Where(query, args...).db
} dependentFilePath:C:\Users\aksha\go\pkg\mod\github.com\jinzhu\gorm@v1.9.12\main.go importString:package github.com/jinzhu/gorm
}
2025/02/14 16:36:55 Split github.com/raahii/golang-grpc-realworld-example/model.User into github.com/raahii/golang-grpc-realworld-example/model and User:
2025/02/14 16:36:55 Found definition for github.com/raahii/golang-grpc-realworld-example/model|User|struct, cache results {definition:type User struct {
	gorm.Model
	Username         string    `gorm:"unique_index;not null"`
	Email            string    `gorm:"unique_index;not null"`
	Password         string    `gorm:"not null"`
	Bio              string    `gorm:"not null"`
	Image            string    `gorm:"not null"`
	Follows          []User    `gorm:"many2many:follows;jointable_foreignkey:from_user_id;association_jointable_foreignkey:to_user_id"`
	FavoriteArticles []Article `gorm:"many2many:favorite_articles;"`
} dependentFilePath:C:\var\tmp\Roost\RoostGPT\golang-1\ece53592-7de3-4391-a2fb-0d6935272614\source\golang-grpc-realworld-example\model\user.go importString:package github.com/raahii/golang-grpc-realworld-example/model
import (
	validation "github.com/go-ozzo/ozzo-validation"
	"github.com/go-ozzo/ozzo-validation/is"
	"github.com/jinzhu/gorm"
	pb "github.com/raahii/golang-grpc-realworld-example/proto"
	"golang.org/x/crypto/bcrypt"
)
}
2025/02/14 16:36:55 Split github.com/jinzhu/gorm.Model into github.com/jinzhu/gorm and Model:
2025/02/14 16:36:55 Found definition for github.com/jinzhu/gorm|Model|struct, cache results {definition:type Model struct {
	ID        uint `gorm:"primary_key"`
	CreatedAt time.Time
	UpdatedAt time.Time
	DeletedAt *time.Time `sql:"index"`
} dependentFilePath:C:\Users\aksha\go\pkg\mod\github.com\jinzhu\gorm@v1.9.12\model.go importString:package github.com/jinzhu/gorm
}
2025/02/14 16:36:55 Split github.com/raahii/golang-grpc-realworld-example/model.Article into github.com/raahii/golang-grpc-realworld-example/model and Article:
2025/02/14 16:36:55 Found definition for github.com/raahii/golang-grpc-realworld-example/model|Article|struct, cache results {definition:type Article struct {
	gorm.Model
	Title          string `gorm:"not null"`
	Description    string `gorm:"not null"`
	Body           string `gorm:"not null"`
	Tags           []Tag  `gorm:"many2many:article_tags"`
	Author         User   `gorm:"foreignkey:UserID"`
	UserID         uint   `gorm:"not null"`
	FavoritesCount int32  `gorm:"not null;default=0"`
	FavoritedUsers []User `gorm:"many2many:favorite_articles"`
	Comments       []Comment
} dependentFilePath:C:\var\tmp\Roost\RoostGPT\golang-1\ece53592-7de3-4391-a2fb-0d6935272614\source\golang-grpc-realworld-example\model\article.go importString:package github.com/raahii/golang-grpc-realworld-example/model
import (
	validation "github.com/go-ozzo/ozzo-validation"
	"github.com/jinzhu/gorm"
	pb "github.com/raahii/golang-grpc-realworld-example/proto"
)
}
2025/02/14 16:36:55 Split github.com/jinzhu/gorm.SQLCommon into github.com/jinzhu/gorm and SQLCommon:
2025/02/14 16:36:55 Found definition for github.com/jinzhu/gorm|SQLCommon|struct, cache results {definition:type SQLCommon interface {
	Exec(query string, args ...interface{}) (sql.Result, error)
	Prepare(query string) (*sql.Stmt, error)
	Query(query string, args ...interface{}) (*sql.Rows, error)
	QueryRow(query string, args ...interface{}) *sql.Row
} dependentFilePath:C:\Users\aksha\go\pkg\mod\github.com\jinzhu\gorm@v1.9.12\interface.go importString:package github.com/jinzhu/gorm
}
2025/02/14 16:36:55 Split github.com/jinzhu/gorm.logModeValue into github.com/jinzhu/gorm and logModeValue:
2025/02/14 16:36:55 Found definition for github.com/jinzhu/gorm|logModeValue|struct, cache results {definition:type logModeValue int

const (
	defaultLogMode logModeValue = iota
	noLogMode
	detailedLogMode
) dependentFilePath:C:\Users\aksha\go\pkg\mod\github.com\jinzhu\gorm@v1.9.12\main.go importString:package github.com/jinzhu/gorm
}
2025/02/14 16:36:55 Split github.com/jinzhu/gorm.logger into github.com/jinzhu/gorm and logger:
2025/02/14 16:36:55 Found definition for github.com/jinzhu/gorm|logger|struct, cache results {definition:type logger interface {
	Print(v ...interface{})
} dependentFilePath:C:\Users\aksha\go\pkg\mod\github.com\jinzhu\gorm@v1.9.12\logger.go importString:package github.com/jinzhu/gorm
}
2025/02/14 16:36:55 Split github.com/jinzhu/gorm.Callback into github.com/jinzhu/gorm and Callback:
2025/02/14 16:36:55 Found definition for github.com/jinzhu/gorm|Callback|struct, cache results {definition:type Callback struct {
	logger     logger
	creates    []*func(scope *Scope)
	updates    []*func(scope *Scope)
	deletes    []*func(scope *Scope)
	queries    []*func(scope *Scope)
	rowQueries []*func(scope *Scope)
	processors []*CallbackProcessor
} dependentFilePath:C:\Users\aksha\go\pkg\mod\github.com\jinzhu\gorm@v1.9.12\callback.go importString:package github.com/jinzhu/gorm
}
2025/02/14 16:36:55 Split github.com/jinzhu/gorm.Dialect into github.com/jinzhu/gorm and Dialect:
2025/02/14 16:36:55 Found definition for github.com/jinzhu/gorm|Dialect|struct, cache results {definition:type Dialect interface {
	// GetName get dialect's name
	GetName() string

	// SetDB set db for dialect
	SetDB(db SQLCommon)

	// BindVar return the placeholder for actual values in SQL statements, in many dbs it is "?", Postgres using $1
	BindVar(i int) string
	// Quote quotes field name to avoid SQL parsing exceptions by using a reserved word as a field name
	Quote(key string) string
	// DataTypeOf return data's sql type
	DataTypeOf(field *StructField) string

	// HasIndex check has index or not
	HasIndex(tableName string, indexName string) bool
	// HasForeignKey check has foreign key or not
	HasForeignKey(tableName string, foreignKeyName string) bool
	// RemoveIndex remove index
	RemoveIndex(tableName string, indexName string) error
	// HasTable check has table or not
	HasTable(tableName string) bool
	// HasColumn check has column or not
	HasColumn(tableName string, columnName string) bool
	// ModifyColumn modify column's type
	ModifyColumn(tableName string, columnName string, typ string) error

	// LimitAndOffsetSQL return generated SQL with Limit and Offset, as mssql has special case
	LimitAndOffsetSQL(limit, offset interface{}) (string, error)
	// SelectFromDummyTable return select values, for most dbs, `SELECT values` just works, mysql needs `SELECT value FROM DUAL`
	SelectFromDummyTable() string
	// LastInsertIDOutputInterstitial most dbs support LastInsertId, but mssql needs to use `OUTPUT`
	LastInsertIDOutputInterstitial(tableName, columnName string, columns []string) string
	// LastInsertIdReturningSuffix most dbs support LastInsertId, but postgres needs to use `RETURNING`
	LastInsertIDReturningSuffix(tableName, columnName string) string
	// DefaultValueStr
	DefaultValueStr() string

	// BuildKeyName returns a valid key name (foreign key, index key) for the given table, field and reference
	BuildKeyName(kind, tableName string, fields ...string) string

	// NormalizeIndexAndColumn returns valid index name and column name depending on each dialect
	NormalizeIndexAndColumn(indexName, columnName string) (string, string)

	// CurrentDatabase return current database name
	CurrentDatabase() string
} dependentFilePath:C:\Users\aksha\go\pkg\mod\github.com\jinzhu\gorm@v1.9.12\dialect.go importString:package github.com/jinzhu/gorm
}
2025/02/14 16:36:55 Split github.com/raahii/golang-grpc-realworld-example/store.UserStore into github.com/raahii/golang-grpc-realworld-example/store and UserStore:
2025/02/14 16:36:55 Found definition for github.com/raahii/golang-grpc-realworld-example/store|UserStore|struct, cache results {definition:type UserStore struct {
	db *gorm.DB
} dependentFilePath:C:\var\tmp\Roost\RoostGPT\golang-1\ece53592-7de3-4391-a2fb-0d6935272614\source\golang-grpc-realworld-example\store\user.go importString:package github.com/raahii/golang-grpc-realworld-example/store
import (
	"github.com/jinzhu/gorm"
	"github.com/raahii/golang-grpc-realworld-example/model"
)
}
2025/02/14 16:36:55 Split github.com/jinzhu/gorm.DB into github.com/jinzhu/gorm and DB:
2025/02/14 16:36:55 Found definition for github.com/jinzhu/gorm|DB|struct, cache results {definition:type DB struct {
	sync.RWMutex
	Value        interface{}
	Error        error
	RowsAffected int64

	// single db
	db                SQLCommon
	blockGlobalUpdate bool
	logMode           logModeValue
	logger            logger
	search            *search
	values            sync.Map

	// global db
	parent        *DB
	callbacks     *Callback
	dialect       Dialect
	singularTable bool

	// function to be used to override the creating of a new timestamp
	nowFuncOverride func() time.Time
} dependentFilePath:C:\Users\aksha\go\pkg\mod\github.com\jinzhu\gorm@v1.9.12\main.go importString:package github.com/jinzhu/gorm
}
2025/02/14 16:36:55 Split github.com/jinzhu/gorm.search into github.com/jinzhu/gorm and search:
2025/02/14 16:36:55 Found definition for github.com/jinzhu/gorm|search|struct, cache results {definition:type search struct {
	db               *DB
	whereConditions  []map[string]interface{}
	orConditions     []map[string]interface{}
	notConditions    []map[string]interface{}
	havingConditions []map[string]interface{}
	joinConditions   []map[string]interface{}
	initAttrs        []interface{}
	assignAttrs      []interface{}
	selects          map[string]interface{}
	omits            []string
	orders           []interface{}
	preload          []searchPreload
	offset           interface{}
	limit            interface{}
	group            string
	tableName        string
	raw              bool
	Unscoped         bool
	ignoreOrderQuery bool
} dependentFilePath:C:\Users\aksha\go\pkg\mod\github.com\jinzhu\gorm@v1.9.12\search.go importString:package github.com/jinzhu/gorm
}
2025/02/14 16:36:55 Split github.com/raahii/golang-grpc-realworld-example/model.Tag into github.com/raahii/golang-grpc-realworld-example/model and Tag:
2025/02/14 16:36:55 Found definition for github.com/raahii/golang-grpc-realworld-example/model|Tag|struct, cache results {definition:type Tag struct {
	gorm.Model
	Name string `gorm:"not null"`
} dependentFilePath:C:\var\tmp\Roost\RoostGPT\golang-1\ece53592-7de3-4391-a2fb-0d6935272614\source\golang-grpc-realworld-example\model\article.go importString:package github.com/raahii/golang-grpc-realworld-example/model
import (
	validation "github.com/go-ozzo/ozzo-validation"
	"github.com/jinzhu/gorm"
	pb "github.com/raahii/golang-grpc-realworld-example/proto"
)
}
2025/02/14 16:36:55 Split github.com/raahii/golang-grpc-realworld-example/model.Comment into github.com/raahii/golang-grpc-realworld-example/model and Comment:
2025/02/14 16:36:55 Found definition for github.com/raahii/golang-grpc-realworld-example/model|Comment|struct, cache results {definition:type Comment struct {
	gorm.Model
	Body      string `gorm:"not null"`
	UserID    uint   `gorm:"not null"`
	Author    User   `gorm:"foreignkey:UserID"`
	ArticleID uint   `gorm:"not null"`
	Article   Article
} dependentFilePath:C:\var\tmp\Roost\RoostGPT\golang-1\ece53592-7de3-4391-a2fb-0d6935272614\source\golang-grpc-realworld-example\model\comment.go importString:package github.com/raahii/golang-grpc-realworld-example/model
import (
	validation "github.com/go-ozzo/ozzo-validation"
	"github.com/jinzhu/gorm"
	pb "github.com/raahii/golang-grpc-realworld-example/proto"
)
}
2025/02/14 16:36:55 Analyzing function: Follow in file: C:\var\tmp\Roost\RoostGPT\golang-1\ece53592-7de3-4391-a2fb-0d6935272614\source\golang-grpc-realworld-example\store\user.go
2025/02/14 16:36:55 Expr: &{Star:14976603 X:UserStore}: type of expression is &types.Pointer{base:(*types.Named)(0xc014479500)}; Resolved type: *github.com/raahii/golang-grpc-realworld-example/store.UserStore; Out: [github.com/raahii/golang-grpc-realworld-example/store.UserStore]
2025/02/14 16:36:55 Recording and checking type: github.com/raahii/golang-grpc-realworld-example/store.UserStore
2025/02/14 16:36:55 Processing struct: github.com/raahii/golang-grpc-realworld-example/store.UserStore with 1 fields
2025/02/14 16:36:55 Recording and checking type: github.com/jinzhu/gorm.DB
2025/02/14 16:36:55 Processing struct: github.com/jinzhu/gorm.DB with 15 fields
2025/02/14 16:36:55 Recording and checking type: github.com/jinzhu/gorm.SQLCommon
2025/02/14 16:36:55 Underlying type is not a struct for: github.com/jinzhu/gorm.SQLCommon
2025/02/14 16:36:55 Recording and checking type: github.com/jinzhu/gorm.logModeValue
2025/02/14 16:36:55 Underlying type is not a struct for: github.com/jinzhu/gorm.logModeValue
2025/02/14 16:36:55 Recording and checking type: github.com/jinzhu/gorm.logger
2025/02/14 16:36:55 Underlying type is not a struct for: github.com/jinzhu/gorm.logger
2025/02/14 16:36:55 Recording and checking type: github.com/jinzhu/gorm.search
2025/02/14 16:36:55 Processing struct: github.com/jinzhu/gorm.search with 19 fields
2025/02/14 16:36:55 Recording and checking type: github.com/jinzhu/gorm.Callback
2025/02/14 16:36:55 Processing struct: github.com/jinzhu/gorm.Callback with 7 fields
2025/02/14 16:36:55 Recording and checking type: github.com/jinzhu/gorm.Dialect
2025/02/14 16:36:55 Underlying type is not a struct for: github.com/jinzhu/gorm.Dialect
2025/02/14 16:36:55 Expr: &{Star:14976624 X:0xc01f0227f8}: type of expression is &types.Pointer{base:(*types.Named)(0xc017970e00)}; Resolved type: *github.com/raahii/golang-grpc-realworld-example/model.User; Out: [github.com/raahii/golang-grpc-realworld-example/model.User]
2025/02/14 16:36:55 Collected field type: github.com/raahii/golang-grpc-realworld-example/model.User
2025/02/14 16:36:55 Expr: &{Star:14976639 X:0xc01f022840}: type of expression is &types.Pointer{base:(*types.Named)(0xc017970e00)}; Resolved type: *github.com/raahii/golang-grpc-realworld-example/model.User; Out: [github.com/raahii/golang-grpc-realworld-example/model.User]
2025/02/14 16:36:55 Collected field type: github.com/raahii/golang-grpc-realworld-example/model.User
2025/02/14 16:36:55 Recording and checking type: github.com/raahii/golang-grpc-realworld-example/model.User
2025/02/14 16:36:55 Processing struct: github.com/raahii/golang-grpc-realworld-example/model.User with 8 fields
2025/02/14 16:36:55 Recording and checking type: github.com/jinzhu/gorm.Model
2025/02/14 16:36:55 Processing struct: github.com/jinzhu/gorm.Model with 4 fields
2025/02/14 16:36:55 Recording and checking type: github.com/raahii/golang-grpc-realworld-example/model.Article
2025/02/14 16:36:55 Processing struct: github.com/raahii/golang-grpc-realworld-example/model.Article with 10 fields
2025/02/14 16:36:55 Recording and checking type: github.com/raahii/golang-grpc-realworld-example/model.Tag
2025/02/14 16:36:55 Processing struct: github.com/raahii/golang-grpc-realworld-example/model.Tag with 2 fields
2025/02/14 16:36:55 Recording and checking type: github.com/raahii/golang-grpc-realworld-example/model.Comment
2025/02/14 16:36:55 Processing struct: github.com/raahii/golang-grpc-realworld-example/model.Comment with 6 fields
2025/02/14 16:36:55 Expr: error: type of expression is &types.Named{check:(*types.Checker)(nil), obj:(*types.TypeName)(0xc00006ca00), fromRHS:(*types.Interface)(0xc00006ca50), inst:(*types.instance)(nil), mu:sync.Mutex{state:0, sema:0x0}, state_:0x2, underlying:(*types.Interface)(0xc00006ca50), tparams:(*types.TypeParamList)(nil), methods:[]*types.Func(nil), loader:(func(*types.Named) ([]*types.TypeParam, types.Type, []*types.Func))(nil)}; Resolved type: error; Out: []
2025/02/14 16:36:55 Expr: s: type of expression is &types.Pointer{base:(*types.Named)(0xc014479500)}; Resolved type: *github.com/raahii/golang-grpc-realworld-example/store.UserStore; Out: [github.com/raahii/golang-grpc-realworld-example/store.UserStore]
2025/02/14 16:36:55 Already collected type: github.com/raahii/golang-grpc-realworld-example/store.UserStore. Current structs: [github.com/raahii/golang-grpc-realworld-example/store.UserStore github.com/jinzhu/gorm.DB github.com/jinzhu/gorm.SQLCommon github.com/jinzhu/gorm.logModeValue github.com/jinzhu/gorm.logger github.com/jinzhu/gorm.search github.com/jinzhu/gorm.Callback github.com/jinzhu/gorm.Dialect github.com/raahii/golang-grpc-realworld-example/model.User github.com/jinzhu/gorm.Model github.com/raahii/golang-grpc-realworld-example/model.Article github.com/raahii/golang-grpc-realworld-example/model.Tag github.com/raahii/golang-grpc-realworld-example/model.Comment]
2025/02/14 16:36:55 Expr: db: type of expression is &types.Pointer{base:(*types.Named)(0xc0134725b0)}; Resolved type: *github.com/jinzhu/gorm.DB; Out: [github.com/jinzhu/gorm.DB]
2025/02/14 16:36:55 Already collected type: github.com/jinzhu/gorm.DB. Current structs: [github.com/raahii/golang-grpc-realworld-example/store.UserStore github.com/jinzhu/gorm.DB github.com/jinzhu/gorm.SQLCommon github.com/jinzhu/gorm.logModeValue github.com/jinzhu/gorm.logger github.com/jinzhu/gorm.search github.com/jinzhu/gorm.Callback github.com/jinzhu/gorm.Dialect github.com/raahii/golang-grpc-realworld-example/model.User github.com/jinzhu/gorm.Model github.com/raahii/golang-grpc-realworld-example/model.Article github.com/raahii/golang-grpc-realworld-example/model.Tag github.com/raahii/golang-grpc-realworld-example/model.Comment]
2025/02/14 16:36:55 Expr: Model: type of expression is &types.Signature{rparams:(*types.TypeParamList)(nil), tparams:(*types.TypeParamList)(nil), scope:(*types.Scope)(0xc014e96300), recv:(*types.Var)(0xc014e963c0), params:(*types.Tuple)(0xc014b83db8), results:(*types.Tuple)(0xc014b83dd0), variadic:false}; Resolved type: func(value interface{}) *github.com/jinzhu/gorm.DB; Out: []
2025/02/14 16:36:55 Expr: a: type of expression is &types.Pointer{base:(*types.Named)(0xc017970e00)}; Resolved type: *github.com/raahii/golang-grpc-realworld-example/model.User; Out: [github.com/raahii/golang-grpc-realworld-example/model.User]
2025/02/14 16:36:55 Already collected type: github.com/raahii/golang-grpc-realworld-example/model.User. Current structs: [github.com/raahii/golang-grpc-realworld-example/store.UserStore github.com/jinzhu/gorm.DB github.com/jinzhu/gorm.SQLCommon github.com/jinzhu/gorm.logModeValue github.com/jinzhu/gorm.logger github.com/jinzhu/gorm.search github.com/jinzhu/gorm.Callback github.com/jinzhu/gorm.Dialect github.com/raahii/golang-grpc-realworld-example/model.User github.com/jinzhu/gorm.Model github.com/raahii/golang-grpc-realworld-example/model.Article github.com/raahii/golang-grpc-realworld-example/model.Tag github.com/raahii/golang-grpc-realworld-example/model.Comment]
2025/02/14 16:36:55 Expr: Association: type of expression is &types.Signature{rparams:(*types.TypeParamList)(nil), tparams:(*types.TypeParamList)(nil), scope:(*types.Scope)(0xc014eab0e0), recv:(*types.Var)(0xc014eab1a0), params:(*types.Tuple)(0xc014ea8228), results:(*types.Tuple)(0xc014ea8240), variadic:false}; Resolved type: func(column string) *github.com/jinzhu/gorm.Association; Out: []
2025/02/14 16:36:55 Expr: Append: type of expression is &types.Signature{rparams:(*types.TypeParamList)(nil), tparams:(*types.TypeParamList)(nil), scope:(*types.Scope)(0xc014b8a000), recv:(*types.Var)(0xc014b8a0c0), params:(*types.Tuple)(0xc014b82198), results:(*types.Tuple)(0xc014b821b0), variadic:true}; Resolved type: func(values ...interface{}) *github.com/jinzhu/gorm.Association; Out: []
2025/02/14 16:36:55 Expr: b: type of expression is &types.Pointer{base:(*types.Named)(0xc017970e00)}; Resolved type: *github.com/raahii/golang-grpc-realworld-example/model.User; Out: [github.com/raahii/golang-grpc-realworld-example/model.User]
2025/02/14 16:36:55 Already collected type: github.com/raahii/golang-grpc-realworld-example/model.User. Current structs: [github.com/raahii/golang-grpc-realworld-example/store.UserStore github.com/jinzhu/gorm.DB github.com/jinzhu/gorm.SQLCommon github.com/jinzhu/gorm.logModeValue github.com/jinzhu/gorm.logger github.com/jinzhu/gorm.search github.com/jinzhu/gorm.Callback github.com/jinzhu/gorm.Dialect github.com/raahii/golang-grpc-realworld-example/model.User github.com/jinzhu/gorm.Model github.com/raahii/golang-grpc-realworld-example/model.Article github.com/raahii/golang-grpc-realworld-example/model.Tag github.com/raahii/golang-grpc-realworld-example/model.Comment]
2025/02/14 16:36:55 Expr: Error: type of expression is &types.Named{check:(*types.Checker)(nil), obj:(*types.TypeName)(0xc00006ca00), fromRHS:(*types.Interface)(0xc00006ca50), inst:(*types.instance)(nil), mu:sync.Mutex{state:0, sema:0x0}, state_:0x2, underlying:(*types.Interface)(0xc00006ca50), tparams:(*types.TypeParamList)(nil), methods:[]*types.Func(nil), loader:(func(*types.Named) ([]*types.TypeParam, types.Type, []*types.Func))(nil)}; Resolved type: error; Out: []
2025/02/14 16:36:55 Receiver type: *github.com/jinzhu/gorm.Association
2025/02/14 16:36:55 Found selector function call: github.com/jinzhu/gorm.Association.Append, current functions list: []
2025/02/14 16:36:55 Split github.com/jinzhu/gorm.Association.Append into github.com/jinzhu/gorm and Association.Append:
2025/02/14 16:36:55 Receiver type: *github.com/jinzhu/gorm.DB
2025/02/14 16:36:55 Found selector function call: github.com/jinzhu/gorm.DB.Association, current functions list: [github.com/jinzhu/gorm.Association.Append]
2025/02/14 16:36:55 Split github.com/jinzhu/gorm.DB.Association into github.com/jinzhu/gorm and DB.Association:
2025/02/14 16:36:55 Receiver type: *github.com/jinzhu/gorm.DB
2025/02/14 16:36:55 Found selector function call: github.com/jinzhu/gorm.DB.Model, current functions list: [github.com/jinzhu/gorm.Association.Append github.com/jinzhu/gorm.DB.Association]
2025/02/14 16:36:55 Split github.com/jinzhu/gorm.DB.Model into github.com/jinzhu/gorm and DB.Model:
2025/02/14 16:36:55 Split github.com/jinzhu/gorm.Association.Append into github.com/jinzhu/gorm and Association.Append:
2025/02/14 16:36:55 Found definition for github.com/jinzhu/gorm|Association.Append|func, cache results {definition:func (association *Association) Append(values ...interface{}) *Association {
	if association.Error != nil {
		return association
	}

	if relationship := association.field.Relationship; relationship.Kind == "has_one" {
		return association.Replace(values...)
	}
	return association.saveAssociations(values...)
} dependentFilePath:C:\Users\aksha\go\pkg\mod\github.com\jinzhu\gorm@v1.9.12\association.go importString:package github.com/jinzhu/gorm
}
2025/02/14 16:36:55 Split github.com/jinzhu/gorm.DB.Association into github.com/jinzhu/gorm and DB.Association:
2025/02/14 16:36:55 Found definition for github.com/jinzhu/gorm|DB.Association|func, cache results {definition:func (s *DB) Association(column string) *Association {
	var err error
	var scope = s.Set("gorm:association:source", s.Value).NewScope(s.Value)

	if primaryField := scope.PrimaryField(); primaryField.IsBlank {
		err = errors.New("primary key can't be nil")
	} else {
		if field, ok := scope.FieldByName(column); ok {
			if field.Relationship == nil || len(field.Relationship.ForeignFieldNames) == 0 {
				err = fmt.Errorf("invalid association %v for %v", column, scope.IndirectValue().Type())
			} else {
				return &Association{scope: scope, column: column, field: field}
			}
		} else {
			err = fmt.Errorf("%v doesn't have column %v", scope.IndirectValue().Type(), column)
		}
	}

	return &Association{Error: err}
} dependentFilePath:C:\Users\aksha\go\pkg\mod\github.com\jinzhu\gorm@v1.9.12\main.go importString:package github.com/jinzhu/gorm
}
2025/02/14 16:36:55 Split github.com/jinzhu/gorm.DB.Model into github.com/jinzhu/gorm and DB.Model:
2025/02/14 16:36:55 Found definition for github.com/jinzhu/gorm|DB.Model|func, cache results {definition:func (s *DB) Model(value interface{}) *DB {
	c := s.clone()
	c.Value = value
	return c
} dependentFilePath:C:\Users\aksha\go\pkg\mod\github.com\jinzhu\gorm@v1.9.12\main.go importString:package github.com/jinzhu/gorm
}
2025/02/14 16:36:55 Split github.com/jinzhu/gorm.DB into github.com/jinzhu/gorm and DB:
2025/02/14 16:36:55 Found definition for github.com/jinzhu/gorm|DB|struct, cache results {definition:type DB struct {
	sync.RWMutex
	Value        interface{}
	Error        error
	RowsAffected int64

	// single db
	db                SQLCommon
	blockGlobalUpdate bool
	logMode           logModeValue
	logger            logger
	search            *search
	values            sync.Map

	// global db
	parent        *DB
	callbacks     *Callback
	dialect       Dialect
	singularTable bool

	// function to be used to override the creating of a new timestamp
	nowFuncOverride func() time.Time
} dependentFilePath:C:\Users\aksha\go\pkg\mod\github.com\jinzhu\gorm@v1.9.12\main.go importString:package github.com/jinzhu/gorm
}
2025/02/14 16:36:55 Split github.com/jinzhu/gorm.search into github.com/jinzhu/gorm and search:
2025/02/14 16:36:55 Found definition for github.com/jinzhu/gorm|search|struct, cache results {definition:type search struct {
	db               *DB
	whereConditions  []map[string]interface{}
	orConditions     []map[string]interface{}
	notConditions    []map[string]interface{}
	havingConditions []map[string]interface{}
	joinConditions   []map[string]interface{}
	initAttrs        []interface{}
	assignAttrs      []interface{}
	selects          map[string]interface{}
	omits            []string
	orders           []interface{}
	preload          []searchPreload
	offset           interface{}
	limit            interface{}
	group            string
	tableName        string
	raw              bool
	Unscoped         bool
	ignoreOrderQuery bool
} dependentFilePath:C:\Users\aksha\go\pkg\mod\github.com\jinzhu\gorm@v1.9.12\search.go importString:package github.com/jinzhu/gorm
}
2025/02/14 16:36:55 Split github.com/jinzhu/gorm.Dialect into github.com/jinzhu/gorm and Dialect:
2025/02/14 16:36:55 Found definition for github.com/jinzhu/gorm|Dialect|struct, cache results {definition:type Dialect interface {
	// GetName get dialect's name
	GetName() string

	// SetDB set db for dialect
	SetDB(db SQLCommon)

	// BindVar return the placeholder for actual values in SQL statements, in many dbs it is "?", Postgres using $1
	BindVar(i int) string
	// Quote quotes field name to avoid SQL parsing exceptions by using a reserved word as a field name
	Quote(key string) string
	// DataTypeOf return data's sql type
	DataTypeOf(field *StructField) string

	// HasIndex check has index or not
	HasIndex(tableName string, indexName string) bool
	// HasForeignKey check has foreign key or not
	HasForeignKey(tableName string, foreignKeyName string) bool
	// RemoveIndex remove index
	RemoveIndex(tableName string, indexName string) error
	// HasTable check has table or not
	HasTable(tableName string) bool
	// HasColumn check has column or not
	HasColumn(tableName string, columnName string) bool
	// ModifyColumn modify column's type
	ModifyColumn(tableName string, columnName string, typ string) error

	// LimitAndOffsetSQL return generated SQL with Limit and Offset, as mssql has special case
	LimitAndOffsetSQL(limit, offset interface{}) (string, error)
	// SelectFromDummyTable return select values, for most dbs, `SELECT values` just works, mysql needs `SELECT value FROM DUAL`
	SelectFromDummyTable() string
	// LastInsertIDOutputInterstitial most dbs support LastInsertId, but mssql needs to use `OUTPUT`
	LastInsertIDOutputInterstitial(tableName, columnName string, columns []string) string
	// LastInsertIdReturningSuffix most dbs support LastInsertId, but postgres needs to use `RETURNING`
	LastInsertIDReturningSuffix(tableName, columnName string) string
	// DefaultValueStr
	DefaultValueStr() string

	// BuildKeyName returns a valid key name (foreign key, index key) for the given table, field and reference
	BuildKeyName(kind, tableName string, fields ...string) string

	// NormalizeIndexAndColumn returns valid index name and column name depending on each dialect
	NormalizeIndexAndColumn(indexName, columnName string) (string, string)

	// CurrentDatabase return current database name
	CurrentDatabase() string
} dependentFilePath:C:\Users\aksha\go\pkg\mod\github.com\jinzhu\gorm@v1.9.12\dialect.go importString:package github.com/jinzhu/gorm
}
2025/02/14 16:36:55 Split github.com/raahii/golang-grpc-realworld-example/model.User into github.com/raahii/golang-grpc-realworld-example/model and User:
2025/02/14 16:36:55 Found definition for github.com/raahii/golang-grpc-realworld-example/model|User|struct, cache results {definition:type User struct {
	gorm.Model
	Username         string    `gorm:"unique_index;not null"`
	Email            string    `gorm:"unique_index;not null"`
	Password         string    `gorm:"not null"`
	Bio              string    `gorm:"not null"`
	Image            string    `gorm:"not null"`
	Follows          []User    `gorm:"many2many:follows;jointable_foreignkey:from_user_id;association_jointable_foreignkey:to_user_id"`
	FavoriteArticles []Article `gorm:"many2many:favorite_articles;"`
} dependentFilePath:C:\var\tmp\Roost\RoostGPT\golang-1\ece53592-7de3-4391-a2fb-0d6935272614\source\golang-grpc-realworld-example\model\user.go importString:package github.com/raahii/golang-grpc-realworld-example/model
import (
	validation "github.com/go-ozzo/ozzo-validation"
	"github.com/go-ozzo/ozzo-validation/is"
	"github.com/jinzhu/gorm"
	pb "github.com/raahii/golang-grpc-realworld-example/proto"
	"golang.org/x/crypto/bcrypt"
)
}
2025/02/14 16:36:55 Split github.com/jinzhu/gorm.Model into github.com/jinzhu/gorm and Model:
2025/02/14 16:36:55 Found definition for github.com/jinzhu/gorm|Model|struct, cache results {definition:type Model struct {
	ID        uint `gorm:"primary_key"`
	CreatedAt time.Time
	UpdatedAt time.Time
	DeletedAt *time.Time `sql:"index"`
} dependentFilePath:C:\Users\aksha\go\pkg\mod\github.com\jinzhu\gorm@v1.9.12\model.go importString:package github.com/jinzhu/gorm
}
2025/02/14 16:36:55 Split github.com/raahii/golang-grpc-realworld-example/store.UserStore into github.com/raahii/golang-grpc-realworld-example/store and UserStore:
2025/02/14 16:36:55 Found definition for github.com/raahii/golang-grpc-realworld-example/store|UserStore|struct, cache results {definition:type UserStore struct {
	db *gorm.DB
} dependentFilePath:C:\var\tmp\Roost\RoostGPT\golang-1\ece53592-7de3-4391-a2fb-0d6935272614\source\golang-grpc-realworld-example\store\user.go importString:package github.com/raahii/golang-grpc-realworld-example/store
import (
	"github.com/jinzhu/gorm"
	"github.com/raahii/golang-grpc-realworld-example/model"
)
}
2025/02/14 16:36:55 Split github.com/jinzhu/gorm.logModeValue into github.com/jinzhu/gorm and logModeValue:
2025/02/14 16:36:55 Found definition for github.com/jinzhu/gorm|logModeValue|struct, cache results {definition:type logModeValue int

const (
	defaultLogMode logModeValue = iota
	noLogMode
	detailedLogMode
) dependentFilePath:C:\Users\aksha\go\pkg\mod\github.com\jinzhu\gorm@v1.9.12\main.go importString:package github.com/jinzhu/gorm
}
2025/02/14 16:36:55 Split github.com/jinzhu/gorm.logger into github.com/jinzhu/gorm and logger:
2025/02/14 16:36:55 Found definition for github.com/jinzhu/gorm|logger|struct, cache results {definition:type logger interface {
	Print(v ...interface{})
} dependentFilePath:C:\Users\aksha\go\pkg\mod\github.com\jinzhu\gorm@v1.9.12\logger.go importString:package github.com/jinzhu/gorm
}
2025/02/14 16:36:55 Split github.com/jinzhu/gorm.Callback into github.com/jinzhu/gorm and Callback:
2025/02/14 16:36:55 Found definition for github.com/jinzhu/gorm|Callback|struct, cache results {definition:type Callback struct {
	logger     logger
	creates    []*func(scope *Scope)
	updates    []*func(scope *Scope)
	deletes    []*func(scope *Scope)
	queries    []*func(scope *Scope)
	rowQueries []*func(scope *Scope)
	processors []*CallbackProcessor
} dependentFilePath:C:\Users\aksha\go\pkg\mod\github.com\jinzhu\gorm@v1.9.12\callback.go importString:package github.com/jinzhu/gorm
}
2025/02/14 16:36:55 Split github.com/raahii/golang-grpc-realworld-example/model.Article into github.com/raahii/golang-grpc-realworld-example/model and Article:
2025/02/14 16:36:55 Found definition for github.com/raahii/golang-grpc-realworld-example/model|Article|struct, cache results {definition:type Article struct {
	gorm.Model
	Title          string `gorm:"not null"`
	Description    string `gorm:"not null"`
	Body           string `gorm:"not null"`
	Tags           []Tag  `gorm:"many2many:article_tags"`
	Author         User   `gorm:"foreignkey:UserID"`
	UserID         uint   `gorm:"not null"`
	FavoritesCount int32  `gorm:"not null;default=0"`
	FavoritedUsers []User `gorm:"many2many:favorite_articles"`
	Comments       []Comment
} dependentFilePath:C:\var\tmp\Roost\RoostGPT\golang-1\ece53592-7de3-4391-a2fb-0d6935272614\source\golang-grpc-realworld-example\model\article.go importString:package github.com/raahii/golang-grpc-realworld-example/model
import (
	validation "github.com/go-ozzo/ozzo-validation"
	"github.com/jinzhu/gorm"
	pb "github.com/raahii/golang-grpc-realworld-example/proto"
)
}
2025/02/14 16:36:55 Split github.com/raahii/golang-grpc-realworld-example/model.Tag into github.com/raahii/golang-grpc-realworld-example/model and Tag:
2025/02/14 16:36:55 Found definition for github.com/raahii/golang-grpc-realworld-example/model|Tag|struct, cache results {definition:type Tag struct {
	gorm.Model
	Name string `gorm:"not null"`
} dependentFilePath:C:\var\tmp\Roost\RoostGPT\golang-1\ece53592-7de3-4391-a2fb-0d6935272614\source\golang-grpc-realworld-example\model\article.go importString:package github.com/raahii/golang-grpc-realworld-example/model
import (
	validation "github.com/go-ozzo/ozzo-validation"
	"github.com/jinzhu/gorm"
	pb "github.com/raahii/golang-grpc-realworld-example/proto"
)
}
2025/02/14 16:36:55 Split github.com/raahii/golang-grpc-realworld-example/model.Comment into github.com/raahii/golang-grpc-realworld-example/model and Comment:
2025/02/14 16:36:55 Found definition for github.com/raahii/golang-grpc-realworld-example/model|Comment|struct, cache results {definition:type Comment struct {
	gorm.Model
	Body      string `gorm:"not null"`
	UserID    uint   `gorm:"not null"`
	Author    User   `gorm:"foreignkey:UserID"`
	ArticleID uint   `gorm:"not null"`
	Article   Article
} dependentFilePath:C:\var\tmp\Roost\RoostGPT\golang-1\ece53592-7de3-4391-a2fb-0d6935272614\source\golang-grpc-realworld-example\model\comment.go importString:package github.com/raahii/golang-grpc-realworld-example/model
import (
	validation "github.com/go-ozzo/ozzo-validation"
	"github.com/jinzhu/gorm"
	pb "github.com/raahii/golang-grpc-realworld-example/proto"
)
}
2025/02/14 16:36:55 Split github.com/jinzhu/gorm.SQLCommon into github.com/jinzhu/gorm and SQLCommon:
2025/02/14 16:36:55 Found definition for github.com/jinzhu/gorm|SQLCommon|struct, cache results {definition:type SQLCommon interface {
	Exec(query string, args ...interface{}) (sql.Result, error)
	Prepare(query string) (*sql.Stmt, error)
	Query(query string, args ...interface{}) (*sql.Rows, error)
	QueryRow(query string, args ...interface{}) *sql.Row
} dependentFilePath:C:\Users\aksha\go\pkg\mod\github.com\jinzhu\gorm@v1.9.12\interface.go importString:package github.com/jinzhu/gorm
}
2025/02/14 16:36:55 Analyzing function: Unfollow in file: C:\var\tmp\Roost\RoostGPT\golang-1\ece53592-7de3-4391-a2fb-0d6935272614\source\golang-grpc-realworld-example\store\user.go
2025/02/14 16:36:55 Expr: &{Star:14976794 X:UserStore}: type of expression is &types.Pointer{base:(*types.Named)(0xc014479500)}; Resolved type: *github.com/raahii/golang-grpc-realworld-example/store.UserStore; Out: [github.com/raahii/golang-grpc-realworld-example/store.UserStore]
2025/02/14 16:36:55 Recording and checking type: github.com/raahii/golang-grpc-realworld-example/store.UserStore
2025/02/14 16:36:55 Processing struct: github.com/raahii/golang-grpc-realworld-example/store.UserStore with 1 fields
2025/02/14 16:36:55 Recording and checking type: github.com/jinzhu/gorm.DB
2025/02/14 16:36:55 Processing struct: github.com/jinzhu/gorm.DB with 15 fields
2025/02/14 16:36:55 Recording and checking type: github.com/jinzhu/gorm.SQLCommon
2025/02/14 16:36:55 Underlying type is not a struct for: github.com/jinzhu/gorm.SQLCommon
2025/02/14 16:36:55 Recording and checking type: github.com/jinzhu/gorm.logModeValue
2025/02/14 16:36:55 Underlying type is not a struct for: github.com/jinzhu/gorm.logModeValue
2025/02/14 16:36:55 Recording and checking type: github.com/jinzhu/gorm.logger
2025/02/14 16:36:55 Underlying type is not a struct for: github.com/jinzhu/gorm.logger
2025/02/14 16:36:55 Recording and checking type: github.com/jinzhu/gorm.search
2025/02/14 16:36:55 Processing struct: github.com/jinzhu/gorm.search with 19 fields
2025/02/14 16:36:55 Recording and checking type: github.com/jinzhu/gorm.Callback
2025/02/14 16:36:55 Processing struct: github.com/jinzhu/gorm.Callback with 7 fields
2025/02/14 16:36:55 Recording and checking type: github.com/jinzhu/gorm.Dialect
2025/02/14 16:36:55 Underlying type is not a struct for: github.com/jinzhu/gorm.Dialect
2025/02/14 16:36:55 Expr: &{Star:14976817 X:0xc01f022948}: type of expression is &types.Pointer{base:(*types.Named)(0xc017970e00)}; Resolved type: *github.com/raahii/golang-grpc-realworld-example/model.User; Out: [github.com/raahii/golang-grpc-realworld-example/model.User]
2025/02/14 16:36:55 Collected field type: github.com/raahii/golang-grpc-realworld-example/model.User
2025/02/14 16:36:55 Expr: &{Star:14976832 X:0xc01f022990}: type of expression is &types.Pointer{base:(*types.Named)(0xc017970e00)}; Resolved type: *github.com/raahii/golang-grpc-realworld-example/model.User; Out: [github.com/raahii/golang-grpc-realworld-example/model.User]
2025/02/14 16:36:55 Collected field type: github.com/raahii/golang-grpc-realworld-example/model.User
2025/02/14 16:36:55 Recording and checking type: github.com/raahii/golang-grpc-realworld-example/model.User
2025/02/14 16:36:55 Processing struct: github.com/raahii/golang-grpc-realworld-example/model.User with 8 fields
2025/02/14 16:36:55 Recording and checking type: github.com/jinzhu/gorm.Model
2025/02/14 16:36:55 Processing struct: github.com/jinzhu/gorm.Model with 4 fields
2025/02/14 16:36:55 Recording and checking type: github.com/raahii/golang-grpc-realworld-example/model.Article
2025/02/14 16:36:55 Processing struct: github.com/raahii/golang-grpc-realworld-example/model.Article with 10 fields
2025/02/14 16:36:55 Recording and checking type: github.com/raahii/golang-grpc-realworld-example/model.Tag
2025/02/14 16:36:55 Processing struct: github.com/raahii/golang-grpc-realworld-example/model.Tag with 2 fields
2025/02/14 16:36:55 Recording and checking type: github.com/raahii/golang-grpc-realworld-example/model.Comment
2025/02/14 16:36:55 Processing struct: github.com/raahii/golang-grpc-realworld-example/model.Comment with 6 fields
2025/02/14 16:36:55 Expr: error: type of expression is &types.Named{check:(*types.Checker)(nil), obj:(*types.TypeName)(0xc00006ca00), fromRHS:(*types.Interface)(0xc00006ca50), inst:(*types.instance)(nil), mu:sync.Mutex{state:0, sema:0x0}, state_:0x2, underlying:(*types.Interface)(0xc00006ca50), tparams:(*types.TypeParamList)(nil), methods:[]*types.Func(nil), loader:(func(*types.Named) ([]*types.TypeParam, types.Type, []*types.Func))(nil)}; Resolved type: error; Out: []
2025/02/14 16:36:55 Expr: s: type of expression is &types.Pointer{base:(*types.Named)(0xc014479500)}; Resolved type: *github.com/raahii/golang-grpc-realworld-example/store.UserStore; Out: [github.com/raahii/golang-grpc-realworld-example/store.UserStore]
2025/02/14 16:36:55 Already collected type: github.com/raahii/golang-grpc-realworld-example/store.UserStore. Current structs: [github.com/raahii/golang-grpc-realworld-example/store.UserStore github.com/jinzhu/gorm.DB github.com/jinzhu/gorm.SQLCommon github.com/jinzhu/gorm.logModeValue github.com/jinzhu/gorm.logger github.com/jinzhu/gorm.search github.com/jinzhu/gorm.Callback github.com/jinzhu/gorm.Dialect github.com/raahii/golang-grpc-realworld-example/model.User github.com/jinzhu/gorm.Model github.com/raahii/golang-grpc-realworld-example/model.Article github.com/raahii/golang-grpc-realworld-example/model.Tag github.com/raahii/golang-grpc-realworld-example/model.Comment]
2025/02/14 16:36:55 Expr: db: type of expression is &types.Pointer{base:(*types.Named)(0xc0134725b0)}; Resolved type: *github.com/jinzhu/gorm.DB; Out: [github.com/jinzhu/gorm.DB]
2025/02/14 16:36:55 Already collected type: github.com/jinzhu/gorm.DB. Current structs: [github.com/raahii/golang-grpc-realworld-example/store.UserStore github.com/jinzhu/gorm.DB github.com/jinzhu/gorm.SQLCommon github.com/jinzhu/gorm.logModeValue github.com/jinzhu/gorm.logger github.com/jinzhu/gorm.search github.com/jinzhu/gorm.Callback github.com/jinzhu/gorm.Dialect github.com/raahii/golang-grpc-realworld-example/model.User github.com/jinzhu/gorm.Model github.com/raahii/golang-grpc-realworld-example/model.Article github.com/raahii/golang-grpc-realworld-example/model.Tag github.com/raahii/golang-grpc-realworld-example/model.Comment]
2025/02/14 16:36:55 Expr: Model: type of expression is &types.Signature{rparams:(*types.TypeParamList)(nil), tparams:(*types.TypeParamList)(nil), scope:(*types.Scope)(0xc014e96300), recv:(*types.Var)(0xc014e963c0), params:(*types.Tuple)(0xc014b83db8), results:(*types.Tuple)(0xc014b83dd0), variadic:false}; Resolved type: func(value interface{}) *github.com/jinzhu/gorm.DB; Out: []
2025/02/14 16:36:55 Expr: a: type of expression is &types.Pointer{base:(*types.Named)(0xc017970e00)}; Resolved type: *github.com/raahii/golang-grpc-realworld-example/model.User; Out: [github.com/raahii/golang-grpc-realworld-example/model.User]
2025/02/14 16:36:55 Already collected type: github.com/raahii/golang-grpc-realworld-example/model.User. Current structs: [github.com/raahii/golang-grpc-realworld-example/store.UserStore github.com/jinzhu/gorm.DB github.com/jinzhu/gorm.SQLCommon github.com/jinzhu/gorm.logModeValue github.com/jinzhu/gorm.logger github.com/jinzhu/gorm.search github.com/jinzhu/gorm.Callback github.com/jinzhu/gorm.Dialect github.com/raahii/golang-grpc-realworld-example/model.User github.com/jinzhu/gorm.Model github.com/raahii/golang-grpc-realworld-example/model.Article github.com/raahii/golang-grpc-realworld-example/model.Tag github.com/raahii/golang-grpc-realworld-example/model.Comment]
2025/02/14 16:36:55 Expr: Association: type of expression is &types.Signature{rparams:(*types.TypeParamList)(nil), tparams:(*types.TypeParamList)(nil), scope:(*types.Scope)(0xc014eab0e0), recv:(*types.Var)(0xc014eab1a0), params:(*types.Tuple)(0xc014ea8228), results:(*types.Tuple)(0xc014ea8240), variadic:false}; Resolved type: func(column string) *github.com/jinzhu/gorm.Association; Out: []
2025/02/14 16:36:55 Expr: Delete: type of expression is &types.Signature{rparams:(*types.TypeParamList)(nil), tparams:(*types.TypeParamList)(nil), scope:(*types.Scope)(0xc014b8a3c0), recv:(*types.Var)(0xc014b8a480), params:(*types.Tuple)(0xc014b821f8), results:(*types.Tuple)(0xc014b82210), variadic:true}; Resolved type: func(values ...interface{}) *github.com/jinzhu/gorm.Association; Out: []
2025/02/14 16:36:55 Expr: b: type of expression is &types.Pointer{base:(*types.Named)(0xc017970e00)}; Resolved type: *github.com/raahii/golang-grpc-realworld-example/model.User; Out: [github.com/raahii/golang-grpc-realworld-example/model.User]
2025/02/14 16:36:55 Already collected type: github.com/raahii/golang-grpc-realworld-example/model.User. Current structs: [github.com/raahii/golang-grpc-realworld-example/store.UserStore github.com/jinzhu/gorm.DB github.com/jinzhu/gorm.SQLCommon github.com/jinzhu/gorm.logModeValue github.com/jinzhu/gorm.logger github.com/jinzhu/gorm.search github.com/jinzhu/gorm.Callback github.com/jinzhu/gorm.Dialect github.com/raahii/golang-grpc-realworld-example/model.User github.com/jinzhu/gorm.Model github.com/raahii/golang-grpc-realworld-example/model.Article github.com/raahii/golang-grpc-realworld-example/model.Tag github.com/raahii/golang-grpc-realworld-example/model.Comment]
2025/02/14 16:36:55 Expr: Error: type of expression is &types.Named{check:(*types.Checker)(nil), obj:(*types.TypeName)(0xc00006ca00), fromRHS:(*types.Interface)(0xc00006ca50), inst:(*types.instance)(nil), mu:sync.Mutex{state:0, sema:0x0}, state_:0x2, underlying:(*types.Interface)(0xc00006ca50), tparams:(*types.TypeParamList)(nil), methods:[]*types.Func(nil), loader:(func(*types.Named) ([]*types.TypeParam, types.Type, []*types.Func))(nil)}; Resolved type: error; Out: []
2025/02/14 16:36:55 Receiver type: *github.com/jinzhu/gorm.Association
2025/02/14 16:36:55 Found selector function call: github.com/jinzhu/gorm.Association.Delete, current functions list: []
2025/02/14 16:36:55 Split github.com/jinzhu/gorm.Association.Delete into github.com/jinzhu/gorm and Association.Delete:
2025/02/14 16:36:55 Receiver type: *github.com/jinzhu/gorm.DB
2025/02/14 16:36:55 Found selector function call: github.com/jinzhu/gorm.DB.Association, current functions list: [github.com/jinzhu/gorm.Association.Delete]
2025/02/14 16:36:55 Split github.com/jinzhu/gorm.DB.Association into github.com/jinzhu/gorm and DB.Association:
2025/02/14 16:36:55 Receiver type: *github.com/jinzhu/gorm.DB
2025/02/14 16:36:55 Found selector function call: github.com/jinzhu/gorm.DB.Model, current functions list: [github.com/jinzhu/gorm.Association.Delete github.com/jinzhu/gorm.DB.Association]
2025/02/14 16:36:55 Split github.com/jinzhu/gorm.DB.Model into github.com/jinzhu/gorm and DB.Model:
2025/02/14 16:36:55 Split github.com/jinzhu/gorm.Association.Delete into github.com/jinzhu/gorm and Association.Delete:
2025/02/14 16:36:55 Found definition for github.com/jinzhu/gorm|Association.Delete|func, cache results {definition:func (association *Association) Delete(values ...interface{}) *Association {
	if association.Error != nil {
		return association
	}

	var (
		relationship = association.field.Relationship
		scope        = association.scope
		field        = association.field.Field
		newDB        = scope.NewDB()
	)

	if len(values) == 0 {
		return association
	}

	var deletingResourcePrimaryFieldNames, deletingResourcePrimaryDBNames []string
	for _, field := range scope.New(reflect.New(field.Type()).Interface()).PrimaryFields() {
		deletingResourcePrimaryFieldNames = append(deletingResourcePrimaryFieldNames, field.Name)
		deletingResourcePrimaryDBNames = append(deletingResourcePrimaryDBNames, field.DBName)
	}

	deletingPrimaryKeys := scope.getColumnAsArray(deletingResourcePrimaryFieldNames, values...)

	if relationship.Kind == "many_to_many" {
		// source value's foreign keys
		for idx, foreignKey := range relationship.ForeignDBNames {
			if field, ok := scope.FieldByName(relationship.ForeignFieldNames[idx]); ok {
				newDB = newDB.Where(fmt.Sprintf("%v = ?", scope.Quote(foreignKey)), field.Field.Interface())
			}
		}

		// get association's foreign fields name
		var associationScope = scope.New(reflect.New(field.Type()).Interface())
		var associationForeignFieldNames []string
		for _, associationDBName := range relationship.AssociationForeignFieldNames {
			if field, ok := associationScope.FieldByName(associationDBName); ok {
				associationForeignFieldNames = append(associationForeignFieldNames, field.Name)
			}
		}

		// association value's foreign keys
		deletingPrimaryKeys := scope.getColumnAsArray(associationForeignFieldNames, values...)
		sql := fmt.Sprintf("%v IN (%v)", toQueryCondition(scope, relationship.AssociationForeignDBNames), toQueryMarks(deletingPrimaryKeys))
		newDB = newDB.Where(sql, toQueryValues(deletingPrimaryKeys)...)

		association.setErr(relationship.JoinTableHandler.Delete(relationship.JoinTableHandler, newDB))
	} else {
		var foreignKeyMap = map[string]interface{}{}
		for _, foreignKey := range relationship.ForeignDBNames {
			foreignKeyMap[foreignKey] = nil
		}

		if relationship.Kind == "belongs_to" {
			// find with deleting relation's foreign keys
			primaryKeys := scope.getColumnAsArray(relationship.AssociationForeignFieldNames, values...)
			newDB = newDB.Where(
				fmt.Sprintf("%v IN (%v)", toQueryCondition(scope, relationship.ForeignDBNames), toQueryMarks(primaryKeys)),
				toQueryValues(primaryKeys)...,
			)

			// set foreign key to be null if there are some records affected
			modelValue := reflect.New(scope.GetModelStruct().ModelType).Interface()
			if results := newDB.Model(modelValue).UpdateColumn(foreignKeyMap); results.Error == nil {
				if results.RowsAffected > 0 {
					scope.updatedAttrsWithValues(foreignKeyMap)
				}
			} else {
				association.setErr(results.Error)
			}
		} else if relationship.Kind == "has_one" || relationship.Kind == "has_many" {
			// find all relations
			primaryKeys := scope.getColumnAsArray(relationship.AssociationForeignFieldNames, scope.Value)
			newDB = newDB.Where(
				fmt.Sprintf("%v IN (%v)", toQueryCondition(scope, relationship.ForeignDBNames), toQueryMarks(primaryKeys)),
				toQueryValues(primaryKeys)...,
			)

			// only include those deleting relations
			newDB = newDB.Where(
				fmt.Sprintf("%v IN (%v)", toQueryCondition(scope, deletingResourcePrimaryDBNames), toQueryMarks(deletingPrimaryKeys)),
				toQueryValues(deletingPrimaryKeys)...,
			)

			// set matched relation's foreign key to be null
			fieldValue := reflect.New(association.field.Field.Type()).Interface()
			association.setErr(newDB.Model(fieldValue).UpdateColumn(foreignKeyMap).Error)
		}
	}

	// Remove deleted records from source's field
	if association.Error == nil {
		if field.Kind() == reflect.Slice {
			leftValues := reflect.Zero(field.Type())

			for i := 0; i < field.Len(); i++ {
				reflectValue := field.Index(i)
				primaryKey := scope.getColumnAsArray(deletingResourcePrimaryFieldNames, reflectValue.Interface())[0]
				var isDeleted = false
				for _, pk := range deletingPrimaryKeys {
					if equalAsString(primaryKey, pk) {
						isDeleted = true
						break
					}
				}
				if !isDeleted {
					leftValues = reflect.Append(leftValues, reflectValue)
				}
			}

			association.field.Set(leftValues)
		} else if field.Kind() == reflect.Struct {
			primaryKey := scope.getColumnAsArray(deletingResourcePrimaryFieldNames, field.Interface())[0]
			for _, pk := range deletingPrimaryKeys {
				if equalAsString(primaryKey, pk) {
					association.field.Set(reflect.Zero(field.Type()))
					break
				}
			}
		}
	}

	return association
} dependentFilePath:C:\Users\aksha\go\pkg\mod\github.com\jinzhu\gorm@v1.9.12\association.go importString:package github.com/jinzhu/gorm
}
2025/02/14 16:36:55 Split github.com/jinzhu/gorm.DB.Association into github.com/jinzhu/gorm and DB.Association:
2025/02/14 16:36:55 Found definition for github.com/jinzhu/gorm|DB.Association|func, cache results {definition:func (s *DB) Association(column string) *Association {
	var err error
	var scope = s.Set("gorm:association:source", s.Value).NewScope(s.Value)

	if primaryField := scope.PrimaryField(); primaryField.IsBlank {
		err = errors.New("primary key can't be nil")
	} else {
		if field, ok := scope.FieldByName(column); ok {
			if field.Relationship == nil || len(field.Relationship.ForeignFieldNames) == 0 {
				err = fmt.Errorf("invalid association %v for %v", column, scope.IndirectValue().Type())
			} else {
				return &Association{scope: scope, column: column, field: field}
			}
		} else {
			err = fmt.Errorf("%v doesn't have column %v", scope.IndirectValue().Type(), column)
		}
	}

	return &Association{Error: err}
} dependentFilePath:C:\Users\aksha\go\pkg\mod\github.com\jinzhu\gorm@v1.9.12\main.go importString:package github.com/jinzhu/gorm
}
2025/02/14 16:36:55 Split github.com/jinzhu/gorm.DB.Model into github.com/jinzhu/gorm and DB.Model:
2025/02/14 16:36:55 Found definition for github.com/jinzhu/gorm|DB.Model|func, cache results {definition:func (s *DB) Model(value interface{}) *DB {
	c := s.clone()
	c.Value = value
	return c
} dependentFilePath:C:\Users\aksha\go\pkg\mod\github.com\jinzhu\gorm@v1.9.12\main.go importString:package github.com/jinzhu/gorm
}
2025/02/14 16:36:55 Split github.com/raahii/golang-grpc-realworld-example/store.UserStore into github.com/raahii/golang-grpc-realworld-example/store and UserStore:
2025/02/14 16:36:55 Found definition for github.com/raahii/golang-grpc-realworld-example/store|UserStore|struct, cache results {definition:type UserStore struct {
	db *gorm.DB
} dependentFilePath:C:\var\tmp\Roost\RoostGPT\golang-1\ece53592-7de3-4391-a2fb-0d6935272614\source\golang-grpc-realworld-example\store\user.go importString:package github.com/raahii/golang-grpc-realworld-example/store
import (
	"github.com/jinzhu/gorm"
	"github.com/raahii/golang-grpc-realworld-example/model"
)
}
2025/02/14 16:36:55 Split github.com/jinzhu/gorm.SQLCommon into github.com/jinzhu/gorm and SQLCommon:
2025/02/14 16:36:55 Found definition for github.com/jinzhu/gorm|SQLCommon|struct, cache results {definition:type SQLCommon interface {
	Exec(query string, args ...interface{}) (sql.Result, error)
	Prepare(query string) (*sql.Stmt, error)
	Query(query string, args ...interface{}) (*sql.Rows, error)
	QueryRow(query string, args ...interface{}) *sql.Row
} dependentFilePath:C:\Users\aksha\go\pkg\mod\github.com\jinzhu\gorm@v1.9.12\interface.go importString:package github.com/jinzhu/gorm
}
2025/02/14 16:36:55 Split github.com/raahii/golang-grpc-realworld-example/model.User into github.com/raahii/golang-grpc-realworld-example/model and User:
2025/02/14 16:36:55 Found definition for github.com/raahii/golang-grpc-realworld-example/model|User|struct, cache results {definition:type User struct {
	gorm.Model
	Username         string    `gorm:"unique_index;not null"`
	Email            string    `gorm:"unique_index;not null"`
	Password         string    `gorm:"not null"`
	Bio              string    `gorm:"not null"`
	Image            string    `gorm:"not null"`
	Follows          []User    `gorm:"many2many:follows;jointable_foreignkey:from_user_id;association_jointable_foreignkey:to_user_id"`
	FavoriteArticles []Article `gorm:"many2many:favorite_articles;"`
} dependentFilePath:C:\var\tmp\Roost\RoostGPT\golang-1\ece53592-7de3-4391-a2fb-0d6935272614\source\golang-grpc-realworld-example\model\user.go importString:package github.com/raahii/golang-grpc-realworld-example/model
import (
	validation "github.com/go-ozzo/ozzo-validation"
	"github.com/go-ozzo/ozzo-validation/is"
	"github.com/jinzhu/gorm"
	pb "github.com/raahii/golang-grpc-realworld-example/proto"
	"golang.org/x/crypto/bcrypt"
)
}
2025/02/14 16:36:55 Split github.com/jinzhu/gorm.Model into github.com/jinzhu/gorm and Model:
2025/02/14 16:36:55 Found definition for github.com/jinzhu/gorm|Model|struct, cache results {definition:type Model struct {
	ID        uint `gorm:"primary_key"`
	CreatedAt time.Time
	UpdatedAt time.Time
	DeletedAt *time.Time `sql:"index"`
} dependentFilePath:C:\Users\aksha\go\pkg\mod\github.com\jinzhu\gorm@v1.9.12\model.go importString:package github.com/jinzhu/gorm
}
2025/02/14 16:36:55 Split github.com/jinzhu/gorm.Dialect into github.com/jinzhu/gorm and Dialect:
2025/02/14 16:36:55 Found definition for github.com/jinzhu/gorm|Dialect|struct, cache results {definition:type Dialect interface {
	// GetName get dialect's name
	GetName() string

	// SetDB set db for dialect
	SetDB(db SQLCommon)

	// BindVar return the placeholder for actual values in SQL statements, in many dbs it is "?", Postgres using $1
	BindVar(i int) string
	// Quote quotes field name to avoid SQL parsing exceptions by using a reserved word as a field name
	Quote(key string) string
	// DataTypeOf return data's sql type
	DataTypeOf(field *StructField) string

	// HasIndex check has index or not
	HasIndex(tableName string, indexName string) bool
	// HasForeignKey check has foreign key or not
	HasForeignKey(tableName string, foreignKeyName string) bool
	// RemoveIndex remove index
	RemoveIndex(tableName string, indexName string) error
	// HasTable check has table or not
	HasTable(tableName string) bool
	// HasColumn check has column or not
	HasColumn(tableName string, columnName string) bool
	// ModifyColumn modify column's type
	ModifyColumn(tableName string, columnName string, typ string) error

	// LimitAndOffsetSQL return generated SQL with Limit and Offset, as mssql has special case
	LimitAndOffsetSQL(limit, offset interface{}) (string, error)
	// SelectFromDummyTable return select values, for most dbs, `SELECT values` just works, mysql needs `SELECT value FROM DUAL`
	SelectFromDummyTable() string
	// LastInsertIDOutputInterstitial most dbs support LastInsertId, but mssql needs to use `OUTPUT`
	LastInsertIDOutputInterstitial(tableName, columnName string, columns []string) string
	// LastInsertIdReturningSuffix most dbs support LastInsertId, but postgres needs to use `RETURNING`
	LastInsertIDReturningSuffix(tableName, columnName string) string
	// DefaultValueStr
	DefaultValueStr() string

	// BuildKeyName returns a valid key name (foreign key, index key) for the given table, field and reference
	BuildKeyName(kind, tableName string, fields ...string) string

	// NormalizeIndexAndColumn returns valid index name and column name depending on each dialect
	NormalizeIndexAndColumn(indexName, columnName string) (string, string)

	// CurrentDatabase return current database name
	CurrentDatabase() string
} dependentFilePath:C:\Users\aksha\go\pkg\mod\github.com\jinzhu\gorm@v1.9.12\dialect.go importString:package github.com/jinzhu/gorm
}
2025/02/14 16:36:55 Split github.com/raahii/golang-grpc-realworld-example/model.Article into github.com/raahii/golang-grpc-realworld-example/model and Article:
2025/02/14 16:36:55 Found definition for github.com/raahii/golang-grpc-realworld-example/model|Article|struct, cache results {definition:type Article struct {
	gorm.Model
	Title          string `gorm:"not null"`
	Description    string `gorm:"not null"`
	Body           string `gorm:"not null"`
	Tags           []Tag  `gorm:"many2many:article_tags"`
	Author         User   `gorm:"foreignkey:UserID"`
	UserID         uint   `gorm:"not null"`
	FavoritesCount int32  `gorm:"not null;default=0"`
	FavoritedUsers []User `gorm:"many2many:favorite_articles"`
	Comments       []Comment
} dependentFilePath:C:\var\tmp\Roost\RoostGPT\golang-1\ece53592-7de3-4391-a2fb-0d6935272614\source\golang-grpc-realworld-example\model\article.go importString:package github.com/raahii/golang-grpc-realworld-example/model
import (
	validation "github.com/go-ozzo/ozzo-validation"
	"github.com/jinzhu/gorm"
	pb "github.com/raahii/golang-grpc-realworld-example/proto"
)
}
2025/02/14 16:36:55 Split github.com/raahii/golang-grpc-realworld-example/model.Tag into github.com/raahii/golang-grpc-realworld-example/model and Tag:
2025/02/14 16:36:55 Found definition for github.com/raahii/golang-grpc-realworld-example/model|Tag|struct, cache results {definition:type Tag struct {
	gorm.Model
	Name string `gorm:"not null"`
} dependentFilePath:C:\var\tmp\Roost\RoostGPT\golang-1\ece53592-7de3-4391-a2fb-0d6935272614\source\golang-grpc-realworld-example\model\article.go importString:package github.com/raahii/golang-grpc-realworld-example/model
import (
	validation "github.com/go-ozzo/ozzo-validation"
	"github.com/jinzhu/gorm"
	pb "github.com/raahii/golang-grpc-realworld-example/proto"
)
}
2025/02/14 16:36:55 Split github.com/jinzhu/gorm.DB into github.com/jinzhu/gorm and DB:
2025/02/14 16:36:55 Found definition for github.com/jinzhu/gorm|DB|struct, cache results {definition:type DB struct {
	sync.RWMutex
	Value        interface{}
	Error        error
	RowsAffected int64

	// single db
	db                SQLCommon
	blockGlobalUpdate bool
	logMode           logModeValue
	logger            logger
	search            *search
	values            sync.Map

	// global db
	parent        *DB
	callbacks     *Callback
	dialect       Dialect
	singularTable bool

	// function to be used to override the creating of a new timestamp
	nowFuncOverride func() time.Time
} dependentFilePath:C:\Users\aksha\go\pkg\mod\github.com\jinzhu\gorm@v1.9.12\main.go importString:package github.com/jinzhu/gorm
}
2025/02/14 16:36:55 Split github.com/jinzhu/gorm.logModeValue into github.com/jinzhu/gorm and logModeValue:
2025/02/14 16:36:55 Found definition for github.com/jinzhu/gorm|logModeValue|struct, cache results {definition:type logModeValue int

const (
	defaultLogMode logModeValue = iota
	noLogMode
	detailedLogMode
) dependentFilePath:C:\Users\aksha\go\pkg\mod\github.com\jinzhu\gorm@v1.9.12\main.go importString:package github.com/jinzhu/gorm
}
2025/02/14 16:36:55 Split github.com/jinzhu/gorm.logger into github.com/jinzhu/gorm and logger:
2025/02/14 16:36:55 Found definition for github.com/jinzhu/gorm|logger|struct, cache results {definition:type logger interface {
	Print(v ...interface{})
} dependentFilePath:C:\Users\aksha\go\pkg\mod\github.com\jinzhu\gorm@v1.9.12\logger.go importString:package github.com/jinzhu/gorm
}
2025/02/14 16:36:55 Split github.com/jinzhu/gorm.search into github.com/jinzhu/gorm and search:
2025/02/14 16:36:55 Found definition for github.com/jinzhu/gorm|search|struct, cache results {definition:type search struct {
	db               *DB
	whereConditions  []map[string]interface{}
	orConditions     []map[string]interface{}
	notConditions    []map[string]interface{}
	havingConditions []map[string]interface{}
	joinConditions   []map[string]interface{}
	initAttrs        []interface{}
	assignAttrs      []interface{}
	selects          map[string]interface{}
	omits            []string
	orders           []interface{}
	preload          []searchPreload
	offset           interface{}
	limit            interface{}
	group            string
	tableName        string
	raw              bool
	Unscoped         bool
	ignoreOrderQuery bool
} dependentFilePath:C:\Users\aksha\go\pkg\mod\github.com\jinzhu\gorm@v1.9.12\search.go importString:package github.com/jinzhu/gorm
}
2025/02/14 16:36:55 Split github.com/jinzhu/gorm.Callback into github.com/jinzhu/gorm and Callback:
2025/02/14 16:36:55 Found definition for github.com/jinzhu/gorm|Callback|struct, cache results {definition:type Callback struct {
	logger     logger
	creates    []*func(scope *Scope)
	updates    []*func(scope *Scope)
	deletes    []*func(scope *Scope)
	queries    []*func(scope *Scope)
	rowQueries []*func(scope *Scope)
	processors []*CallbackProcessor
} dependentFilePath:C:\Users\aksha\go\pkg\mod\github.com\jinzhu\gorm@v1.9.12\callback.go importString:package github.com/jinzhu/gorm
}
2025/02/14 16:36:55 Split github.com/raahii/golang-grpc-realworld-example/model.Comment into github.com/raahii/golang-grpc-realworld-example/model and Comment:
2025/02/14 16:36:55 Found definition for github.com/raahii/golang-grpc-realworld-example/model|Comment|struct, cache results {definition:type Comment struct {
	gorm.Model
	Body      string `gorm:"not null"`
	UserID    uint   `gorm:"not null"`
	Author    User   `gorm:"foreignkey:UserID"`
	ArticleID uint   `gorm:"not null"`
	Article   Article
} dependentFilePath:C:\var\tmp\Roost\RoostGPT\golang-1\ece53592-7de3-4391-a2fb-0d6935272614\source\golang-grpc-realworld-example\model\comment.go importString:package github.com/raahii/golang-grpc-realworld-example/model
import (
	validation "github.com/go-ozzo/ozzo-validation"
	"github.com/jinzhu/gorm"
	pb "github.com/raahii/golang-grpc-realworld-example/proto"
)
}
2025/02/14 16:36:55 Analyzing function: GetFollowingUserIDs in file: C:\var\tmp\Roost\RoostGPT\golang-1\ece53592-7de3-4391-a2fb-0d6935272614\source\golang-grpc-realworld-example\store\user.go
2025/02/14 16:36:55 Expr: &{Star:14976986 X:UserStore}: type of expression is &types.Pointer{base:(*types.Named)(0xc014479500)}; Resolved type: *github.com/raahii/golang-grpc-realworld-example/store.UserStore; Out: [github.com/raahii/golang-grpc-realworld-example/store.UserStore]
2025/02/14 16:36:55 Recording and checking type: github.com/raahii/golang-grpc-realworld-example/store.UserStore
2025/02/14 16:36:55 Processing struct: github.com/raahii/golang-grpc-realworld-example/store.UserStore with 1 fields
2025/02/14 16:36:55 Recording and checking type: github.com/jinzhu/gorm.DB
2025/02/14 16:36:55 Processing struct: github.com/jinzhu/gorm.DB with 15 fields
2025/02/14 16:36:55 Recording and checking type: github.com/jinzhu/gorm.SQLCommon
2025/02/14 16:36:55 Underlying type is not a struct for: github.com/jinzhu/gorm.SQLCommon
2025/02/14 16:36:55 Recording and checking type: github.com/jinzhu/gorm.logModeValue
2025/02/14 16:36:55 Underlying type is not a struct for: github.com/jinzhu/gorm.logModeValue
2025/02/14 16:36:55 Recording and checking type: github.com/jinzhu/gorm.logger
2025/02/14 16:36:55 Underlying type is not a struct for: github.com/jinzhu/gorm.logger
2025/02/14 16:36:55 Recording and checking type: github.com/jinzhu/gorm.search
2025/02/14 16:36:55 Processing struct: github.com/jinzhu/gorm.search with 19 fields
2025/02/14 16:36:55 Recording and checking type: github.com/jinzhu/gorm.Callback
2025/02/14 16:36:55 Processing struct: github.com/jinzhu/gorm.Callback with 7 fields
2025/02/14 16:36:55 Recording and checking type: github.com/jinzhu/gorm.Dialect
2025/02/14 16:36:55 Underlying type is not a struct for: github.com/jinzhu/gorm.Dialect
2025/02/14 16:36:55 Expr: &{Star:14977020 X:0xc01f022a98}: type of expression is &types.Pointer{base:(*types.Named)(0xc017970e00)}; Resolved type: *github.com/raahii/golang-grpc-realworld-example/model.User; Out: [github.com/raahii/golang-grpc-realworld-example/model.User]
2025/02/14 16:36:55 Collected field type: github.com/raahii/golang-grpc-realworld-example/model.User
2025/02/14 16:36:55 Recording and checking type: github.com/raahii/golang-grpc-realworld-example/model.User
2025/02/14 16:36:55 Processing struct: github.com/raahii/golang-grpc-realworld-example/model.User with 8 fields
2025/02/14 16:36:55 Recording and checking type: github.com/jinzhu/gorm.Model
2025/02/14 16:36:55 Processing struct: github.com/jinzhu/gorm.Model with 4 fields
2025/02/14 16:36:55 Recording and checking type: github.com/raahii/golang-grpc-realworld-example/model.Article
2025/02/14 16:36:55 Processing struct: github.com/raahii/golang-grpc-realworld-example/model.Article with 10 fields
2025/02/14 16:36:55 Recording and checking type: github.com/raahii/golang-grpc-realworld-example/model.Tag
2025/02/14 16:36:55 Processing struct: github.com/raahii/golang-grpc-realworld-example/model.Tag with 2 fields
2025/02/14 16:36:55 Recording and checking type: github.com/raahii/golang-grpc-realworld-example/model.Comment
2025/02/14 16:36:55 Processing struct: github.com/raahii/golang-grpc-realworld-example/model.Comment with 6 fields
2025/02/14 16:36:55 Resolved slice type: []uint
2025/02/14 16:36:55 Expr: error: type of expression is &types.Named{check:(*types.Checker)(nil), obj:(*types.TypeName)(0xc00006ca00), fromRHS:(*types.Interface)(0xc00006ca50), inst:(*types.instance)(nil), mu:sync.Mutex{state:0, sema:0x0}, state_:0x2, underlying:(*types.Interface)(0xc00006ca50), tparams:(*types.TypeParamList)(nil), methods:[]*types.Func(nil), loader:(func(*types.Named) ([]*types.TypeParam, types.Type, []*types.Func))(nil)}; Resolved type: error; Out: []
2025/02/14 16:36:55 Expr: &{Fun:0xc01f022b70 Lparen:14977153 Args:[] Ellipsis:0 Rparen:14977154}: type of expression is &types.Tuple{vars:[]*types.Var{(*types.Var)(0xc014e90240), (*types.Var)(0xc014e902a0)}}; Resolved type: (*database/sql.Rows, error); Out: []
2025/02/14 16:36:55 Expr: rows: type of expression is &types.Pointer{base:(*types.Named)(0xc00fbdc850)}; Resolved type: *database/sql.Rows; Out: []
2025/02/14 16:36:55 Expr: err: type of expression is &types.Named{check:(*types.Checker)(nil), obj:(*types.TypeName)(0xc00006ca00), fromRHS:(*types.Interface)(0xc00006ca50), inst:(*types.instance)(nil), mu:sync.Mutex{state:0, sema:0x0}, state_:0x2, underlying:(*types.Interface)(0xc00006ca50), tparams:(*types.TypeParamList)(nil), methods:[]*types.Func(nil), loader:(func(*types.Named) ([]*types.TypeParam, types.Type, []*types.Func))(nil)}; Resolved type: error; Out: []
2025/02/14 16:36:55 Expr: s: type of expression is &types.Pointer{base:(*types.Named)(0xc014479500)}; Resolved type: *github.com/raahii/golang-grpc-realworld-example/store.UserStore; Out: [github.com/raahii/golang-grpc-realworld-example/store.UserStore]
2025/02/14 16:36:55 Already collected type: github.com/raahii/golang-grpc-realworld-example/store.UserStore. Current structs: [github.com/raahii/golang-grpc-realworld-example/store.UserStore github.com/jinzhu/gorm.DB github.com/jinzhu/gorm.SQLCommon github.com/jinzhu/gorm.logModeValue github.com/jinzhu/gorm.logger github.com/jinzhu/gorm.search github.com/jinzhu/gorm.Callback github.com/jinzhu/gorm.Dialect github.com/raahii/golang-grpc-realworld-example/model.User github.com/jinzhu/gorm.Model github.com/raahii/golang-grpc-realworld-example/model.Article github.com/raahii/golang-grpc-realworld-example/model.Tag github.com/raahii/golang-grpc-realworld-example/model.Comment]
2025/02/14 16:36:55 Expr: db: type of expression is &types.Pointer{base:(*types.Named)(0xc0134725b0)}; Resolved type: *github.com/jinzhu/gorm.DB; Out: [github.com/jinzhu/gorm.DB]
2025/02/14 16:36:55 Already collected type: github.com/jinzhu/gorm.DB. Current structs: [github.com/raahii/golang-grpc-realworld-example/store.UserStore github.com/jinzhu/gorm.DB github.com/jinzhu/gorm.SQLCommon github.com/jinzhu/gorm.logModeValue github.com/jinzhu/gorm.logger github.com/jinzhu/gorm.search github.com/jinzhu/gorm.Callback github.com/jinzhu/gorm.Dialect github.com/raahii/golang-grpc-realworld-example/model.User github.com/jinzhu/gorm.Model github.com/raahii/golang-grpc-realworld-example/model.Article github.com/raahii/golang-grpc-realworld-example/model.Tag github.com/raahii/golang-grpc-realworld-example/model.Comment]
2025/02/14 16:36:55 Expr: Table: type of expression is &types.Signature{rparams:(*types.TypeParamList)(nil), tparams:(*types.TypeParamList)(nil), scope:(*types.Scope)(0xc014e964e0), recv:(*types.Var)(0xc014e965a0), params:(*types.Tuple)(0xc014b83de8), results:(*types.Tuple)(0xc014b83e00), variadic:false}; Resolved type: func(name string) *github.com/jinzhu/gorm.DB; Out: []
2025/02/14 16:36:55 Expr: Select: type of expression is &types.Signature{rparams:(*types.TypeParamList)(nil), tparams:(*types.TypeParamList)(nil), scope:(*types.Scope)(0xc014e83ec0), recv:(*types.Var)(0xc014e8c000), params:(*types.Tuple)(0xc014b837d0), results:(*types.Tuple)(0xc014b837e8), variadic:true}; Resolved type: func(query interface{}, args ...interface{}) *github.com/jinzhu/gorm.DB; Out: []
2025/02/14 16:36:55 Expr: Where: type of expression is &types.Signature{rparams:(*types.TypeParamList)(nil), tparams:(*types.TypeParamList)(nil), scope:(*types.Scope)(0xc014e83200), recv:(*types.Var)(0xc014e832c0), params:(*types.Tuple)(0xc014b836b0), results:(*types.Tuple)(0xc014b836c8), variadic:true}; Resolved type: func(query interface{}, args ...interface{}) *github.com/jinzhu/gorm.DB; Out: []
2025/02/14 16:36:55 Expr: m: type of expression is &types.Pointer{base:(*types.Named)(0xc017970e00)}; Resolved type: *github.com/raahii/golang-grpc-realworld-example/model.User; Out: [github.com/raahii/golang-grpc-realworld-example/model.User]
2025/02/14 16:36:55 Already collected type: github.com/raahii/golang-grpc-realworld-example/model.User. Current structs: [github.com/raahii/golang-grpc-realworld-example/store.UserStore github.com/jinzhu/gorm.DB github.com/jinzhu/gorm.SQLCommon github.com/jinzhu/gorm.logModeValue github.com/jinzhu/gorm.logger github.com/jinzhu/gorm.search github.com/jinzhu/gorm.Callback github.com/jinzhu/gorm.Dialect github.com/raahii/golang-grpc-realworld-example/model.User github.com/jinzhu/gorm.Model github.com/raahii/golang-grpc-realworld-example/model.Article github.com/raahii/golang-grpc-realworld-example/model.Tag github.com/raahii/golang-grpc-realworld-example/model.Comment]
2025/02/14 16:36:55 Expr: Rows: type of expression is &types.Signature{rparams:(*types.TypeParamList)(nil), tparams:(*types.TypeParamList)(nil), scope:(*types.Scope)(0xc014e90120), recv:(*types.Var)(0xc014e901e0), params:(*types.Tuple)(nil), results:(*types.Tuple)(0xc014b83ad0), variadic:false}; Resolved type: func() (*database/sql.Rows, error); Out: []
2025/02/14 16:36:55 Expr: err: type of expression is &types.Named{check:(*types.Checker)(nil), obj:(*types.TypeName)(0xc00006ca00), fromRHS:(*types.Interface)(0xc00006ca50), inst:(*types.instance)(nil), mu:sync.Mutex{state:0, sema:0x0}, state_:0x2, underlying:(*types.Interface)(0xc00006ca50), tparams:(*types.TypeParamList)(nil), methods:[]*types.Func(nil), loader:(func(*types.Named) ([]*types.TypeParam, types.Type, []*types.Func))(nil)}; Resolved type: error; Out: []
2025/02/14 16:36:55 Expr: err: type of expression is &types.Named{check:(*types.Checker)(nil), obj:(*types.TypeName)(0xc00006ca00), fromRHS:(*types.Interface)(0xc00006ca50), inst:(*types.instance)(nil), mu:sync.Mutex{state:0, sema:0x0}, state_:0x2, underlying:(*types.Interface)(0xc00006ca50), tparams:(*types.TypeParamList)(nil), methods:[]*types.Func(nil), loader:(func(*types.Named) ([]*types.TypeParam, types.Type, []*types.Func))(nil)}; Resolved type: error; Out: []
2025/02/14 16:36:55 Expr: rows: type of expression is &types.Pointer{base:(*types.Named)(0xc00fbdc850)}; Resolved type: *database/sql.Rows; Out: []
2025/02/14 16:36:55 Expr: Close: type of expression is &types.Signature{rparams:(*types.TypeParamList)(nil), tparams:(*types.TypeParamList)(nil), scope:(*types.Scope)(0xc0060e6300), recv:(*types.Var)(0xc0060e63c0), params:(*types.Tuple)(nil), results:(*types.Tuple)(0xc006ab7398), variadic:false}; Resolved type: func() error; Out: []
2025/02/14 16:36:55 Resolved slice type: []uint
2025/02/14 16:36:55 Expr: rows: type of expression is &types.Pointer{base:(*types.Named)(0xc00fbdc850)}; Resolved type: *database/sql.Rows; Out: []
2025/02/14 16:36:55 Expr: Next: type of expression is &types.Signature{rparams:(*types.TypeParamList)(nil), tparams:(*types.TypeParamList)(nil), scope:(*types.Scope)(0xc0060dc540), recv:(*types.Var)(0xc0060dc600), params:(*types.Tuple)(nil), results:(*types.Tuple)(0xc006ab71b8), variadic:false}; Resolved type: func() bool; Out: []
2025/02/14 16:36:55 Expr: &{Fun:0xc01f022bb8 Lparen:14977280 Args:[0xc01f027980] Ellipsis:0 Rparen:14977284}: type of expression is &types.Named{check:(*types.Checker)(nil), obj:(*types.TypeName)(0xc00006ca00), fromRHS:(*types.Interface)(0xc00006ca50), inst:(*types.instance)(nil), mu:sync.Mutex{state:0, sema:0x0}, state_:0x2, underlying:(*types.Interface)(0xc00006ca50), tparams:(*types.TypeParamList)(nil), methods:[]*types.Func(nil), loader:(func(*types.Named) ([]*types.TypeParam, types.Type, []*types.Func))(nil)}; Resolved type: error; Out: []
2025/02/14 16:36:55 Expr: rows: type of expression is &types.Pointer{base:(*types.Named)(0xc00fbdc850)}; Resolved type: *database/sql.Rows; Out: []
2025/02/14 16:36:55 Expr: Scan: type of expression is &types.Signature{rparams:(*types.TypeParamList)(nil), tparams:(*types.TypeParamList)(nil), scope:(*types.Scope)(0xc0060ddb60), recv:(*types.Var)(0xc0060ddc20), params:(*types.Tuple)(0xc006ab7308), results:(*types.Tuple)(0xc006ab7320), variadic:true}; Resolved type: func(dest ...any) error; Out: []
2025/02/14 16:36:55 Resolved slice type: []uint
2025/02/14 16:36:55 Resolved slice type: []uint
2025/02/14 16:36:55 Expr: append: type of expression is &types.Signature{rparams:(*types.TypeParamList)(nil), tparams:(*types.TypeParamList)(nil), scope:(*types.Scope)(nil), recv:(*types.Var)(nil), params:(*types.Tuple)(0xc01e36d140), results:(*types.Tuple)(0xc01e36d158), variadic:true}; Resolved type: func([]uint, ...uint) []uint; Out: []
2025/02/14 16:36:55 Resolved slice type: []uint
2025/02/14 16:36:55 Resolved slice type: []uint
2025/02/14 16:36:55 Receiver type: *github.com/jinzhu/gorm.DB
2025/02/14 16:36:55 Found selector function call: github.com/jinzhu/gorm.DB.Rows, current functions list: []
2025/02/14 16:36:55 Split github.com/jinzhu/gorm.DB.Rows into github.com/jinzhu/gorm and DB.Rows:
2025/02/14 16:36:55 Receiver type: *github.com/jinzhu/gorm.DB
2025/02/14 16:36:55 Found selector function call: github.com/jinzhu/gorm.DB.Where, current functions list: [github.com/jinzhu/gorm.DB.Rows]
2025/02/14 16:36:55 Split github.com/jinzhu/gorm.DB.Where into github.com/jinzhu/gorm and DB.Where:
2025/02/14 16:36:55 Receiver type: *github.com/jinzhu/gorm.DB
2025/02/14 16:36:55 Found selector function call: github.com/jinzhu/gorm.DB.Select, current functions list: [github.com/jinzhu/gorm.DB.Rows github.com/jinzhu/gorm.DB.Where]
2025/02/14 16:36:55 Split github.com/jinzhu/gorm.DB.Select into github.com/jinzhu/gorm and DB.Select:
2025/02/14 16:36:55 Receiver type: *github.com/jinzhu/gorm.DB
2025/02/14 16:36:55 Found selector function call: github.com/jinzhu/gorm.DB.Table, current functions list: [github.com/jinzhu/gorm.DB.Rows github.com/jinzhu/gorm.DB.Where github.com/jinzhu/gorm.DB.Select]
2025/02/14 16:36:55 Split github.com/jinzhu/gorm.DB.Table into github.com/jinzhu/gorm and DB.Table:
2025/02/14 16:36:55 Receiver type: *database/sql.Rows
2025/02/14 16:36:55 Receiver type: *database/sql.Rows
2025/02/14 16:36:55 Receiver type: *database/sql.Rows
2025/02/14 16:36:55 Split github.com/jinzhu/gorm.DB.Table into github.com/jinzhu/gorm and DB.Table:
2025/02/14 16:36:55 Found definition for github.com/jinzhu/gorm|DB.Table|func, cache results {definition:func (s *DB) Table(name string) *DB {
	clone := s.clone()
	clone.search.Table(name)
	clone.Value = nil
	return clone
} dependentFilePath:C:\Users\aksha\go\pkg\mod\github.com\jinzhu\gorm@v1.9.12\main.go importString:package github.com/jinzhu/gorm
}
2025/02/14 16:36:55 Split github.com/jinzhu/gorm.DB.Rows into github.com/jinzhu/gorm and DB.Rows:
2025/02/14 16:36:55 Found definition for github.com/jinzhu/gorm|DB.Rows|func, cache results {definition:func (s *DB) Rows() (*sql.Rows, error) {
	return s.NewScope(s.Value).rows()
} dependentFilePath:C:\Users\aksha\go\pkg\mod\github.com\jinzhu\gorm@v1.9.12\main.go importString:package github.com/jinzhu/gorm
}
2025/02/14 16:36:55 Split github.com/jinzhu/gorm.DB.Where into github.com/jinzhu/gorm and DB.Where:
2025/02/14 16:36:55 Found definition for github.com/jinzhu/gorm|DB.Where|func, cache results {definition:func (s *DB) Where(query interface{}, args ...interface{}) *DB {
	return s.clone().search.Where(query, args...).db
} dependentFilePath:C:\Users\aksha\go\pkg\mod\github.com\jinzhu\gorm@v1.9.12\main.go importString:package github.com/jinzhu/gorm
}
2025/02/14 16:36:55 Split github.com/jinzhu/gorm.DB.Select into github.com/jinzhu/gorm and DB.Select:
2025/02/14 16:36:55 Found definition for github.com/jinzhu/gorm|DB.Select|func, cache results {definition:func (s *DB) Select(query interface{}, args ...interface{}) *DB {
	return s.clone().search.Select(query, args...).db
} dependentFilePath:C:\Users\aksha\go\pkg\mod\github.com\jinzhu\gorm@v1.9.12\main.go importString:package github.com/jinzhu/gorm
}
2025/02/14 16:36:55 Split github.com/jinzhu/gorm.search into github.com/jinzhu/gorm and search:
2025/02/14 16:36:55 Found definition for github.com/jinzhu/gorm|search|struct, cache results {definition:type search struct {
	db               *DB
	whereConditions  []map[string]interface{}
	orConditions     []map[string]interface{}
	notConditions    []map[string]interface{}
	havingConditions []map[string]interface{}
	joinConditions   []map[string]interface{}
	initAttrs        []interface{}
	assignAttrs      []interface{}
	selects          map[string]interface{}
	omits            []string
	orders           []interface{}
	preload          []searchPreload
	offset           interface{}
	limit            interface{}
	group            string
	tableName        string
	raw              bool
	Unscoped         bool
	ignoreOrderQuery bool
} dependentFilePath:C:\Users\aksha\go\pkg\mod\github.com\jinzhu\gorm@v1.9.12\search.go importString:package github.com/jinzhu/gorm
}
2025/02/14 16:36:55 Split github.com/raahii/golang-grpc-realworld-example/model.User into github.com/raahii/golang-grpc-realworld-example/model and User:
2025/02/14 16:36:55 Found definition for github.com/raahii/golang-grpc-realworld-example/model|User|struct, cache results {definition:type User struct {
	gorm.Model
	Username         string    `gorm:"unique_index;not null"`
	Email            string    `gorm:"unique_index;not null"`
	Password         string    `gorm:"not null"`
	Bio              string    `gorm:"not null"`
	Image            string    `gorm:"not null"`
	Follows          []User    `gorm:"many2many:follows;jointable_foreignkey:from_user_id;association_jointable_foreignkey:to_user_id"`
	FavoriteArticles []Article `gorm:"many2many:favorite_articles;"`
} dependentFilePath:C:\var\tmp\Roost\RoostGPT\golang-1\ece53592-7de3-4391-a2fb-0d6935272614\source\golang-grpc-realworld-example\model\user.go importString:package github.com/raahii/golang-grpc-realworld-example/model
import (
	validation "github.com/go-ozzo/ozzo-validation"
	"github.com/go-ozzo/ozzo-validation/is"
	"github.com/jinzhu/gorm"
	pb "github.com/raahii/golang-grpc-realworld-example/proto"
	"golang.org/x/crypto/bcrypt"
)
}
2025/02/14 16:36:55 Split github.com/raahii/golang-grpc-realworld-example/model.Tag into github.com/raahii/golang-grpc-realworld-example/model and Tag:
2025/02/14 16:36:55 Found definition for github.com/raahii/golang-grpc-realworld-example/model|Tag|struct, cache results {definition:type Tag struct {
	gorm.Model
	Name string `gorm:"not null"`
} dependentFilePath:C:\var\tmp\Roost\RoostGPT\golang-1\ece53592-7de3-4391-a2fb-0d6935272614\source\golang-grpc-realworld-example\model\article.go importString:package github.com/raahii/golang-grpc-realworld-example/model
import (
	validation "github.com/go-ozzo/ozzo-validation"
	"github.com/jinzhu/gorm"
	pb "github.com/raahii/golang-grpc-realworld-example/proto"
)
}
2025/02/14 16:36:55 Split github.com/raahii/golang-grpc-realworld-example/model.Comment into github.com/raahii/golang-grpc-realworld-example/model and Comment:
2025/02/14 16:36:55 Found definition for github.com/raahii/golang-grpc-realworld-example/model|Comment|struct, cache results {definition:type Comment struct {
	gorm.Model
	Body      string `gorm:"not null"`
	UserID    uint   `gorm:"not null"`
	Author    User   `gorm:"foreignkey:UserID"`
	ArticleID uint   `gorm:"not null"`
	Article   Article
} dependentFilePath:C:\var\tmp\Roost\RoostGPT\golang-1\ece53592-7de3-4391-a2fb-0d6935272614\source\golang-grpc-realworld-example\model\comment.go importString:package github.com/raahii/golang-grpc-realworld-example/model
import (
	validation "github.com/go-ozzo/ozzo-validation"
	"github.com/jinzhu/gorm"
	pb "github.com/raahii/golang-grpc-realworld-example/proto"
)
}
2025/02/14 16:36:55 Split github.com/jinzhu/gorm.logModeValue into github.com/jinzhu/gorm and logModeValue:
2025/02/14 16:36:55 Found definition for github.com/jinzhu/gorm|logModeValue|struct, cache results {definition:type logModeValue int

const (
	defaultLogMode logModeValue = iota
	noLogMode
	detailedLogMode
) dependentFilePath:C:\Users\aksha\go\pkg\mod\github.com\jinzhu\gorm@v1.9.12\main.go importString:package github.com/jinzhu/gorm
}
2025/02/14 16:36:55 Split github.com/jinzhu/gorm.logger into github.com/jinzhu/gorm and logger:
2025/02/14 16:36:55 Found definition for github.com/jinzhu/gorm|logger|struct, cache results {definition:type logger interface {
	Print(v ...interface{})
} dependentFilePath:C:\Users\aksha\go\pkg\mod\github.com\jinzhu\gorm@v1.9.12\logger.go importString:package github.com/jinzhu/gorm
}
2025/02/14 16:36:55 Split github.com/jinzhu/gorm.SQLCommon into github.com/jinzhu/gorm and SQLCommon:
2025/02/14 16:36:55 Found definition for github.com/jinzhu/gorm|SQLCommon|struct, cache results {definition:type SQLCommon interface {
	Exec(query string, args ...interface{}) (sql.Result, error)
	Prepare(query string) (*sql.Stmt, error)
	Query(query string, args ...interface{}) (*sql.Rows, error)
	QueryRow(query string, args ...interface{}) *sql.Row
} dependentFilePath:C:\Users\aksha\go\pkg\mod\github.com\jinzhu\gorm@v1.9.12\interface.go importString:package github.com/jinzhu/gorm
}
2025/02/14 16:36:55 Split github.com/jinzhu/gorm.Callback into github.com/jinzhu/gorm and Callback:
2025/02/14 16:36:55 Found definition for github.com/jinzhu/gorm|Callback|struct, cache results {definition:type Callback struct {
	logger     logger
	creates    []*func(scope *Scope)
	updates    []*func(scope *Scope)
	deletes    []*func(scope *Scope)
	queries    []*func(scope *Scope)
	rowQueries []*func(scope *Scope)
	processors []*CallbackProcessor
} dependentFilePath:C:\Users\aksha\go\pkg\mod\github.com\jinzhu\gorm@v1.9.12\callback.go importString:package github.com/jinzhu/gorm
}
2025/02/14 16:36:55 Split github.com/jinzhu/gorm.Dialect into github.com/jinzhu/gorm and Dialect:
2025/02/14 16:36:55 Found definition for github.com/jinzhu/gorm|Dialect|struct, cache results {definition:type Dialect interface {
	// GetName get dialect's name
	GetName() string

	// SetDB set db for dialect
	SetDB(db SQLCommon)

	// BindVar return the placeholder for actual values in SQL statements, in many dbs it is "?", Postgres using $1
	BindVar(i int) string
	// Quote quotes field name to avoid SQL parsing exceptions by using a reserved word as a field name
	Quote(key string) string
	// DataTypeOf return data's sql type
	DataTypeOf(field *StructField) string

	// HasIndex check has index or not
	HasIndex(tableName string, indexName string) bool
	// HasForeignKey check has foreign key or not
	HasForeignKey(tableName string, foreignKeyName string) bool
	// RemoveIndex remove index
	RemoveIndex(tableName string, indexName string) error
	// HasTable check has table or not
	HasTable(tableName string) bool
	// HasColumn check has column or not
	HasColumn(tableName string, columnName string) bool
	// ModifyColumn modify column's type
	ModifyColumn(tableName string, columnName string, typ string) error

	// LimitAndOffsetSQL return generated SQL with Limit and Offset, as mssql has special case
	LimitAndOffsetSQL(limit, offset interface{}) (string, error)
	// SelectFromDummyTable return select values, for most dbs, `SELECT values` just works, mysql needs `SELECT value FROM DUAL`
	SelectFromDummyTable() string
	// LastInsertIDOutputInterstitial most dbs support LastInsertId, but mssql needs to use `OUTPUT`
	LastInsertIDOutputInterstitial(tableName, columnName string, columns []string) string
	// LastInsertIdReturningSuffix most dbs support LastInsertId, but postgres needs to use `RETURNING`
	LastInsertIDReturningSuffix(tableName, columnName string) string
	// DefaultValueStr
	DefaultValueStr() string

	// BuildKeyName returns a valid key name (foreign key, index key) for the given table, field and reference
	BuildKeyName(kind, tableName string, fields ...string) string

	// NormalizeIndexAndColumn returns valid index name and column name depending on each dialect
	NormalizeIndexAndColumn(indexName, columnName string) (string, string)

	// CurrentDatabase return current database name
	CurrentDatabase() string
} dependentFilePath:C:\Users\aksha\go\pkg\mod\github.com\jinzhu\gorm@v1.9.12\dialect.go importString:package github.com/jinzhu/gorm
}
2025/02/14 16:36:55 Split github.com/jinzhu/gorm.Model into github.com/jinzhu/gorm and Model:
2025/02/14 16:36:55 Found definition for github.com/jinzhu/gorm|Model|struct, cache results {definition:type Model struct {
	ID        uint `gorm:"primary_key"`
	CreatedAt time.Time
	UpdatedAt time.Time
	DeletedAt *time.Time `sql:"index"`
} dependentFilePath:C:\Users\aksha\go\pkg\mod\github.com\jinzhu\gorm@v1.9.12\model.go importString:package github.com/jinzhu/gorm
}
2025/02/14 16:36:55 Split github.com/raahii/golang-grpc-realworld-example/model.Article into github.com/raahii/golang-grpc-realworld-example/model and Article:
2025/02/14 16:36:55 Found definition for github.com/raahii/golang-grpc-realworld-example/model|Article|struct, cache results {definition:type Article struct {
	gorm.Model
	Title          string `gorm:"not null"`
	Description    string `gorm:"not null"`
	Body           string `gorm:"not null"`
	Tags           []Tag  `gorm:"many2many:article_tags"`
	Author         User   `gorm:"foreignkey:UserID"`
	UserID         uint   `gorm:"not null"`
	FavoritesCount int32  `gorm:"not null;default=0"`
	FavoritedUsers []User `gorm:"many2many:favorite_articles"`
	Comments       []Comment
} dependentFilePath:C:\var\tmp\Roost\RoostGPT\golang-1\ece53592-7de3-4391-a2fb-0d6935272614\source\golang-grpc-realworld-example\model\article.go importString:package github.com/raahii/golang-grpc-realworld-example/model
import (
	validation "github.com/go-ozzo/ozzo-validation"
	"github.com/jinzhu/gorm"
	pb "github.com/raahii/golang-grpc-realworld-example/proto"
)
}
2025/02/14 16:36:55 Split github.com/raahii/golang-grpc-realworld-example/store.UserStore into github.com/raahii/golang-grpc-realworld-example/store and UserStore:
2025/02/14 16:36:55 Found definition for github.com/raahii/golang-grpc-realworld-example/store|UserStore|struct, cache results {definition:type UserStore struct {
	db *gorm.DB
} dependentFilePath:C:\var\tmp\Roost\RoostGPT\golang-1\ece53592-7de3-4391-a2fb-0d6935272614\source\golang-grpc-realworld-example\store\user.go importString:package github.com/raahii/golang-grpc-realworld-example/store
import (
	"github.com/jinzhu/gorm"
	"github.com/raahii/golang-grpc-realworld-example/model"
)
}
2025/02/14 16:36:55 Split github.com/jinzhu/gorm.DB into github.com/jinzhu/gorm and DB:
2025/02/14 16:36:55 Found definition for github.com/jinzhu/gorm|DB|struct, cache results {definition:type DB struct {
	sync.RWMutex
	Value        interface{}
	Error        error
	RowsAffected int64

	// single db
	db                SQLCommon
	blockGlobalUpdate bool
	logMode           logModeValue
	logger            logger
	search            *search
	values            sync.Map

	// global db
	parent        *DB
	callbacks     *Callback
	dialect       Dialect
	singularTable bool

	// function to be used to override the creating of a new timestamp
	nowFuncOverride func() time.Time
} dependentFilePath:C:\Users\aksha\go\pkg\mod\github.com\jinzhu\gorm@v1.9.12\main.go importString:package github.com/jinzhu/gorm
}
2025/02/14 16:36:55 Skip file as it is already done: C:\var\tmp\Roost\RoostGPT\golang-1\ece53592-7de3-4391-a2fb-0d6935272614\source\golang-grpc-realworld-example\store\article.go
2025/02/14 16:36:55 Skip file as it is already done: C:\var\tmp\Roost\RoostGPT\golang-1\ece53592-7de3-4391-a2fb-0d6935272614\source\golang-grpc-realworld-example\store\user.go
2025/02/14 16:36:55 Depth is 0 for filepath C:\var\tmp\Roost\RoostGPT\golang-1\ece53592-7de3-4391-a2fb-0d6935272614\source\golang-grpc-realworld-example\store\article_test.go
2025/02/14 16:36:55 Split github.com/raahii/golang-grpc-realworld-example/store.testQuery into github.com/raahii/golang-grpc-realworld-example/store and testQuery:
2025/02/14 16:36:55 name is testQuery with search type struct 
2025/02/14 16:36:55 Entering: loadAndHandlePackage for github.com/raahii/golang-grpc-realworld-example/store
2025/02/14 16:37:04 Exiting: loadAndHandlePackage for github.com/raahii/golang-grpc-realworld-example/store
2025/02/14 16:37:04 Stored for github.com/raahii/golang-grpc-realworld-example/store|testQuery|struct, cache results {definition: dependentFilePath: importString:}
2025/02/14 16:37:04 Split github.com/raahii/golang-grpc-realworld-example/store.testdata into github.com/raahii/golang-grpc-realworld-example/store and testdata:
2025/02/14 16:37:04 name is testdata with search type struct 
2025/02/14 16:37:04 Entering: loadAndHandlePackage for github.com/raahii/golang-grpc-realworld-example/store
2025/02/14 16:37:06 Exiting: loadAndHandlePackage for github.com/raahii/golang-grpc-realworld-example/store
2025/02/14 16:37:06 Stored for github.com/raahii/golang-grpc-realworld-example/store|testdata|struct, cache results {definition: dependentFilePath: importString:}
2025/02/14 16:37:06 Split github.com/raahii/golang-grpc-realworld-example/store.ArticleStore into github.com/raahii/golang-grpc-realworld-example/store and ArticleStore:
2025/02/14 16:37:06 Found definition for github.com/raahii/golang-grpc-realworld-example/store|ArticleStore|struct, cache results {definition:type ArticleStore struct {
	db *gorm.DB
} dependentFilePath:C:\var\tmp\Roost\RoostGPT\golang-1\ece53592-7de3-4391-a2fb-0d6935272614\source\golang-grpc-realworld-example\store\article.go importString:package github.com/raahii/golang-grpc-realworld-example/store
import (
	"github.com/jinzhu/gorm"
	"github.com/raahii/golang-grpc-realworld-example/model"
)
}
2025/02/14 16:37:06 Split github.com/raahii/golang-grpc-realworld-example/store.UserStore into github.com/raahii/golang-grpc-realworld-example/store and UserStore:
2025/02/14 16:37:06 Found definition for github.com/raahii/golang-grpc-realworld-example/store|UserStore|struct, cache results {definition:type UserStore struct {
	db *gorm.DB
} dependentFilePath:C:\var\tmp\Roost\RoostGPT\golang-1\ece53592-7de3-4391-a2fb-0d6935272614\source\golang-grpc-realworld-example\store\user.go importString:package github.com/raahii/golang-grpc-realworld-example/store
import (
	"github.com/jinzhu/gorm"
	"github.com/raahii/golang-grpc-realworld-example/model"
)
}
2025/02/14 16:37:06 Analyzing function: TestArticleStoreAddFavorite in file: C:\var\tmp\Roost\RoostGPT\golang-1\ece53592-7de3-4391-a2fb-0d6935272614\source\golang-grpc-realworld-example\store\article_test.go
2025/02/14 16:37:06 Expr: &{Star:14967683 X:0xc01e4d31e8}: type of expression is &types.Pointer{base:(*types.Named)(0xc00cc5d500)}; Resolved type: *testing.T; Out: []
2025/02/14 16:37:06 Expr: &{Fun:0xc01e4d3230 Lparen:14967726 Args:[] Ellipsis:0 Rparen:14967727}: type of expression is &types.Tuple{vars:[]*types.Var{(*types.Var)(0xc00c703a40), (*types.Var)(0xc00c703aa0), (*types.Var)(0xc00c703b00)}}; Resolved type: (*database/sql.DB, github.com/DATA-DOG/go-sqlmock.Sqlmock, error); Out: [github.com/DATA-DOG/go-sqlmock.Sqlmock]
2025/02/14 16:37:06 Recording and checking type: github.com/DATA-DOG/go-sqlmock.Sqlmock
2025/02/14 16:37:06 Entering: loadAndHandlePackage for github.com/DATA-DOG/go-sqlmock
2025/02/14 16:37:08 Exiting: loadAndHandlePackage for github.com/DATA-DOG/go-sqlmock
2025/02/14 16:37:08 Underlying type is not a struct for: github.com/DATA-DOG/go-sqlmock.Sqlmock
2025/02/14 16:37:08 Expr: db: type of expression is &types.Pointer{base:(*types.Named)(0xc008cade30)}; Resolved type: *database/sql.DB; Out: []
2025/02/14 16:37:08 Expr: mock: type of expression is &types.Named{check:(*types.Checker)(nil), obj:(*types.TypeName)(0xc00bfc2c80), fromRHS:(*types.Interface)(0xc00bfc2e60), inst:(*types.instance)(nil), mu:sync.Mutex{state:0, sema:0x0}, state_:0x2, underlying:(*types.Interface)(0xc00bfc2e60), tparams:(*types.TypeParamList)(nil), methods:[]*types.Func(nil), loader:(func(*types.Named) ([]*types.TypeParam, types.Type, []*types.Func))(nil)}; Resolved type: github.com/DATA-DOG/go-sqlmock.Sqlmock; Out: [github.com/DATA-DOG/go-sqlmock.Sqlmock]
2025/02/14 16:37:08 Already collected type: github.com/DATA-DOG/go-sqlmock.Sqlmock. Current structs: [github.com/DATA-DOG/go-sqlmock.Sqlmock]
2025/02/14 16:37:08 Expr: err: type of expression is &types.Named{check:(*types.Checker)(nil), obj:(*types.TypeName)(0xc00006ca00), fromRHS:(*types.Interface)(0xc00006ca50), inst:(*types.instance)(nil), mu:sync.Mutex{state:0, sema:0x0}, state_:0x2, underlying:(*types.Interface)(0xc00006ca50), tparams:(*types.TypeParamList)(nil), methods:[]*types.Func(nil), loader:(func(*types.Named) ([]*types.TypeParam, types.Type, []*types.Func))(nil)}; Resolved type: error; Out: []
2025/02/14 16:37:08 Expr: New: type of expression is &types.Signature{rparams:(*types.TypeParamList)(nil), tparams:(*types.TypeParamList)(nil), scope:(*types.Scope)(0xc00c7037a0), recv:(*types.Var)(nil), params:(*types.Tuple)(0xc00bfaeed0), results:(*types.Tuple)(0xc00bfaeee8), variadic:true}; Resolved type: func(options ...func(*github.com/DATA-DOG/go-sqlmock.sqlmock) error) (*database/sql.DB, github.com/DATA-DOG/go-sqlmock.Sqlmock, error); Out: []
2025/02/14 16:37:08 Expr: err: type of expression is &types.Named{check:(*types.Checker)(nil), obj:(*types.TypeName)(0xc00006ca00), fromRHS:(*types.Interface)(0xc00006ca50), inst:(*types.instance)(nil), mu:sync.Mutex{state:0, sema:0x0}, state_:0x2, underlying:(*types.Interface)(0xc00006ca50), tparams:(*types.TypeParamList)(nil), methods:[]*types.Func(nil), loader:(func(*types.Named) ([]*types.TypeParam, types.Type, []*types.Func))(nil)}; Resolved type: error; Out: []
2025/02/14 16:37:08 Expr: &{Fun:0xc01e4d3248 Lparen:14967756 Args:[0xc01e68aba0 err] Ellipsis:0 Rparen:14967824}: type of expression is (*types.Tuple)(nil); Resolved type: (); Out: []
2025/02/14 16:37:08 Expr: t: type of expression is &types.Pointer{base:(*types.Named)(0xc00cc5d500)}; Resolved type: *testing.T; Out: []
2025/02/14 16:37:08 Expr: Fatalf: type of expression is &types.Signature{rparams:(*types.TypeParamList)(nil), tparams:(*types.TypeParamList)(nil), scope:(*types.Scope)(0xc00fd05260), recv:(*types.Var)(0xc00fd05320), params:(*types.Tuple)(0xc00f9b1188), results:(*types.Tuple)(nil), variadic:true}; Resolved type: func(format string, args ...any); Out: []
2025/02/14 16:37:08 Expr: err: type of expression is &types.Named{check:(*types.Checker)(nil), obj:(*types.TypeName)(0xc00006ca00), fromRHS:(*types.Interface)(0xc00006ca50), inst:(*types.instance)(nil), mu:sync.Mutex{state:0, sema:0x0}, state_:0x2, underlying:(*types.Interface)(0xc00006ca50), tparams:(*types.TypeParamList)(nil), methods:[]*types.Func(nil), loader:(func(*types.Named) ([]*types.TypeParam, types.Type, []*types.Func))(nil)}; Resolved type: error; Out: []
2025/02/14 16:37:08 Expr: &{Fun:0xc01e4d3260 Lparen:14967855 Args:[0xc01e68acc0 db] Ellipsis:0 Rparen:14967870}: type of expression is &types.Tuple{vars:[]*types.Var{(*types.Var)(0xc014bfb620), (*types.Var)(0xc014bfb680)}}; Resolved type: (db *github.com/jinzhu/gorm.DB, err error); Out: [db github.com/jinzhu/gorm.DB]
2025/02/14 16:37:08 Recording and checking type: github.com/jinzhu/gorm.DB
2025/02/14 16:37:08 Processing struct: github.com/jinzhu/gorm.DB with 15 fields
2025/02/14 16:37:08 Expr: gormDB: type of expression is &types.Pointer{base:(*types.Named)(0xc0134725b0)}; Resolved type: *github.com/jinzhu/gorm.DB; Out: [github.com/jinzhu/gorm.DB]
2025/02/14 16:37:08 Already collected type: github.com/jinzhu/gorm.DB. Current structs: [github.com/DATA-DOG/go-sqlmock.Sqlmock github.com/jinzhu/gorm.DB]
2025/02/14 16:37:08 Expr: err: type of expression is &types.Named{check:(*types.Checker)(nil), obj:(*types.TypeName)(0xc00006ca00), fromRHS:(*types.Interface)(0xc00006ca50), inst:(*types.instance)(nil), mu:sync.Mutex{state:0, sema:0x0}, state_:0x2, underlying:(*types.Interface)(0xc00006ca50), tparams:(*types.TypeParamList)(nil), methods:[]*types.Func(nil), loader:(func(*types.Named) ([]*types.TypeParam, types.Type, []*types.Func))(nil)}; Resolved type: error; Out: []
2025/02/14 16:37:08 Expr: Open: type of expression is &types.Signature{rparams:(*types.TypeParamList)(nil), tparams:(*types.TypeParamList)(nil), scope:(*types.Scope)(0xc014bfb4a0), recv:(*types.Var)(nil), params:(*types.Tuple)(0xc014b83488), results:(*types.Tuple)(0xc014b834a0), variadic:true}; Resolved type: func(dialect string, args ...interface{}) (db *github.com/jinzhu/gorm.DB, err error); Out: []
2025/02/14 16:37:08 Expr: db: type of expression is &types.Pointer{base:(*types.Named)(0xc008cade30)}; Resolved type: *database/sql.DB; Out: []
2025/02/14 16:37:08 Expr: err: type of expression is &types.Named{check:(*types.Checker)(nil), obj:(*types.TypeName)(0xc00006ca00), fromRHS:(*types.Interface)(0xc00006ca50), inst:(*types.instance)(nil), mu:sync.Mutex{state:0, sema:0x0}, state_:0x2, underlying:(*types.Interface)(0xc00006ca50), tparams:(*types.TypeParamList)(nil), methods:[]*types.Func(nil), loader:(func(*types.Named) ([]*types.TypeParam, types.Type, []*types.Func))(nil)}; Resolved type: error; Out: []
2025/02/14 16:37:08 Expr: &{Fun:0xc01e4d3278 Lparen:14967899 Args:[0xc01e68ada0 err] Ellipsis:0 Rparen:14967954}: type of expression is (*types.Tuple)(nil); Resolved type: (); Out: []
2025/02/14 16:37:08 Expr: t: type of expression is &types.Pointer{base:(*types.Named)(0xc00cc5d500)}; Resolved type: *testing.T; Out: []
2025/02/14 16:37:08 Expr: Fatalf: type of expression is &types.Signature{rparams:(*types.TypeParamList)(nil), tparams:(*types.TypeParamList)(nil), scope:(*types.Scope)(0xc00fd05260), recv:(*types.Var)(0xc00fd05320), params:(*types.Tuple)(0xc00f9b1188), results:(*types.Tuple)(nil), variadic:true}; Resolved type: func(format string, args ...any); Out: []
2025/02/14 16:37:08 Expr: err: type of expression is &types.Named{check:(*types.Checker)(nil), obj:(*types.TypeName)(0xc00006ca00), fromRHS:(*types.Interface)(0xc00006ca50), inst:(*types.instance)(nil), mu:sync.Mutex{state:0, sema:0x0}, state_:0x2, underlying:(*types.Interface)(0xc00006ca50), tparams:(*types.TypeParamList)(nil), methods:[]*types.Func(nil), loader:(func(*types.Named) ([]*types.TypeParam, types.Type, []*types.Func))(nil)}; Resolved type: error; Out: []
2025/02/14 16:37:08 Expr: &{OpPos:14967970 Op:& X:0xc01e6b9b80}: type of expression is &types.Pointer{base:(*types.Named)(0xc015990ee0)}; Resolved type: *github.com/raahii/golang-grpc-realworld-example/store.ArticleStore; Out: [github.com/raahii/golang-grpc-realworld-example/store.ArticleStore]
2025/02/14 16:37:08 Recording and checking type: github.com/raahii/golang-grpc-realworld-example/store.ArticleStore
2025/02/14 16:37:08 Processing struct: github.com/raahii/golang-grpc-realworld-example/store.ArticleStore with 1 fields
2025/02/14 16:37:08 Expr: store: type of expression is &types.Pointer{base:(*types.Named)(0xc015990ee0)}; Resolved type: *github.com/raahii/golang-grpc-realworld-example/store.ArticleStore; Out: [github.com/raahii/golang-grpc-realworld-example/store.ArticleStore]
2025/02/14 16:37:08 Already collected type: github.com/raahii/golang-grpc-realworld-example/store.ArticleStore. Current structs: [github.com/DATA-DOG/go-sqlmock.Sqlmock github.com/jinzhu/gorm.DB github.com/raahii/golang-grpc-realworld-example/store.ArticleStore]
2025/02/14 16:37:08 Expr: ArticleStore: type of expression is &types.Named{check:(*types.Checker)(nil), obj:(*types.TypeName)(0xc01667da40), fromRHS:(*types.Struct)(0xc01e6907b0), inst:(*types.instance)(nil), mu:sync.Mutex{state:0, sema:0x0}, state_:0x2, underlying:(*types.Struct)(0xc01e6907b0), tparams:(*types.TypeParamList)(nil), methods:[]*types.Func{(*types.Func)(0xc01664df20), (*types.Func)(0xc01e692060), (*types.Func)(0xc01e692120), (*types.Func)(0xc01e692240), (*types.Func)(0xc01e692300), (*types.Func)(0xc01e6923c0), (*types.Func)(0xc01e692480), (*types.Func)(0xc01e692540), (*types.Func)(0xc01e692600), (*types.Func)(0xc01e6926c0), (*types.Func)(0xc01e692780), (*types.Func)(0xc01e692840), (*types.Func)(0xc01e692900), (*types.Func)(0xc01e6929c0)}, loader:(func(*types.Named) ([]*types.TypeParam, types.Type, []*types.Func))(nil)}; Resolved type: github.com/raahii/golang-grpc-realworld-example/store.ArticleStore; Out: [github.com/raahii/golang-grpc-realworld-example/store.ArticleStore]
2025/02/14 16:37:08 Already collected type: github.com/raahii/golang-grpc-realworld-example/store.ArticleStore. Current structs: [github.com/DATA-DOG/go-sqlmock.Sqlmock github.com/jinzhu/gorm.DB github.com/raahii/golang-grpc-realworld-example/store.ArticleStore]
2025/02/14 16:37:08 Expr: ArticleStore: type of expression is &types.Named{check:(*types.Checker)(nil), obj:(*types.TypeName)(0xc01667da40), fromRHS:(*types.Struct)(0xc01e6907b0), inst:(*types.instance)(nil), mu:sync.Mutex{state:0, sema:0x0}, state_:0x2, underlying:(*types.Struct)(0xc01e6907b0), tparams:(*types.TypeParamList)(nil), methods:[]*types.Func{(*types.Func)(0xc01664df20), (*types.Func)(0xc01e692060), (*types.Func)(0xc01e692120), (*types.Func)(0xc01e692240), (*types.Func)(0xc01e692300), (*types.Func)(0xc01e6923c0), (*types.Func)(0xc01e692480), (*types.Func)(0xc01e692540), (*types.Func)(0xc01e692600), (*types.Func)(0xc01e6926c0), (*types.Func)(0xc01e692780), (*types.Func)(0xc01e692840), (*types.Func)(0xc01e692900), (*types.Func)(0xc01e6929c0)}, loader:(func(*types.Named) ([]*types.TypeParam, types.Type, []*types.Func))(nil)}; Resolved type: github.com/raahii/golang-grpc-realworld-example/store.ArticleStore; Out: [github.com/raahii/golang-grpc-realworld-example/store.ArticleStore]
2025/02/14 16:37:08 Already collected type: github.com/raahii/golang-grpc-realworld-example/store.ArticleStore. Current structs: [github.com/DATA-DOG/go-sqlmock.Sqlmock github.com/jinzhu/gorm.DB github.com/raahii/golang-grpc-realworld-example/store.ArticleStore]
2025/02/14 16:37:08 Expr: db: type of expression is &types.Pointer{base:(*types.Named)(0xc0134725b0)}; Resolved type: *github.com/jinzhu/gorm.DB; Out: [github.com/jinzhu/gorm.DB]
2025/02/14 16:37:08 Already collected type: github.com/jinzhu/gorm.DB. Current structs: [github.com/DATA-DOG/go-sqlmock.Sqlmock github.com/jinzhu/gorm.DB github.com/raahii/golang-grpc-realworld-example/store.ArticleStore]
2025/02/14 16:37:08 Expr: gormDB: type of expression is &types.Pointer{base:(*types.Named)(0xc0134725b0)}; Resolved type: *github.com/jinzhu/gorm.DB; Out: [github.com/jinzhu/gorm.DB]
2025/02/14 16:37:08 Already collected type: github.com/jinzhu/gorm.DB. Current structs: [github.com/DATA-DOG/go-sqlmock.Sqlmock github.com/jinzhu/gorm.DB github.com/raahii/golang-grpc-realworld-example/store.ArticleStore]
2025/02/14 16:37:08 Expr: testdata: type of expression is &types.Named{check:(*types.Checker)(nil), obj:(*types.TypeName)(0xc01e54caf0), fromRHS:(*types.Struct)(0xc01f018000), inst:(*types.instance)(nil), mu:sync.Mutex{state:0, sema:0x0}, state_:0x2, underlying:(*types.Struct)(0xc01f018000), tparams:(*types.TypeParamList)(nil), methods:[]*types.Func(nil), loader:(func(*types.Named) ([]*types.TypeParam, types.Type, []*types.Func))(nil)}; Resolved type: github.com/raahii/golang-grpc-realworld-example/store.testdata; Out: [github.com/raahii/golang-grpc-realworld-example/store.testdata]
2025/02/14 16:37:08 Recording and checking type: github.com/raahii/golang-grpc-realworld-example/store.testdata
2025/02/14 16:37:08 Type not found in package scope: github.com/raahii/golang-grpc-realworld-example/store.testdata
2025/02/14 16:37:08 Expr: Article: type of expression is &types.Pointer{base:(*types.Named)(0xc017970d20)}; Resolved type: *github.com/raahii/golang-grpc-realworld-example/model.Article; Out: [github.com/raahii/golang-grpc-realworld-example/model.Article]
2025/02/14 16:37:08 Recording and checking type: github.com/raahii/golang-grpc-realworld-example/model.Article
2025/02/14 16:37:08 Processing struct: github.com/raahii/golang-grpc-realworld-example/model.Article with 10 fields
2025/02/14 16:37:08 Expr: Article: type of expression is &types.Named{check:(*types.Checker)(nil), obj:(*types.TypeName)(0xc01e4ffbd0), fromRHS:(*types.Struct)(0xc01e4fbdd0), inst:(*types.instance)(nil), mu:sync.Mutex{state:0, sema:0x0}, state_:0x2, underlying:(*types.Struct)(0xc01e4fbdd0), tparams:(*types.TypeParamList)(nil), methods:[]*types.Func{(*types.Func)(0xc01e4874a0), (*types.Func)(0xc01e487560), (*types.Func)(0xc01e487620)}, loader:(func(*types.Named) ([]*types.TypeParam, types.Type, []*types.Func))(nil)}; Resolved type: github.com/raahii/golang-grpc-realworld-example/model.Article; Out: [github.com/raahii/golang-grpc-realworld-example/model.Article]
2025/02/14 16:37:08 Already collected type: github.com/raahii/golang-grpc-realworld-example/model.Article. Current structs: [github.com/DATA-DOG/go-sqlmock.Sqlmock github.com/jinzhu/gorm.DB github.com/raahii/golang-grpc-realworld-example/store.ArticleStore github.com/raahii/golang-grpc-realworld-example/store.testdata github.com/raahii/golang-grpc-realworld-example/model.Article]
2025/02/14 16:37:08 Expr: User: type of expression is &types.Pointer{base:(*types.Named)(0xc017970e00)}; Resolved type: *github.com/raahii/golang-grpc-realworld-example/model.User; Out: [github.com/raahii/golang-grpc-realworld-example/model.User]
2025/02/14 16:37:08 Recording and checking type: github.com/raahii/golang-grpc-realworld-example/model.User
2025/02/14 16:37:08 Processing struct: github.com/raahii/golang-grpc-realworld-example/model.User with 8 fields
2025/02/14 16:37:08 Expr: User: type of expression is &types.Named{check:(*types.Checker)(nil), obj:(*types.TypeName)(0xc01e4ffcc0), fromRHS:(*types.Struct)(0xc01e6a4150), inst:(*types.instance)(nil), mu:sync.Mutex{state:0, sema:0x0}, state_:0x2, underlying:(*types.Struct)(0xc01e6a4150), tparams:(*types.TypeParamList)(nil), methods:[]*types.Func{(*types.Func)(0xc01e487ec0), (*types.Func)(0xc01e696000), (*types.Func)(0xc01e6960c0), (*types.Func)(0xc01e696180), (*types.Func)(0xc01e696240)}, loader:(func(*types.Named) ([]*types.TypeParam, types.Type, []*types.Func))(nil)}; Resolved type: github.com/raahii/golang-grpc-realworld-example/model.User; Out: [github.com/raahii/golang-grpc-realworld-example/model.User]
2025/02/14 16:37:08 Already collected type: github.com/raahii/golang-grpc-realworld-example/model.User. Current structs: [github.com/DATA-DOG/go-sqlmock.Sqlmock github.com/jinzhu/gorm.DB github.com/raahii/golang-grpc-realworld-example/store.ArticleStore github.com/raahii/golang-grpc-realworld-example/store.testdata github.com/raahii/golang-grpc-realworld-example/model.Article github.com/raahii/golang-grpc-realworld-example/model.User]
2025/02/14 16:37:08 Expr: Err: type of expression is &types.Named{check:(*types.Checker)(nil), obj:(*types.TypeName)(0xc00006ca00), fromRHS:(*types.Interface)(0xc00006ca50), inst:(*types.instance)(nil), mu:sync.Mutex{state:0, sema:0x0}, state_:0x2, underlying:(*types.Interface)(0xc00006ca50), tparams:(*types.TypeParamList)(nil), methods:[]*types.Func(nil), loader:(func(*types.Named) ([]*types.TypeParam, types.Type, []*types.Func))(nil)}; Resolved type: error; Out: []
2025/02/14 16:37:08 Expr: error: type of expression is &types.Named{check:(*types.Checker)(nil), obj:(*types.TypeName)(0xc00006ca00), fromRHS:(*types.Interface)(0xc00006ca50), inst:(*types.instance)(nil), mu:sync.Mutex{state:0, sema:0x0}, state_:0x2, underlying:(*types.Interface)(0xc00006ca50), tparams:(*types.TypeParamList)(nil), methods:[]*types.Func(nil), loader:(func(*types.Named) ([]*types.TypeParam, types.Type, []*types.Func))(nil)}; Resolved type: error; Out: []
2025/02/14 16:37:08 Resolved slice type: []github.com/raahii/golang-grpc-realworld-example/store.testdata
2025/02/14 16:37:08 Already collected type: github.com/raahii/golang-grpc-realworld-example/store.testdata. Current structs: [github.com/DATA-DOG/go-sqlmock.Sqlmock github.com/jinzhu/gorm.DB github.com/raahii/golang-grpc-realworld-example/store.ArticleStore github.com/raahii/golang-grpc-realworld-example/store.testdata github.com/raahii/golang-grpc-realworld-example/model.Article github.com/raahii/golang-grpc-realworld-example/model.User]
2025/02/14 16:37:08 Resolved slice type: []github.com/raahii/golang-grpc-realworld-example/store.testdata
2025/02/14 16:37:08 Already collected type: github.com/raahii/golang-grpc-realworld-example/store.testdata. Current structs: [github.com/DATA-DOG/go-sqlmock.Sqlmock github.com/jinzhu/gorm.DB github.com/raahii/golang-grpc-realworld-example/store.ArticleStore github.com/raahii/golang-grpc-realworld-example/store.testdata github.com/raahii/golang-grpc-realworld-example/model.Article github.com/raahii/golang-grpc-realworld-example/model.User]
2025/02/14 16:37:08 Expr: testdata: type of expression is &types.Named{check:(*types.Checker)(nil), obj:(*types.TypeName)(0xc01e54caf0), fromRHS:(*types.Struct)(0xc01f018000), inst:(*types.instance)(nil), mu:sync.Mutex{state:0, sema:0x0}, state_:0x2, underlying:(*types.Struct)(0xc01f018000), tparams:(*types.TypeParamList)(nil), methods:[]*types.Func(nil), loader:(func(*types.Named) ([]*types.TypeParam, types.Type, []*types.Func))(nil)}; Resolved type: github.com/raahii/golang-grpc-realworld-example/store.testdata; Out: [github.com/raahii/golang-grpc-realworld-example/store.testdata]
2025/02/14 16:37:08 Already collected type: github.com/raahii/golang-grpc-realworld-example/store.testdata. Current structs: [github.com/DATA-DOG/go-sqlmock.Sqlmock github.com/jinzhu/gorm.DB github.com/raahii/golang-grpc-realworld-example/store.ArticleStore github.com/raahii/golang-grpc-realworld-example/store.testdata github.com/raahii/golang-grpc-realworld-example/model.Article github.com/raahii/golang-grpc-realworld-example/model.User]
2025/02/14 16:37:08 Expr: Article: type of expression is &types.Pointer{base:(*types.Named)(0xc017970d20)}; Resolved type: *github.com/raahii/golang-grpc-realworld-example/model.Article; Out: [github.com/raahii/golang-grpc-realworld-example/model.Article]
2025/02/14 16:37:08 Already collected type: github.com/raahii/golang-grpc-realworld-example/model.Article. Current structs: [github.com/DATA-DOG/go-sqlmock.Sqlmock github.com/jinzhu/gorm.DB github.com/raahii/golang-grpc-realworld-example/store.ArticleStore github.com/raahii/golang-grpc-realworld-example/store.testdata github.com/raahii/golang-grpc-realworld-example/model.Article github.com/raahii/golang-grpc-realworld-example/model.User]
2025/02/14 16:37:08 Expr: Article: type of expression is &types.Named{check:(*types.Checker)(nil), obj:(*types.TypeName)(0xc01e4ffbd0), fromRHS:(*types.Struct)(0xc01e4fbdd0), inst:(*types.instance)(nil), mu:sync.Mutex{state:0, sema:0x0}, state_:0x2, underlying:(*types.Struct)(0xc01e4fbdd0), tparams:(*types.TypeParamList)(nil), methods:[]*types.Func{(*types.Func)(0xc01e4874a0), (*types.Func)(0xc01e487560), (*types.Func)(0xc01e487620)}, loader:(func(*types.Named) ([]*types.TypeParam, types.Type, []*types.Func))(nil)}; Resolved type: github.com/raahii/golang-grpc-realworld-example/model.Article; Out: [github.com/raahii/golang-grpc-realworld-example/model.Article]
2025/02/14 16:37:08 Already collected type: github.com/raahii/golang-grpc-realworld-example/model.Article. Current structs: [github.com/DATA-DOG/go-sqlmock.Sqlmock github.com/jinzhu/gorm.DB github.com/raahii/golang-grpc-realworld-example/store.ArticleStore github.com/raahii/golang-grpc-realworld-example/store.testdata github.com/raahii/golang-grpc-realworld-example/model.Article github.com/raahii/golang-grpc-realworld-example/model.User]
2025/02/14 16:37:08 Expr: Model: type of expression is &types.Named{check:(*types.Checker)(nil), obj:(*types.TypeName)(0xc0144ded20), fromRHS:(*types.Struct)(0xc0149fd020), inst:(*types.instance)(nil), mu:sync.Mutex{state:0, sema:0x0}, state_:0x2, underlying:(*types.Struct)(0xc0149fd020), tparams:(*types.TypeParamList)(nil), methods:[]*types.Func(nil), loader:(func(*types.Named) ([]*types.TypeParam, types.Type, []*types.Func))(nil)}; Resolved type: github.com/jinzhu/gorm.Model; Out: [github.com/jinzhu/gorm.Model]
2025/02/14 16:37:08 Recording and checking type: github.com/jinzhu/gorm.Model
2025/02/14 16:37:08 Processing struct: github.com/jinzhu/gorm.Model with 4 fields
2025/02/14 16:37:08 Expr: Model: type of expression is &types.Named{check:(*types.Checker)(nil), obj:(*types.TypeName)(0xc0144ded20), fromRHS:(*types.Struct)(0xc0149fd020), inst:(*types.instance)(nil), mu:sync.Mutex{state:0, sema:0x0}, state_:0x2, underlying:(*types.Struct)(0xc0149fd020), tparams:(*types.TypeParamList)(nil), methods:[]*types.Func(nil), loader:(func(*types.Named) ([]*types.TypeParam, types.Type, []*types.Func))(nil)}; Resolved type: github.com/jinzhu/gorm.Model; Out: [github.com/jinzhu/gorm.Model]
2025/02/14 16:37:08 Already collected type: github.com/jinzhu/gorm.Model. Current structs: [github.com/DATA-DOG/go-sqlmock.Sqlmock github.com/jinzhu/gorm.DB github.com/raahii/golang-grpc-realworld-example/store.ArticleStore github.com/raahii/golang-grpc-realworld-example/store.testdata github.com/raahii/golang-grpc-realworld-example/model.Article github.com/raahii/golang-grpc-realworld-example/model.User github.com/jinzhu/gorm.Model]
2025/02/14 16:37:08 Expr: User: type of expression is &types.Pointer{base:(*types.Named)(0xc017970e00)}; Resolved type: *github.com/raahii/golang-grpc-realworld-example/model.User; Out: [github.com/raahii/golang-grpc-realworld-example/model.User]
2025/02/14 16:37:08 Already collected type: github.com/raahii/golang-grpc-realworld-example/model.User. Current structs: [github.com/DATA-DOG/go-sqlmock.Sqlmock github.com/jinzhu/gorm.DB github.com/raahii/golang-grpc-realworld-example/store.ArticleStore github.com/raahii/golang-grpc-realworld-example/store.testdata github.com/raahii/golang-grpc-realworld-example/model.Article github.com/raahii/golang-grpc-realworld-example/model.User github.com/jinzhu/gorm.Model]
2025/02/14 16:37:08 Expr: User: type of expression is &types.Named{check:(*types.Checker)(nil), obj:(*types.TypeName)(0xc01e4ffcc0), fromRHS:(*types.Struct)(0xc01e6a4150), inst:(*types.instance)(nil), mu:sync.Mutex{state:0, sema:0x0}, state_:0x2, underlying:(*types.Struct)(0xc01e6a4150), tparams:(*types.TypeParamList)(nil), methods:[]*types.Func{(*types.Func)(0xc01e487ec0), (*types.Func)(0xc01e696000), (*types.Func)(0xc01e6960c0), (*types.Func)(0xc01e696180), (*types.Func)(0xc01e696240)}, loader:(func(*types.Named) ([]*types.TypeParam, types.Type, []*types.Func))(nil)}; Resolved type: github.com/raahii/golang-grpc-realworld-example/model.User; Out: [github.com/raahii/golang-grpc-realworld-example/model.User]
2025/02/14 16:37:08 Already collected type: github.com/raahii/golang-grpc-realworld-example/model.User. Current structs: [github.com/DATA-DOG/go-sqlmock.Sqlmock github.com/jinzhu/gorm.DB github.com/raahii/golang-grpc-realworld-example/store.ArticleStore github.com/raahii/golang-grpc-realworld-example/store.testdata github.com/raahii/golang-grpc-realworld-example/model.Article github.com/raahii/golang-grpc-realworld-example/model.User github.com/jinzhu/gorm.Model]
2025/02/14 16:37:08 Expr: Model: type of expression is &types.Named{check:(*types.Checker)(nil), obj:(*types.TypeName)(0xc0144ded20), fromRHS:(*types.Struct)(0xc0149fd020), inst:(*types.instance)(nil), mu:sync.Mutex{state:0, sema:0x0}, state_:0x2, underlying:(*types.Struct)(0xc0149fd020), tparams:(*types.TypeParamList)(nil), methods:[]*types.Func(nil), loader:(func(*types.Named) ([]*types.TypeParam, types.Type, []*types.Func))(nil)}; Resolved type: github.com/jinzhu/gorm.Model; Out: [github.com/jinzhu/gorm.Model]
2025/02/14 16:37:08 Already collected type: github.com/jinzhu/gorm.Model. Current structs: [github.com/DATA-DOG/go-sqlmock.Sqlmock github.com/jinzhu/gorm.DB github.com/raahii/golang-grpc-realworld-example/store.ArticleStore github.com/raahii/golang-grpc-realworld-example/store.testdata github.com/raahii/golang-grpc-realworld-example/model.Article github.com/raahii/golang-grpc-realworld-example/model.User github.com/jinzhu/gorm.Model]
2025/02/14 16:37:08 Expr: Model: type of expression is &types.Named{check:(*types.Checker)(nil), obj:(*types.TypeName)(0xc0144ded20), fromRHS:(*types.Struct)(0xc0149fd020), inst:(*types.instance)(nil), mu:sync.Mutex{state:0, sema:0x0}, state_:0x2, underlying:(*types.Struct)(0xc0149fd020), tparams:(*types.TypeParamList)(nil), methods:[]*types.Func(nil), loader:(func(*types.Named) ([]*types.TypeParam, types.Type, []*types.Func))(nil)}; Resolved type: github.com/jinzhu/gorm.Model; Out: [github.com/jinzhu/gorm.Model]
2025/02/14 16:37:08 Already collected type: github.com/jinzhu/gorm.Model. Current structs: [github.com/DATA-DOG/go-sqlmock.Sqlmock github.com/jinzhu/gorm.DB github.com/raahii/golang-grpc-realworld-example/store.ArticleStore github.com/raahii/golang-grpc-realworld-example/store.testdata github.com/raahii/golang-grpc-realworld-example/model.Article github.com/raahii/golang-grpc-realworld-example/model.User github.com/jinzhu/gorm.Model]
2025/02/14 16:37:08 Expr: Err: type of expression is &types.Named{check:(*types.Checker)(nil), obj:(*types.TypeName)(0xc00006ca00), fromRHS:(*types.Interface)(0xc00006ca50), inst:(*types.instance)(nil), mu:sync.Mutex{state:0, sema:0x0}, state_:0x2, underlying:(*types.Interface)(0xc00006ca50), tparams:(*types.TypeParamList)(nil), methods:[]*types.Func(nil), loader:(func(*types.Named) ([]*types.TypeParam, types.Type, []*types.Func))(nil)}; Resolved type: error; Out: []
2025/02/14 16:37:08 Expr: Article: type of expression is &types.Pointer{base:(*types.Named)(0xc017970d20)}; Resolved type: *github.com/raahii/golang-grpc-realworld-example/model.Article; Out: [github.com/raahii/golang-grpc-realworld-example/model.Article]
2025/02/14 16:37:08 Already collected type: github.com/raahii/golang-grpc-realworld-example/model.Article. Current structs: [github.com/DATA-DOG/go-sqlmock.Sqlmock github.com/jinzhu/gorm.DB github.com/raahii/golang-grpc-realworld-example/store.ArticleStore github.com/raahii/golang-grpc-realworld-example/store.testdata github.com/raahii/golang-grpc-realworld-example/model.Article github.com/raahii/golang-grpc-realworld-example/model.User github.com/jinzhu/gorm.Model]
2025/02/14 16:37:08 Expr: Article: type of expression is &types.Named{check:(*types.Checker)(nil), obj:(*types.TypeName)(0xc01e4ffbd0), fromRHS:(*types.Struct)(0xc01e4fbdd0), inst:(*types.instance)(nil), mu:sync.Mutex{state:0, sema:0x0}, state_:0x2, underlying:(*types.Struct)(0xc01e4fbdd0), tparams:(*types.TypeParamList)(nil), methods:[]*types.Func{(*types.Func)(0xc01e4874a0), (*types.Func)(0xc01e487560), (*types.Func)(0xc01e487620)}, loader:(func(*types.Named) ([]*types.TypeParam, types.Type, []*types.Func))(nil)}; Resolved type: github.com/raahii/golang-grpc-realworld-example/model.Article; Out: [github.com/raahii/golang-grpc-realworld-example/model.Article]
2025/02/14 16:37:08 Already collected type: github.com/raahii/golang-grpc-realworld-example/model.Article. Current structs: [github.com/DATA-DOG/go-sqlmock.Sqlmock github.com/jinzhu/gorm.DB github.com/raahii/golang-grpc-realworld-example/store.ArticleStore github.com/raahii/golang-grpc-realworld-example/store.testdata github.com/raahii/golang-grpc-realworld-example/model.Article github.com/raahii/golang-grpc-realworld-example/model.User github.com/jinzhu/gorm.Model]
2025/02/14 16:37:08 Expr: Model: type of expression is &types.Named{check:(*types.Checker)(nil), obj:(*types.TypeName)(0xc0144ded20), fromRHS:(*types.Struct)(0xc0149fd020), inst:(*types.instance)(nil), mu:sync.Mutex{state:0, sema:0x0}, state_:0x2, underlying:(*types.Struct)(0xc0149fd020), tparams:(*types.TypeParamList)(nil), methods:[]*types.Func(nil), loader:(func(*types.Named) ([]*types.TypeParam, types.Type, []*types.Func))(nil)}; Resolved type: github.com/jinzhu/gorm.Model; Out: [github.com/jinzhu/gorm.Model]
2025/02/14 16:37:08 Already collected type: github.com/jinzhu/gorm.Model. Current structs: [github.com/DATA-DOG/go-sqlmock.Sqlmock github.com/jinzhu/gorm.DB github.com/raahii/golang-grpc-realworld-example/store.ArticleStore github.com/raahii/golang-grpc-realworld-example/store.testdata github.com/raahii/golang-grpc-realworld-example/model.Article github.com/raahii/golang-grpc-realworld-example/model.User github.com/jinzhu/gorm.Model]
2025/02/14 16:37:08 Expr: Model: type of expression is &types.Named{check:(*types.Checker)(nil), obj:(*types.TypeName)(0xc0144ded20), fromRHS:(*types.Struct)(0xc0149fd020), inst:(*types.instance)(nil), mu:sync.Mutex{state:0, sema:0x0}, state_:0x2, underlying:(*types.Struct)(0xc0149fd020), tparams:(*types.TypeParamList)(nil), methods:[]*types.Func(nil), loader:(func(*types.Named) ([]*types.TypeParam, types.Type, []*types.Func))(nil)}; Resolved type: github.com/jinzhu/gorm.Model; Out: [github.com/jinzhu/gorm.Model]
2025/02/14 16:37:08 Already collected type: github.com/jinzhu/gorm.Model. Current structs: [github.com/DATA-DOG/go-sqlmock.Sqlmock github.com/jinzhu/gorm.DB github.com/raahii/golang-grpc-realworld-example/store.ArticleStore github.com/raahii/golang-grpc-realworld-example/store.testdata github.com/raahii/golang-grpc-realworld-example/model.Article github.com/raahii/golang-grpc-realworld-example/model.User github.com/jinzhu/gorm.Model]
2025/02/14 16:37:08 Expr: User: type of expression is &types.Pointer{base:(*types.Named)(0xc017970e00)}; Resolved type: *github.com/raahii/golang-grpc-realworld-example/model.User; Out: [github.com/raahii/golang-grpc-realworld-example/model.User]
2025/02/14 16:37:08 Already collected type: github.com/raahii/golang-grpc-realworld-example/model.User. Current structs: [github.com/DATA-DOG/go-sqlmock.Sqlmock github.com/jinzhu/gorm.DB github.com/raahii/golang-grpc-realworld-example/store.ArticleStore github.com/raahii/golang-grpc-realworld-example/store.testdata github.com/raahii/golang-grpc-realworld-example/model.Article github.com/raahii/golang-grpc-realworld-example/model.User github.com/jinzhu/gorm.Model]
2025/02/14 16:37:08 Expr: User: type of expression is &types.Named{check:(*types.Checker)(nil), obj:(*types.TypeName)(0xc01e4ffcc0), fromRHS:(*types.Struct)(0xc01e6a4150), inst:(*types.instance)(nil), mu:sync.Mutex{state:0, sema:0x0}, state_:0x2, underlying:(*types.Struct)(0xc01e6a4150), tparams:(*types.TypeParamList)(nil), methods:[]*types.Func{(*types.Func)(0xc01e487ec0), (*types.Func)(0xc01e696000), (*types.Func)(0xc01e6960c0), (*types.Func)(0xc01e696180), (*types.Func)(0xc01e696240)}, loader:(func(*types.Named) ([]*types.TypeParam, types.Type, []*types.Func))(nil)}; Resolved type: github.com/raahii/golang-grpc-realworld-example/model.User; Out: [github.com/raahii/golang-grpc-realworld-example/model.User]
2025/02/14 16:37:08 Already collected type: github.com/raahii/golang-grpc-realworld-example/model.User. Current structs: [github.com/DATA-DOG/go-sqlmock.Sqlmock github.com/jinzhu/gorm.DB github.com/raahii/golang-grpc-realworld-example/store.ArticleStore github.com/raahii/golang-grpc-realworld-example/store.testdata github.com/raahii/golang-grpc-realworld-example/model.Article github.com/raahii/golang-grpc-realworld-example/model.User github.com/jinzhu/gorm.Model]
2025/02/14 16:37:08 Expr: Model: type of expression is &types.Named{check:(*types.Checker)(nil), obj:(*types.TypeName)(0xc0144ded20), fromRHS:(*types.Struct)(0xc0149fd020), inst:(*types.instance)(nil), mu:sync.Mutex{state:0, sema:0x0}, state_:0x2, underlying:(*types.Struct)(0xc0149fd020), tparams:(*types.TypeParamList)(nil), methods:[]*types.Func(nil), loader:(func(*types.Named) ([]*types.TypeParam, types.Type, []*types.Func))(nil)}; Resolved type: github.com/jinzhu/gorm.Model; Out: [github.com/jinzhu/gorm.Model]
2025/02/14 16:37:08 Already collected type: github.com/jinzhu/gorm.Model. Current structs: [github.com/DATA-DOG/go-sqlmock.Sqlmock github.com/jinzhu/gorm.DB github.com/raahii/golang-grpc-realworld-example/store.ArticleStore github.com/raahii/golang-grpc-realworld-example/store.testdata github.com/raahii/golang-grpc-realworld-example/model.Article github.com/raahii/golang-grpc-realworld-example/model.User github.com/jinzhu/gorm.Model]
2025/02/14 16:37:08 Expr: Model: type of expression is &types.Named{check:(*types.Checker)(nil), obj:(*types.TypeName)(0xc0144ded20), fromRHS:(*types.Struct)(0xc0149fd020), inst:(*types.instance)(nil), mu:sync.Mutex{state:0, sema:0x0}, state_:0x2, underlying:(*types.Struct)(0xc0149fd020), tparams:(*types.TypeParamList)(nil), methods:[]*types.Func(nil), loader:(func(*types.Named) ([]*types.TypeParam, types.Type, []*types.Func))(nil)}; Resolved type: github.com/jinzhu/gorm.Model; Out: [github.com/jinzhu/gorm.Model]
2025/02/14 16:37:08 Already collected type: github.com/jinzhu/gorm.Model. Current structs: [github.com/DATA-DOG/go-sqlmock.Sqlmock github.com/jinzhu/gorm.DB github.com/raahii/golang-grpc-realworld-example/store.ArticleStore github.com/raahii/golang-grpc-realworld-example/store.testdata github.com/raahii/golang-grpc-realworld-example/model.Article github.com/raahii/golang-grpc-realworld-example/model.User github.com/jinzhu/gorm.Model]
2025/02/14 16:37:08 Expr: Err: type of expression is &types.Named{check:(*types.Checker)(nil), obj:(*types.TypeName)(0xc00006ca00), fromRHS:(*types.Interface)(0xc00006ca50), inst:(*types.instance)(nil), mu:sync.Mutex{state:0, sema:0x0}, state_:0x2, underlying:(*types.Interface)(0xc00006ca50), tparams:(*types.TypeParamList)(nil), methods:[]*types.Func(nil), loader:(func(*types.Named) ([]*types.TypeParam, types.Type, []*types.Func))(nil)}; Resolved type: error; Out: []
2025/02/14 16:37:08 Expr: ErrRecordNotFound: type of expression is &types.Named{check:(*types.Checker)(nil), obj:(*types.TypeName)(0xc00006ca00), fromRHS:(*types.Interface)(0xc00006ca50), inst:(*types.instance)(nil), mu:sync.Mutex{state:0, sema:0x0}, state_:0x2, underlying:(*types.Interface)(0xc00006ca50), tparams:(*types.TypeParamList)(nil), methods:[]*types.Func(nil), loader:(func(*types.Named) ([]*types.TypeParam, types.Type, []*types.Func))(nil)}; Resolved type: error; Out: []
2025/02/14 16:37:08 Expr: Article: type of expression is &types.Pointer{base:(*types.Named)(0xc017970d20)}; Resolved type: *github.com/raahii/golang-grpc-realworld-example/model.Article; Out: [github.com/raahii/golang-grpc-realworld-example/model.Article]
2025/02/14 16:37:08 Already collected type: github.com/raahii/golang-grpc-realworld-example/model.Article. Current structs: [github.com/DATA-DOG/go-sqlmock.Sqlmock github.com/jinzhu/gorm.DB github.com/raahii/golang-grpc-realworld-example/store.ArticleStore github.com/raahii/golang-grpc-realworld-example/store.testdata github.com/raahii/golang-grpc-realworld-example/model.Article github.com/raahii/golang-grpc-realworld-example/model.User github.com/jinzhu/gorm.Model]
2025/02/14 16:37:08 Expr: Article: type of expression is &types.Named{check:(*types.Checker)(nil), obj:(*types.TypeName)(0xc01e4ffbd0), fromRHS:(*types.Struct)(0xc01e4fbdd0), inst:(*types.instance)(nil), mu:sync.Mutex{state:0, sema:0x0}, state_:0x2, underlying:(*types.Struct)(0xc01e4fbdd0), tparams:(*types.TypeParamList)(nil), methods:[]*types.Func{(*types.Func)(0xc01e4874a0), (*types.Func)(0xc01e487560), (*types.Func)(0xc01e487620)}, loader:(func(*types.Named) ([]*types.TypeParam, types.Type, []*types.Func))(nil)}; Resolved type: github.com/raahii/golang-grpc-realworld-example/model.Article; Out: [github.com/raahii/golang-grpc-realworld-example/model.Article]
2025/02/14 16:37:08 Already collected type: github.com/raahii/golang-grpc-realworld-example/model.Article. Current structs: [github.com/DATA-DOG/go-sqlmock.Sqlmock github.com/jinzhu/gorm.DB github.com/raahii/golang-grpc-realworld-example/store.ArticleStore github.com/raahii/golang-grpc-realworld-example/store.testdata github.com/raahii/golang-grpc-realworld-example/model.Article github.com/raahii/golang-grpc-realworld-example/model.User github.com/jinzhu/gorm.Model]
2025/02/14 16:37:08 Expr: Model: type of expression is &types.Named{check:(*types.Checker)(nil), obj:(*types.TypeName)(0xc0144ded20), fromRHS:(*types.Struct)(0xc0149fd020), inst:(*types.instance)(nil), mu:sync.Mutex{state:0, sema:0x0}, state_:0x2, underlying:(*types.Struct)(0xc0149fd020), tparams:(*types.TypeParamList)(nil), methods:[]*types.Func(nil), loader:(func(*types.Named) ([]*types.TypeParam, types.Type, []*types.Func))(nil)}; Resolved type: github.com/jinzhu/gorm.Model; Out: [github.com/jinzhu/gorm.Model]
2025/02/14 16:37:08 Already collected type: github.com/jinzhu/gorm.Model. Current structs: [github.com/DATA-DOG/go-sqlmock.Sqlmock github.com/jinzhu/gorm.DB github.com/raahii/golang-grpc-realworld-example/store.ArticleStore github.com/raahii/golang-grpc-realworld-example/store.testdata github.com/raahii/golang-grpc-realworld-example/model.Article github.com/raahii/golang-grpc-realworld-example/model.User github.com/jinzhu/gorm.Model]
2025/02/14 16:37:08 Expr: Model: type of expression is &types.Named{check:(*types.Checker)(nil), obj:(*types.TypeName)(0xc0144ded20), fromRHS:(*types.Struct)(0xc0149fd020), inst:(*types.instance)(nil), mu:sync.Mutex{state:0, sema:0x0}, state_:0x2, underlying:(*types.Struct)(0xc0149fd020), tparams:(*types.TypeParamList)(nil), methods:[]*types.Func(nil), loader:(func(*types.Named) ([]*types.TypeParam, types.Type, []*types.Func))(nil)}; Resolved type: github.com/jinzhu/gorm.Model; Out: [github.com/jinzhu/gorm.Model]
2025/02/14 16:37:08 Already collected type: github.com/jinzhu/gorm.Model. Current structs: [github.com/DATA-DOG/go-sqlmock.Sqlmock github.com/jinzhu/gorm.DB github.com/raahii/golang-grpc-realworld-example/store.ArticleStore github.com/raahii/golang-grpc-realworld-example/store.testdata github.com/raahii/golang-grpc-realworld-example/model.Article github.com/raahii/golang-grpc-realworld-example/model.User github.com/jinzhu/gorm.Model]
2025/02/14 16:37:08 Expr: User: type of expression is &types.Pointer{base:(*types.Named)(0xc017970e00)}; Resolved type: *github.com/raahii/golang-grpc-realworld-example/model.User; Out: [github.com/raahii/golang-grpc-realworld-example/model.User]
2025/02/14 16:37:08 Already collected type: github.com/raahii/golang-grpc-realworld-example/model.User. Current structs: [github.com/DATA-DOG/go-sqlmock.Sqlmock github.com/jinzhu/gorm.DB github.com/raahii/golang-grpc-realworld-example/store.ArticleStore github.com/raahii/golang-grpc-realworld-example/store.testdata github.com/raahii/golang-grpc-realworld-example/model.Article github.com/raahii/golang-grpc-realworld-example/model.User github.com/jinzhu/gorm.Model]
2025/02/14 16:37:08 Expr: User: type of expression is &types.Named{check:(*types.Checker)(nil), obj:(*types.TypeName)(0xc01e4ffcc0), fromRHS:(*types.Struct)(0xc01e6a4150), inst:(*types.instance)(nil), mu:sync.Mutex{state:0, sema:0x0}, state_:0x2, underlying:(*types.Struct)(0xc01e6a4150), tparams:(*types.TypeParamList)(nil), methods:[]*types.Func{(*types.Func)(0xc01e487ec0), (*types.Func)(0xc01e696000), (*types.Func)(0xc01e6960c0), (*types.Func)(0xc01e696180), (*types.Func)(0xc01e696240)}, loader:(func(*types.Named) ([]*types.TypeParam, types.Type, []*types.Func))(nil)}; Resolved type: github.com/raahii/golang-grpc-realworld-example/model.User; Out: [github.com/raahii/golang-grpc-realworld-example/model.User]
2025/02/14 16:37:08 Already collected type: github.com/raahii/golang-grpc-realworld-example/model.User. Current structs: [github.com/DATA-DOG/go-sqlmock.Sqlmock github.com/jinzhu/gorm.DB github.com/raahii/golang-grpc-realworld-example/store.ArticleStore github.com/raahii/golang-grpc-realworld-example/store.testdata github.com/raahii/golang-grpc-realworld-example/model.Article github.com/raahii/golang-grpc-realworld-example/model.User github.com/jinzhu/gorm.Model]
2025/02/14 16:37:08 Expr: Model: type of expression is &types.Named{check:(*types.Checker)(nil), obj:(*types.TypeName)(0xc0144ded20), fromRHS:(*types.Struct)(0xc0149fd020), inst:(*types.instance)(nil), mu:sync.Mutex{state:0, sema:0x0}, state_:0x2, underlying:(*types.Struct)(0xc0149fd020), tparams:(*types.TypeParamList)(nil), methods:[]*types.Func(nil), loader:(func(*types.Named) ([]*types.TypeParam, types.Type, []*types.Func))(nil)}; Resolved type: github.com/jinzhu/gorm.Model; Out: [github.com/jinzhu/gorm.Model]
2025/02/14 16:37:08 Already collected type: github.com/jinzhu/gorm.Model. Current structs: [github.com/DATA-DOG/go-sqlmock.Sqlmock github.com/jinzhu/gorm.DB github.com/raahii/golang-grpc-realworld-example/store.ArticleStore github.com/raahii/golang-grpc-realworld-example/store.testdata github.com/raahii/golang-grpc-realworld-example/model.Article github.com/raahii/golang-grpc-realworld-example/model.User github.com/jinzhu/gorm.Model]
2025/02/14 16:37:08 Expr: Model: type of expression is &types.Named{check:(*types.Checker)(nil), obj:(*types.TypeName)(0xc0144ded20), fromRHS:(*types.Struct)(0xc0149fd020), inst:(*types.instance)(nil), mu:sync.Mutex{state:0, sema:0x0}, state_:0x2, underlying:(*types.Struct)(0xc0149fd020), tparams:(*types.TypeParamList)(nil), methods:[]*types.Func(nil), loader:(func(*types.Named) ([]*types.TypeParam, types.Type, []*types.Func))(nil)}; Resolved type: github.com/jinzhu/gorm.Model; Out: [github.com/jinzhu/gorm.Model]
2025/02/14 16:37:08 Already collected type: github.com/jinzhu/gorm.Model. Current structs: [github.com/DATA-DOG/go-sqlmock.Sqlmock github.com/jinzhu/gorm.DB github.com/raahii/golang-grpc-realworld-example/store.ArticleStore github.com/raahii/golang-grpc-realworld-example/store.testdata github.com/raahii/golang-grpc-realworld-example/model.Article github.com/raahii/golang-grpc-realworld-example/model.User github.com/jinzhu/gorm.Model]
2025/02/14 16:37:08 Expr: Err: type of expression is &types.Named{check:(*types.Checker)(nil), obj:(*types.TypeName)(0xc00006ca00), fromRHS:(*types.Interface)(0xc00006ca50), inst:(*types.instance)(nil), mu:sync.Mutex{state:0, sema:0x0}, state_:0x2, underlying:(*types.Interface)(0xc00006ca50), tparams:(*types.TypeParamList)(nil), methods:[]*types.Func(nil), loader:(func(*types.Named) ([]*types.TypeParam, types.Type, []*types.Func))(nil)}; Resolved type: error; Out: []
2025/02/14 16:37:08 Expr: ErrRecordNotFound: type of expression is &types.Named{check:(*types.Checker)(nil), obj:(*types.TypeName)(0xc00006ca00), fromRHS:(*types.Interface)(0xc00006ca50), inst:(*types.instance)(nil), mu:sync.Mutex{state:0, sema:0x0}, state_:0x2, underlying:(*types.Interface)(0xc00006ca50), tparams:(*types.TypeParamList)(nil), methods:[]*types.Func(nil), loader:(func(*types.Named) ([]*types.TypeParam, types.Type, []*types.Func))(nil)}; Resolved type: error; Out: []
2025/02/14 16:37:08 Expr: Article: type of expression is &types.Pointer{base:(*types.Named)(0xc017970d20)}; Resolved type: *github.com/raahii/golang-grpc-realworld-example/model.Article; Out: [github.com/raahii/golang-grpc-realworld-example/model.Article]
2025/02/14 16:37:08 Already collected type: github.com/raahii/golang-grpc-realworld-example/model.Article. Current structs: [github.com/DATA-DOG/go-sqlmock.Sqlmock github.com/jinzhu/gorm.DB github.com/raahii/golang-grpc-realworld-example/store.ArticleStore github.com/raahii/golang-grpc-realworld-example/store.testdata github.com/raahii/golang-grpc-realworld-example/model.Article github.com/raahii/golang-grpc-realworld-example/model.User github.com/jinzhu/gorm.Model]
2025/02/14 16:37:08 Expr: Article: type of expression is &types.Named{check:(*types.Checker)(nil), obj:(*types.TypeName)(0xc01e4ffbd0), fromRHS:(*types.Struct)(0xc01e4fbdd0), inst:(*types.instance)(nil), mu:sync.Mutex{state:0, sema:0x0}, state_:0x2, underlying:(*types.Struct)(0xc01e4fbdd0), tparams:(*types.TypeParamList)(nil), methods:[]*types.Func{(*types.Func)(0xc01e4874a0), (*types.Func)(0xc01e487560), (*types.Func)(0xc01e487620)}, loader:(func(*types.Named) ([]*types.TypeParam, types.Type, []*types.Func))(nil)}; Resolved type: github.com/raahii/golang-grpc-realworld-example/model.Article; Out: [github.com/raahii/golang-grpc-realworld-example/model.Article]
2025/02/14 16:37:08 Already collected type: github.com/raahii/golang-grpc-realworld-example/model.Article. Current structs: [github.com/DATA-DOG/go-sqlmock.Sqlmock github.com/jinzhu/gorm.DB github.com/raahii/golang-grpc-realworld-example/store.ArticleStore github.com/raahii/golang-grpc-realworld-example/store.testdata github.com/raahii/golang-grpc-realworld-example/model.Article github.com/raahii/golang-grpc-realworld-example/model.User github.com/jinzhu/gorm.Model]
2025/02/14 16:37:08 Expr: Model: type of expression is &types.Named{check:(*types.Checker)(nil), obj:(*types.TypeName)(0xc0144ded20), fromRHS:(*types.Struct)(0xc0149fd020), inst:(*types.instance)(nil), mu:sync.Mutex{state:0, sema:0x0}, state_:0x2, underlying:(*types.Struct)(0xc0149fd020), tparams:(*types.TypeParamList)(nil), methods:[]*types.Func(nil), loader:(func(*types.Named) ([]*types.TypeParam, types.Type, []*types.Func))(nil)}; Resolved type: github.com/jinzhu/gorm.Model; Out: [github.com/jinzhu/gorm.Model]
2025/02/14 16:37:08 Already collected type: github.com/jinzhu/gorm.Model. Current structs: [github.com/DATA-DOG/go-sqlmock.Sqlmock github.com/jinzhu/gorm.DB github.com/raahii/golang-grpc-realworld-example/store.ArticleStore github.com/raahii/golang-grpc-realworld-example/store.testdata github.com/raahii/golang-grpc-realworld-example/model.Article github.com/raahii/golang-grpc-realworld-example/model.User github.com/jinzhu/gorm.Model]
2025/02/14 16:37:08 Expr: Model: type of expression is &types.Named{check:(*types.Checker)(nil), obj:(*types.TypeName)(0xc0144ded20), fromRHS:(*types.Struct)(0xc0149fd020), inst:(*types.instance)(nil), mu:sync.Mutex{state:0, sema:0x0}, state_:0x2, underlying:(*types.Struct)(0xc0149fd020), tparams:(*types.TypeParamList)(nil), methods:[]*types.Func(nil), loader:(func(*types.Named) ([]*types.TypeParam, types.Type, []*types.Func))(nil)}; Resolved type: github.com/jinzhu/gorm.Model; Out: [github.com/jinzhu/gorm.Model]
2025/02/14 16:37:08 Already collected type: github.com/jinzhu/gorm.Model. Current structs: [github.com/DATA-DOG/go-sqlmock.Sqlmock github.com/jinzhu/gorm.DB github.com/raahii/golang-grpc-realworld-example/store.ArticleStore github.com/raahii/golang-grpc-realworld-example/store.testdata github.com/raahii/golang-grpc-realworld-example/model.Article github.com/raahii/golang-grpc-realworld-example/model.User github.com/jinzhu/gorm.Model]
2025/02/14 16:37:08 Expr: User: type of expression is &types.Pointer{base:(*types.Named)(0xc017970e00)}; Resolved type: *github.com/raahii/golang-grpc-realworld-example/model.User; Out: [github.com/raahii/golang-grpc-realworld-example/model.User]
2025/02/14 16:37:08 Already collected type: github.com/raahii/golang-grpc-realworld-example/model.User. Current structs: [github.com/DATA-DOG/go-sqlmock.Sqlmock github.com/jinzhu/gorm.DB github.com/raahii/golang-grpc-realworld-example/store.ArticleStore github.com/raahii/golang-grpc-realworld-example/store.testdata github.com/raahii/golang-grpc-realworld-example/model.Article github.com/raahii/golang-grpc-realworld-example/model.User github.com/jinzhu/gorm.Model]
2025/02/14 16:37:08 Expr: User: type of expression is &types.Named{check:(*types.Checker)(nil), obj:(*types.TypeName)(0xc01e4ffcc0), fromRHS:(*types.Struct)(0xc01e6a4150), inst:(*types.instance)(nil), mu:sync.Mutex{state:0, sema:0x0}, state_:0x2, underlying:(*types.Struct)(0xc01e6a4150), tparams:(*types.TypeParamList)(nil), methods:[]*types.Func{(*types.Func)(0xc01e487ec0), (*types.Func)(0xc01e696000), (*types.Func)(0xc01e6960c0), (*types.Func)(0xc01e696180), (*types.Func)(0xc01e696240)}, loader:(func(*types.Named) ([]*types.TypeParam, types.Type, []*types.Func))(nil)}; Resolved type: github.com/raahii/golang-grpc-realworld-example/model.User; Out: [github.com/raahii/golang-grpc-realworld-example/model.User]
2025/02/14 16:37:08 Already collected type: github.com/raahii/golang-grpc-realworld-example/model.User. Current structs: [github.com/DATA-DOG/go-sqlmock.Sqlmock github.com/jinzhu/gorm.DB github.com/raahii/golang-grpc-realworld-example/store.ArticleStore github.com/raahii/golang-grpc-realworld-example/store.testdata github.com/raahii/golang-grpc-realworld-example/model.Article github.com/raahii/golang-grpc-realworld-example/model.User github.com/jinzhu/gorm.Model]
2025/02/14 16:37:08 Expr: Model: type of expression is &types.Named{check:(*types.Checker)(nil), obj:(*types.TypeName)(0xc0144ded20), fromRHS:(*types.Struct)(0xc0149fd020), inst:(*types.instance)(nil), mu:sync.Mutex{state:0, sema:0x0}, state_:0x2, underlying:(*types.Struct)(0xc0149fd020), tparams:(*types.TypeParamList)(nil), methods:[]*types.Func(nil), loader:(func(*types.Named) ([]*types.TypeParam, types.Type, []*types.Func))(nil)}; Resolved type: github.com/jinzhu/gorm.Model; Out: [github.com/jinzhu/gorm.Model]
2025/02/14 16:37:08 Already collected type: github.com/jinzhu/gorm.Model. Current structs: [github.com/DATA-DOG/go-sqlmock.Sqlmock github.com/jinzhu/gorm.DB github.com/raahii/golang-grpc-realworld-example/store.ArticleStore github.com/raahii/golang-grpc-realworld-example/store.testdata github.com/raahii/golang-grpc-realworld-example/model.Article github.com/raahii/golang-grpc-realworld-example/model.User github.com/jinzhu/gorm.Model]
2025/02/14 16:37:08 Expr: Model: type of expression is &types.Named{check:(*types.Checker)(nil), obj:(*types.TypeName)(0xc0144ded20), fromRHS:(*types.Struct)(0xc0149fd020), inst:(*types.instance)(nil), mu:sync.Mutex{state:0, sema:0x0}, state_:0x2, underlying:(*types.Struct)(0xc0149fd020), tparams:(*types.TypeParamList)(nil), methods:[]*types.Func(nil), loader:(func(*types.Named) ([]*types.TypeParam, types.Type, []*types.Func))(nil)}; Resolved type: github.com/jinzhu/gorm.Model; Out: [github.com/jinzhu/gorm.Model]
2025/02/14 16:37:08 Already collected type: github.com/jinzhu/gorm.Model. Current structs: [github.com/DATA-DOG/go-sqlmock.Sqlmock github.com/jinzhu/gorm.DB github.com/raahii/golang-grpc-realworld-example/store.ArticleStore github.com/raahii/golang-grpc-realworld-example/store.testdata github.com/raahii/golang-grpc-realworld-example/model.Article github.com/raahii/golang-grpc-realworld-example/model.User github.com/jinzhu/gorm.Model]
2025/02/14 16:37:08 Expr: Err: type of expression is &types.Named{check:(*types.Checker)(nil), obj:(*types.TypeName)(0xc00006ca00), fromRHS:(*types.Interface)(0xc00006ca50), inst:(*types.instance)(nil), mu:sync.Mutex{state:0, sema:0x0}, state_:0x2, underlying:(*types.Interface)(0xc00006ca50), tparams:(*types.TypeParamList)(nil), methods:[]*types.Func(nil), loader:(func(*types.Named) ([]*types.TypeParam, types.Type, []*types.Func))(nil)}; Resolved type: error; Out: []
2025/02/14 16:37:08 Expr: test: type of expression is &types.Named{check:(*types.Checker)(nil), obj:(*types.TypeName)(0xc01e54caf0), fromRHS:(*types.Struct)(0xc01f018000), inst:(*types.instance)(nil), mu:sync.Mutex{state:0, sema:0x0}, state_:0x2, underlying:(*types.Struct)(0xc01f018000), tparams:(*types.TypeParamList)(nil), methods:[]*types.Func(nil), loader:(func(*types.Named) ([]*types.TypeParam, types.Type, []*types.Func))(nil)}; Resolved type: github.com/raahii/golang-grpc-realworld-example/store.testdata; Out: [github.com/raahii/golang-grpc-realworld-example/store.testdata]
2025/02/14 16:37:08 Already collected type: github.com/raahii/golang-grpc-realworld-example/store.testdata. Current structs: [github.com/DATA-DOG/go-sqlmock.Sqlmock github.com/jinzhu/gorm.DB github.com/raahii/golang-grpc-realworld-example/store.ArticleStore github.com/raahii/golang-grpc-realworld-example/store.testdata github.com/raahii/golang-grpc-realworld-example/model.Article github.com/raahii/golang-grpc-realworld-example/model.User github.com/jinzhu/gorm.Model]
2025/02/14 16:37:08 Resolved slice type: []github.com/raahii/golang-grpc-realworld-example/store.testdata
2025/02/14 16:37:08 Already collected type: github.com/raahii/golang-grpc-realworld-example/store.testdata. Current structs: [github.com/DATA-DOG/go-sqlmock.Sqlmock github.com/jinzhu/gorm.DB github.com/raahii/golang-grpc-realworld-example/store.ArticleStore github.com/raahii/golang-grpc-realworld-example/store.testdata github.com/raahii/golang-grpc-realworld-example/model.Article github.com/raahii/golang-grpc-realworld-example/model.User github.com/jinzhu/gorm.Model]
2025/02/14 16:37:08 Expr: t: type of expression is &types.Pointer{base:(*types.Named)(0xc00cc5d500)}; Resolved type: *testing.T; Out: []
2025/02/14 16:37:08 Expr: Run: type of expression is &types.Signature{rparams:(*types.TypeParamList)(nil), tparams:(*types.TypeParamList)(nil), scope:(*types.Scope)(0xc00fd29e60), recv:(*types.Var)(0xc00fd29f20), params:(*types.Tuple)(0xc00f9b1b30), results:(*types.Tuple)(0xc00f9b1b48), variadic:false}; Resolved type: func(name string, f func(t *testing.T)) bool; Out: []
2025/02/14 16:37:08 Expr: test: type of expression is &types.Named{check:(*types.Checker)(nil), obj:(*types.TypeName)(0xc01e54caf0), fromRHS:(*types.Struct)(0xc01f018000), inst:(*types.instance)(nil), mu:sync.Mutex{state:0, sema:0x0}, state_:0x2, underlying:(*types.Struct)(0xc01f018000), tparams:(*types.TypeParamList)(nil), methods:[]*types.Func(nil), loader:(func(*types.Named) ([]*types.TypeParam, types.Type, []*types.Func))(nil)}; Resolved type: github.com/raahii/golang-grpc-realworld-example/store.testdata; Out: [github.com/raahii/golang-grpc-realworld-example/store.testdata]
2025/02/14 16:37:08 Already collected type: github.com/raahii/golang-grpc-realworld-example/store.testdata. Current structs: [github.com/DATA-DOG/go-sqlmock.Sqlmock github.com/jinzhu/gorm.DB github.com/raahii/golang-grpc-realworld-example/store.ArticleStore github.com/raahii/golang-grpc-realworld-example/store.testdata github.com/raahii/golang-grpc-realworld-example/model.Article github.com/raahii/golang-grpc-realworld-example/model.User github.com/jinzhu/gorm.Model]
2025/02/14 16:37:08 Expr: t: type of expression is &types.Pointer{base:(*types.Named)(0xc00cc5d500)}; Resolved type: *testing.T; Out: []
2025/02/14 16:37:08 Expr: T: type of expression is &types.Named{check:(*types.Checker)(nil), obj:(*types.TypeName)(0xc00f9ab400), fromRHS:(*types.Struct)(0xc00f9fc540), inst:(*types.instance)(nil), mu:sync.Mutex{state:0, sema:0x0}, state_:0x2, underlying:(*types.Struct)(0xc00f9fc540), tparams:(*types.TypeParamList)(nil), methods:[]*types.Func{(*types.Func)(0xc00f9e3b60), (*types.Func)(0xc00f9e3c20), (*types.Func)(0xc00f9e3ec0), (*types.Func)(0xc00f9f2000), (*types.Func)(0xc00f9f3380)}, loader:(func(*types.Named) ([]*types.TypeParam, types.Type, []*types.Func))(nil)}; Resolved type: testing.T; Out: []
2025/02/14 16:37:08 Expr: testQuery: type of expression is &types.Named{check:(*types.Checker)(nil), obj:(*types.TypeName)(0xc01e54cbe0), fromRHS:(*types.Struct)(0xc01f018450), inst:(*types.instance)(nil), mu:sync.Mutex{state:0, sema:0x0}, state_:0x2, underlying:(*types.Struct)(0xc01f018450), tparams:(*types.TypeParamList)(nil), methods:[]*types.Func(nil), loader:(func(*types.Named) ([]*types.TypeParam, types.Type, []*types.Func))(nil)}; Resolved type: github.com/raahii/golang-grpc-realworld-example/store.testQuery; Out: [github.com/raahii/golang-grpc-realworld-example/store.testQuery]
2025/02/14 16:37:08 Recording and checking type: github.com/raahii/golang-grpc-realworld-example/store.testQuery
2025/02/14 16:37:08 Type not found in package scope: github.com/raahii/golang-grpc-realworld-example/store.testQuery
2025/02/14 16:37:08 Resolved slice type: []database/sql/driver.Value
2025/02/14 16:37:08 Expr: Value: type of expression is &types.Named{check:(*types.Checker)(nil), obj:(*types.TypeName)(0xc00da6d720), fromRHS:(*types.Interface)(0xc00006c960), inst:(*types.instance)(nil), mu:sync.Mutex{state:0, sema:0x0}, state_:0x2, underlying:(*types.Interface)(0xc00006c960), tparams:(*types.TypeParamList)(nil), methods:[]*types.Func(nil), loader:(func(*types.Named) ([]*types.TypeParam, types.Type, []*types.Func))(nil)}; Resolved type: database/sql/driver.Value; Out: []
2025/02/14 16:37:08 Expr: Rows: type of expression is &types.Pointer{base:(*types.Named)(0xc00a9f96c0)}; Resolved type: *github.com/DATA-DOG/go-sqlmock.Rows; Out: [github.com/DATA-DOG/go-sqlmock.Rows]
2025/02/14 16:37:08 Recording and checking type: github.com/DATA-DOG/go-sqlmock.Rows
2025/02/14 16:37:08 Processing struct: github.com/DATA-DOG/go-sqlmock.Rows with 7 fields
2025/02/14 16:37:08 Expr: Rows: type of expression is &types.Named{check:(*types.Checker)(nil), obj:(*types.TypeName)(0xc00bfc2b40), fromRHS:(*types.Struct)(0xc00bd81410), inst:(*types.instance)(nil), mu:sync.Mutex{state:0, sema:0x0}, state_:0x2, underlying:(*types.Struct)(0xc00bd81410), tparams:(*types.TypeParamList)(nil), methods:[]*types.Func{(*types.Func)(0xc00c230600), (*types.Func)(0xc00c2306c0), (*types.Func)(0xc00c230780), (*types.Func)(0xc00c230840), (*types.Func)(0xc00c230900)}, loader:(func(*types.Named) ([]*types.TypeParam, types.Type, []*types.Func))(nil)}; Resolved type: github.com/DATA-DOG/go-sqlmock.Rows; Out: [github.com/DATA-DOG/go-sqlmock.Rows]
2025/02/14 16:37:08 Already collected type: github.com/DATA-DOG/go-sqlmock.Rows. Current structs: [github.com/DATA-DOG/go-sqlmock.Sqlmock github.com/jinzhu/gorm.DB github.com/raahii/golang-grpc-realworld-example/store.ArticleStore github.com/raahii/golang-grpc-realworld-example/store.testdata github.com/raahii/golang-grpc-realworld-example/model.Article github.com/raahii/golang-grpc-realworld-example/model.User github.com/jinzhu/gorm.Model github.com/raahii/golang-grpc-realworld-example/store.testQuery github.com/DATA-DOG/go-sqlmock.Rows]
2025/02/14 16:37:08 Resolved slice type: []github.com/raahii/golang-grpc-realworld-example/store.testQuery
2025/02/14 16:37:08 Already collected type: github.com/raahii/golang-grpc-realworld-example/store.testQuery. Current structs: [github.com/DATA-DOG/go-sqlmock.Sqlmock github.com/jinzhu/gorm.DB github.com/raahii/golang-grpc-realworld-example/store.ArticleStore github.com/raahii/golang-grpc-realworld-example/store.testdata github.com/raahii/golang-grpc-realworld-example/model.Article github.com/raahii/golang-grpc-realworld-example/model.User github.com/jinzhu/gorm.Model github.com/raahii/golang-grpc-realworld-example/store.testQuery github.com/DATA-DOG/go-sqlmock.Rows]
2025/02/14 16:37:08 Resolved slice type: []github.com/raahii/golang-grpc-realworld-example/store.testQuery
2025/02/14 16:37:08 Already collected type: github.com/raahii/golang-grpc-realworld-example/store.testQuery. Current structs: [github.com/DATA-DOG/go-sqlmock.Sqlmock github.com/jinzhu/gorm.DB github.com/raahii/golang-grpc-realworld-example/store.ArticleStore github.com/raahii/golang-grpc-realworld-example/store.testdata github.com/raahii/golang-grpc-realworld-example/model.Article github.com/raahii/golang-grpc-realworld-example/model.User github.com/jinzhu/gorm.Model github.com/raahii/golang-grpc-realworld-example/store.testQuery github.com/DATA-DOG/go-sqlmock.Rows]
2025/02/14 16:37:08 Expr: testQuery: type of expression is &types.Named{check:(*types.Checker)(nil), obj:(*types.TypeName)(0xc01e54cbe0), fromRHS:(*types.Struct)(0xc01f018450), inst:(*types.instance)(nil), mu:sync.Mutex{state:0, sema:0x0}, state_:0x2, underlying:(*types.Struct)(0xc01f018450), tparams:(*types.TypeParamList)(nil), methods:[]*types.Func(nil), loader:(func(*types.Named) ([]*types.TypeParam, types.Type, []*types.Func))(nil)}; Resolved type: github.com/raahii/golang-grpc-realworld-example/store.testQuery; Out: [github.com/raahii/golang-grpc-realworld-example/store.testQuery]
2025/02/14 16:37:08 Already collected type: github.com/raahii/golang-grpc-realworld-example/store.testQuery. Current structs: [github.com/DATA-DOG/go-sqlmock.Sqlmock github.com/jinzhu/gorm.DB github.com/raahii/golang-grpc-realworld-example/store.ArticleStore github.com/raahii/golang-grpc-realworld-example/store.testdata github.com/raahii/golang-grpc-realworld-example/model.Article github.com/raahii/golang-grpc-realworld-example/model.User github.com/jinzhu/gorm.Model github.com/raahii/golang-grpc-realworld-example/store.testQuery github.com/DATA-DOG/go-sqlmock.Rows]
2025/02/14 16:37:08 Resolved slice type: []database/sql/driver.Value
2025/02/14 16:37:08 Expr: Value: type of expression is &types.Named{check:(*types.Checker)(nil), obj:(*types.TypeName)(0xc00da6d720), fromRHS:(*types.Interface)(0xc00006c960), inst:(*types.instance)(nil), mu:sync.Mutex{state:0, sema:0x0}, state_:0x2, underlying:(*types.Interface)(0xc00006c960), tparams:(*types.TypeParamList)(nil), methods:[]*types.Func(nil), loader:(func(*types.Named) ([]*types.TypeParam, types.Type, []*types.Func))(nil)}; Resolved type: database/sql/driver.Value; Out: []
2025/02/14 16:37:08 Expr: test: type of expression is &types.Named{check:(*types.Checker)(nil), obj:(*types.TypeName)(0xc01e54caf0), fromRHS:(*types.Struct)(0xc01f018000), inst:(*types.instance)(nil), mu:sync.Mutex{state:0, sema:0x0}, state_:0x2, underlying:(*types.Struct)(0xc01f018000), tparams:(*types.TypeParamList)(nil), methods:[]*types.Func(nil), loader:(func(*types.Named) ([]*types.TypeParam, types.Type, []*types.Func))(nil)}; Resolved type: github.com/raahii/golang-grpc-realworld-example/store.testdata; Out: [github.com/raahii/golang-grpc-realworld-example/store.testdata]
2025/02/14 16:37:08 Already collected type: github.com/raahii/golang-grpc-realworld-example/store.testdata. Current structs: [github.com/DATA-DOG/go-sqlmock.Sqlmock github.com/jinzhu/gorm.DB github.com/raahii/golang-grpc-realworld-example/store.ArticleStore github.com/raahii/golang-grpc-realworld-example/store.testdata github.com/raahii/golang-grpc-realworld-example/model.Article github.com/raahii/golang-grpc-realworld-example/model.User github.com/jinzhu/gorm.Model github.com/raahii/golang-grpc-realworld-example/store.testQuery github.com/DATA-DOG/go-sqlmock.Rows]
2025/02/14 16:37:08 Expr: Article: type of expression is &types.Pointer{base:(*types.Named)(0xc017970d20)}; Resolved type: *github.com/raahii/golang-grpc-realworld-example/model.Article; Out: [github.com/raahii/golang-grpc-realworld-example/model.Article]
2025/02/14 16:37:08 Already collected type: github.com/raahii/golang-grpc-realworld-example/model.Article. Current structs: [github.com/DATA-DOG/go-sqlmock.Sqlmock github.com/jinzhu/gorm.DB github.com/raahii/golang-grpc-realworld-example/store.ArticleStore github.com/raahii/golang-grpc-realworld-example/store.testdata github.com/raahii/golang-grpc-realworld-example/model.Article github.com/raahii/golang-grpc-realworld-example/model.User github.com/jinzhu/gorm.Model github.com/raahii/golang-grpc-realworld-example/store.testQuery github.com/DATA-DOG/go-sqlmock.Rows]
2025/02/14 16:37:08 Expr: Rows: type of expression is &types.Pointer{base:(*types.Named)(0xc00a9f96c0)}; Resolved type: *github.com/DATA-DOG/go-sqlmock.Rows; Out: [github.com/DATA-DOG/go-sqlmock.Rows]
2025/02/14 16:37:08 Already collected type: github.com/DATA-DOG/go-sqlmock.Rows. Current structs: [github.com/DATA-DOG/go-sqlmock.Sqlmock github.com/jinzhu/gorm.DB github.com/raahii/golang-grpc-realworld-example/store.ArticleStore github.com/raahii/golang-grpc-realworld-example/store.testdata github.com/raahii/golang-grpc-realworld-example/model.Article github.com/raahii/golang-grpc-realworld-example/model.User github.com/jinzhu/gorm.Model github.com/raahii/golang-grpc-realworld-example/store.testQuery github.com/DATA-DOG/go-sqlmock.Rows]
2025/02/14 16:37:08 Expr: NewRows: type of expression is &types.Signature{rparams:(*types.TypeParamList)(nil), tparams:(*types.TypeParamList)(nil), scope:(*types.Scope)(0xc00c73e180), recv:(*types.Var)(nil), params:(*types.Tuple)(0xc00bfaf818), results:(*types.Tuple)(0xc00bfaf830), variadic:false}; Resolved type: func(columns []string) *github.com/DATA-DOG/go-sqlmock.Rows; Out: []
2025/02/14 16:37:08 Expr: AddRow: type of expression is &types.Signature{rparams:(*types.TypeParamList)(nil), tparams:(*types.TypeParamList)(nil), scope:(*types.Scope)(0xc00c73e720), recv:(*types.Var)(0xc00c73e7e0), params:(*types.Tuple)(0xc00bfaf8a8), results:(*types.Tuple)(0xc00bfaf8c0), variadic:true}; Resolved type: func(values ...database/sql/driver.Value) *github.com/DATA-DOG/go-sqlmock.Rows; Out: []
2025/02/14 16:37:08 Expr: test: type of expression is &types.Named{check:(*types.Checker)(nil), obj:(*types.TypeName)(0xc01e54caf0), fromRHS:(*types.Struct)(0xc01f018000), inst:(*types.instance)(nil), mu:sync.Mutex{state:0, sema:0x0}, state_:0x2, underlying:(*types.Struct)(0xc01f018000), tparams:(*types.TypeParamList)(nil), methods:[]*types.Func(nil), loader:(func(*types.Named) ([]*types.TypeParam, types.Type, []*types.Func))(nil)}; Resolved type: github.com/raahii/golang-grpc-realworld-example/store.testdata; Out: [github.com/raahii/golang-grpc-realworld-example/store.testdata]
2025/02/14 16:37:08 Already collected type: github.com/raahii/golang-grpc-realworld-example/store.testdata. Current structs: [github.com/DATA-DOG/go-sqlmock.Sqlmock github.com/jinzhu/gorm.DB github.com/raahii/golang-grpc-realworld-example/store.ArticleStore github.com/raahii/golang-grpc-realworld-example/store.testdata github.com/raahii/golang-grpc-realworld-example/model.Article github.com/raahii/golang-grpc-realworld-example/model.User github.com/jinzhu/gorm.Model github.com/raahii/golang-grpc-realworld-example/store.testQuery github.com/DATA-DOG/go-sqlmock.Rows]
2025/02/14 16:37:08 Expr: Article: type of expression is &types.Pointer{base:(*types.Named)(0xc017970d20)}; Resolved type: *github.com/raahii/golang-grpc-realworld-example/model.Article; Out: [github.com/raahii/golang-grpc-realworld-example/model.Article]
2025/02/14 16:37:08 Already collected type: github.com/raahii/golang-grpc-realworld-example/model.Article. Current structs: [github.com/DATA-DOG/go-sqlmock.Sqlmock github.com/jinzhu/gorm.DB github.com/raahii/golang-grpc-realworld-example/store.ArticleStore github.com/raahii/golang-grpc-realworld-example/store.testdata github.com/raahii/golang-grpc-realworld-example/model.Article github.com/raahii/golang-grpc-realworld-example/model.User github.com/jinzhu/gorm.Model github.com/raahii/golang-grpc-realworld-example/store.testQuery github.com/DATA-DOG/go-sqlmock.Rows]
2025/02/14 16:37:08 Resolved slice type: []database/sql/driver.Value
2025/02/14 16:37:08 Expr: Value: type of expression is &types.Named{check:(*types.Checker)(nil), obj:(*types.TypeName)(0xc00da6d720), fromRHS:(*types.Interface)(0xc00006c960), inst:(*types.instance)(nil), mu:sync.Mutex{state:0, sema:0x0}, state_:0x2, underlying:(*types.Interface)(0xc00006c960), tparams:(*types.TypeParamList)(nil), methods:[]*types.Func(nil), loader:(func(*types.Named) ([]*types.TypeParam, types.Type, []*types.Func))(nil)}; Resolved type: database/sql/driver.Value; Out: []
2025/02/14 16:37:08 Expr: test: type of expression is &types.Named{check:(*types.Checker)(nil), obj:(*types.TypeName)(0xc01e54caf0), fromRHS:(*types.Struct)(0xc01f018000), inst:(*types.instance)(nil), mu:sync.Mutex{state:0, sema:0x0}, state_:0x2, underlying:(*types.Struct)(0xc01f018000), tparams:(*types.TypeParamList)(nil), methods:[]*types.Func(nil), loader:(func(*types.Named) ([]*types.TypeParam, types.Type, []*types.Func))(nil)}; Resolved type: github.com/raahii/golang-grpc-realworld-example/store.testdata; Out: [github.com/raahii/golang-grpc-realworld-example/store.testdata]
2025/02/14 16:37:08 Already collected type: github.com/raahii/golang-grpc-realworld-example/store.testdata. Current structs: [github.com/DATA-DOG/go-sqlmock.Sqlmock github.com/jinzhu/gorm.DB github.com/raahii/golang-grpc-realworld-example/store.ArticleStore github.com/raahii/golang-grpc-realworld-example/store.testdata github.com/raahii/golang-grpc-realworld-example/model.Article github.com/raahii/golang-grpc-realworld-example/model.User github.com/jinzhu/gorm.Model github.com/raahii/golang-grpc-realworld-example/store.testQuery github.com/DATA-DOG/go-sqlmock.Rows]
2025/02/14 16:37:08 Expr: User: type of expression is &types.Pointer{base:(*types.Named)(0xc017970e00)}; Resolved type: *github.com/raahii/golang-grpc-realworld-example/model.User; Out: [github.com/raahii/golang-grpc-realworld-example/model.User]
2025/02/14 16:37:08 Already collected type: github.com/raahii/golang-grpc-realworld-example/model.User. Current structs: [github.com/DATA-DOG/go-sqlmock.Sqlmock github.com/jinzhu/gorm.DB github.com/raahii/golang-grpc-realworld-example/store.ArticleStore github.com/raahii/golang-grpc-realworld-example/store.testdata github.com/raahii/golang-grpc-realworld-example/model.Article github.com/raahii/golang-grpc-realworld-example/model.User github.com/jinzhu/gorm.Model github.com/raahii/golang-grpc-realworld-example/store.testQuery github.com/DATA-DOG/go-sqlmock.Rows]
2025/02/14 16:37:08 Expr: Rows: type of expression is &types.Pointer{base:(*types.Named)(0xc00a9f96c0)}; Resolved type: *github.com/DATA-DOG/go-sqlmock.Rows; Out: [github.com/DATA-DOG/go-sqlmock.Rows]
2025/02/14 16:37:08 Already collected type: github.com/DATA-DOG/go-sqlmock.Rows. Current structs: [github.com/DATA-DOG/go-sqlmock.Sqlmock github.com/jinzhu/gorm.DB github.com/raahii/golang-grpc-realworld-example/store.ArticleStore github.com/raahii/golang-grpc-realworld-example/store.testdata github.com/raahii/golang-grpc-realworld-example/model.Article github.com/raahii/golang-grpc-realworld-example/model.User github.com/jinzhu/gorm.Model github.com/raahii/golang-grpc-realworld-example/store.testQuery github.com/DATA-DOG/go-sqlmock.Rows]
2025/02/14 16:37:08 Expr: NewRows: type of expression is &types.Signature{rparams:(*types.TypeParamList)(nil), tparams:(*types.TypeParamList)(nil), scope:(*types.Scope)(0xc00c73e180), recv:(*types.Var)(nil), params:(*types.Tuple)(0xc00bfaf818), results:(*types.Tuple)(0xc00bfaf830), variadic:false}; Resolved type: func(columns []string) *github.com/DATA-DOG/go-sqlmock.Rows; Out: []
2025/02/14 16:37:08 Expr: AddRow: type of expression is &types.Signature{rparams:(*types.TypeParamList)(nil), tparams:(*types.TypeParamList)(nil), scope:(*types.Scope)(0xc00c73e720), recv:(*types.Var)(0xc00c73e7e0), params:(*types.Tuple)(0xc00bfaf8a8), results:(*types.Tuple)(0xc00bfaf8c0), variadic:true}; Resolved type: func(values ...database/sql/driver.Value) *github.com/DATA-DOG/go-sqlmock.Rows; Out: []
2025/02/14 16:37:08 Expr: test: type of expression is &types.Named{check:(*types.Checker)(nil), obj:(*types.TypeName)(0xc01e54caf0), fromRHS:(*types.Struct)(0xc01f018000), inst:(*types.instance)(nil), mu:sync.Mutex{state:0, sema:0x0}, state_:0x2, underlying:(*types.Struct)(0xc01f018000), tparams:(*types.TypeParamList)(nil), methods:[]*types.Func(nil), loader:(func(*types.Named) ([]*types.TypeParam, types.Type, []*types.Func))(nil)}; Resolved type: github.com/raahii/golang-grpc-realworld-example/store.testdata; Out: [github.com/raahii/golang-grpc-realworld-example/store.testdata]
2025/02/14 16:37:08 Already collected type: github.com/raahii/golang-grpc-realworld-example/store.testdata. Current structs: [github.com/DATA-DOG/go-sqlmock.Sqlmock github.com/jinzhu/gorm.DB github.com/raahii/golang-grpc-realworld-example/store.ArticleStore github.com/raahii/golang-grpc-realworld-example/store.testdata github.com/raahii/golang-grpc-realworld-example/model.Article github.com/raahii/golang-grpc-realworld-example/model.User github.com/jinzhu/gorm.Model github.com/raahii/golang-grpc-realworld-example/store.testQuery github.com/DATA-DOG/go-sqlmock.Rows]
2025/02/14 16:37:08 Expr: User: type of expression is &types.Pointer{base:(*types.Named)(0xc017970e00)}; Resolved type: *github.com/raahii/golang-grpc-realworld-example/model.User; Out: [github.com/raahii/golang-grpc-realworld-example/model.User]
2025/02/14 16:37:08 Already collected type: github.com/raahii/golang-grpc-realworld-example/model.User. Current structs: [github.com/DATA-DOG/go-sqlmock.Sqlmock github.com/jinzhu/gorm.DB github.com/raahii/golang-grpc-realworld-example/store.ArticleStore github.com/raahii/golang-grpc-realworld-example/store.testdata github.com/raahii/golang-grpc-realworld-example/model.Article github.com/raahii/golang-grpc-realworld-example/model.User github.com/jinzhu/gorm.Model github.com/raahii/golang-grpc-realworld-example/store.testQuery github.com/DATA-DOG/go-sqlmock.Rows]
2025/02/14 16:37:08 Resolved slice type: []database/sql/driver.Value
2025/02/14 16:37:08 Expr: Value: type of expression is &types.Named{check:(*types.Checker)(nil), obj:(*types.TypeName)(0xc00da6d720), fromRHS:(*types.Interface)(0xc00006c960), inst:(*types.instance)(nil), mu:sync.Mutex{state:0, sema:0x0}, state_:0x2, underlying:(*types.Interface)(0xc00006c960), tparams:(*types.TypeParamList)(nil), methods:[]*types.Func(nil), loader:(func(*types.Named) ([]*types.TypeParam, types.Type, []*types.Func))(nil)}; Resolved type: database/sql/driver.Value; Out: []
2025/02/14 16:37:08 Expr: test: type of expression is &types.Named{check:(*types.Checker)(nil), obj:(*types.TypeName)(0xc01e54caf0), fromRHS:(*types.Struct)(0xc01f018000), inst:(*types.instance)(nil), mu:sync.Mutex{state:0, sema:0x0}, state_:0x2, underlying:(*types.Struct)(0xc01f018000), tparams:(*types.TypeParamList)(nil), methods:[]*types.Func(nil), loader:(func(*types.Named) ([]*types.TypeParam, types.Type, []*types.Func))(nil)}; Resolved type: github.com/raahii/golang-grpc-realworld-example/store.testdata; Out: [github.com/raahii/golang-grpc-realworld-example/store.testdata]
2025/02/14 16:37:08 Already collected type: github.com/raahii/golang-grpc-realworld-example/store.testdata. Current structs: [github.com/DATA-DOG/go-sqlmock.Sqlmock github.com/jinzhu/gorm.DB github.com/raahii/golang-grpc-realworld-example/store.ArticleStore github.com/raahii/golang-grpc-realworld-example/store.testdata github.com/raahii/golang-grpc-realworld-example/model.Article github.com/raahii/golang-grpc-realworld-example/model.User github.com/jinzhu/gorm.Model github.com/raahii/golang-grpc-realworld-example/store.testQuery github.com/DATA-DOG/go-sqlmock.Rows]
2025/02/14 16:37:08 Expr: User: type of expression is &types.Pointer{base:(*types.Named)(0xc017970e00)}; Resolved type: *github.com/raahii/golang-grpc-realworld-example/model.User; Out: [github.com/raahii/golang-grpc-realworld-example/model.User]
2025/02/14 16:37:08 Already collected type: github.com/raahii/golang-grpc-realworld-example/model.User. Current structs: [github.com/DATA-DOG/go-sqlmock.Sqlmock github.com/jinzhu/gorm.DB github.com/raahii/golang-grpc-realworld-example/store.ArticleStore github.com/raahii/golang-grpc-realworld-example/store.testdata github.com/raahii/golang-grpc-realworld-example/model.Article github.com/raahii/golang-grpc-realworld-example/model.User github.com/jinzhu/gorm.Model github.com/raahii/golang-grpc-realworld-example/store.testQuery github.com/DATA-DOG/go-sqlmock.Rows]
2025/02/14 16:37:08 Expr: test: type of expression is &types.Named{check:(*types.Checker)(nil), obj:(*types.TypeName)(0xc01e54caf0), fromRHS:(*types.Struct)(0xc01f018000), inst:(*types.instance)(nil), mu:sync.Mutex{state:0, sema:0x0}, state_:0x2, underlying:(*types.Struct)(0xc01f018000), tparams:(*types.TypeParamList)(nil), methods:[]*types.Func(nil), loader:(func(*types.Named) ([]*types.TypeParam, types.Type, []*types.Func))(nil)}; Resolved type: github.com/raahii/golang-grpc-realworld-example/store.testdata; Out: [github.com/raahii/golang-grpc-realworld-example/store.testdata]
2025/02/14 16:37:08 Already collected type: github.com/raahii/golang-grpc-realworld-example/store.testdata. Current structs: [github.com/DATA-DOG/go-sqlmock.Sqlmock github.com/jinzhu/gorm.DB github.com/raahii/golang-grpc-realworld-example/store.ArticleStore github.com/raahii/golang-grpc-realworld-example/store.testdata github.com/raahii/golang-grpc-realworld-example/model.Article github.com/raahii/golang-grpc-realworld-example/model.User github.com/jinzhu/gorm.Model github.com/raahii/golang-grpc-realworld-example/store.testQuery github.com/DATA-DOG/go-sqlmock.Rows]
2025/02/14 16:37:08 Expr: Article: type of expression is &types.Pointer{base:(*types.Named)(0xc017970d20)}; Resolved type: *github.com/raahii/golang-grpc-realworld-example/model.Article; Out: [github.com/raahii/golang-grpc-realworld-example/model.Article]
2025/02/14 16:37:08 Already collected type: github.com/raahii/golang-grpc-realworld-example/model.Article. Current structs: [github.com/DATA-DOG/go-sqlmock.Sqlmock github.com/jinzhu/gorm.DB github.com/raahii/golang-grpc-realworld-example/store.ArticleStore github.com/raahii/golang-grpc-realworld-example/store.testdata github.com/raahii/golang-grpc-realworld-example/model.Article github.com/raahii/golang-grpc-realworld-example/model.User github.com/jinzhu/gorm.Model github.com/raahii/golang-grpc-realworld-example/store.testQuery github.com/DATA-DOG/go-sqlmock.Rows]
2025/02/14 16:37:08 Resolved slice type: []database/sql/driver.Value
2025/02/14 16:37:08 Expr: Value: type of expression is &types.Named{check:(*types.Checker)(nil), obj:(*types.TypeName)(0xc00da6d720), fromRHS:(*types.Interface)(0xc00006c960), inst:(*types.instance)(nil), mu:sync.Mutex{state:0, sema:0x0}, state_:0x2, underlying:(*types.Interface)(0xc00006c960), tparams:(*types.TypeParamList)(nil), methods:[]*types.Func(nil), loader:(func(*types.Named) ([]*types.TypeParam, types.Type, []*types.Func))(nil)}; Resolved type: database/sql/driver.Value; Out: []
2025/02/14 16:37:08 Expr: test: type of expression is &types.Named{check:(*types.Checker)(nil), obj:(*types.TypeName)(0xc01e54caf0), fromRHS:(*types.Struct)(0xc01f018000), inst:(*types.instance)(nil), mu:sync.Mutex{state:0, sema:0x0}, state_:0x2, underlying:(*types.Struct)(0xc01f018000), tparams:(*types.TypeParamList)(nil), methods:[]*types.Func(nil), loader:(func(*types.Named) ([]*types.TypeParam, types.Type, []*types.Func))(nil)}; Resolved type: github.com/raahii/golang-grpc-realworld-example/store.testdata; Out: [github.com/raahii/golang-grpc-realworld-example/store.testdata]
2025/02/14 16:37:08 Already collected type: github.com/raahii/golang-grpc-realworld-example/store.testdata. Current structs: [github.com/DATA-DOG/go-sqlmock.Sqlmock github.com/jinzhu/gorm.DB github.com/raahii/golang-grpc-realworld-example/store.ArticleStore github.com/raahii/golang-grpc-realworld-example/store.testdata github.com/raahii/golang-grpc-realworld-example/model.Article github.com/raahii/golang-grpc-realworld-example/model.User github.com/jinzhu/gorm.Model github.com/raahii/golang-grpc-realworld-example/store.testQuery github.com/DATA-DOG/go-sqlmock.Rows]
2025/02/14 16:37:08 Expr: Article: type of expression is &types.Pointer{base:(*types.Named)(0xc017970d20)}; Resolved type: *github.com/raahii/golang-grpc-realworld-example/model.Article; Out: [github.com/raahii/golang-grpc-realworld-example/model.Article]
2025/02/14 16:37:08 Already collected type: github.com/raahii/golang-grpc-realworld-example/model.Article. Current structs: [github.com/DATA-DOG/go-sqlmock.Sqlmock github.com/jinzhu/gorm.DB github.com/raahii/golang-grpc-realworld-example/store.ArticleStore github.com/raahii/golang-grpc-realworld-example/store.testdata github.com/raahii/golang-grpc-realworld-example/model.Article github.com/raahii/golang-grpc-realworld-example/model.User github.com/jinzhu/gorm.Model github.com/raahii/golang-grpc-realworld-example/store.testQuery github.com/DATA-DOG/go-sqlmock.Rows]
2025/02/14 16:37:08 Expr: q: type of expression is &types.Named{check:(*types.Checker)(nil), obj:(*types.TypeName)(0xc01e54cbe0), fromRHS:(*types.Struct)(0xc01f018450), inst:(*types.instance)(nil), mu:sync.Mutex{state:0, sema:0x0}, state_:0x2, underlying:(*types.Struct)(0xc01f018450), tparams:(*types.TypeParamList)(nil), methods:[]*types.Func(nil), loader:(func(*types.Named) ([]*types.TypeParam, types.Type, []*types.Func))(nil)}; Resolved type: github.com/raahii/golang-grpc-realworld-example/store.testQuery; Out: [github.com/raahii/golang-grpc-realworld-example/store.testQuery]
2025/02/14 16:37:08 Already collected type: github.com/raahii/golang-grpc-realworld-example/store.testQuery. Current structs: [github.com/DATA-DOG/go-sqlmock.Sqlmock github.com/jinzhu/gorm.DB github.com/raahii/golang-grpc-realworld-example/store.ArticleStore github.com/raahii/golang-grpc-realworld-example/store.testdata github.com/raahii/golang-grpc-realworld-example/model.Article github.com/raahii/golang-grpc-realworld-example/model.User github.com/jinzhu/gorm.Model github.com/raahii/golang-grpc-realworld-example/store.testQuery github.com/DATA-DOG/go-sqlmock.Rows]
2025/02/14 16:37:08 Resolved slice type: []github.com/raahii/golang-grpc-realworld-example/store.testQuery
2025/02/14 16:37:08 Already collected type: github.com/raahii/golang-grpc-realworld-example/store.testQuery. Current structs: [github.com/DATA-DOG/go-sqlmock.Sqlmock github.com/jinzhu/gorm.DB github.com/raahii/golang-grpc-realworld-example/store.ArticleStore github.com/raahii/golang-grpc-realworld-example/store.testdata github.com/raahii/golang-grpc-realworld-example/model.Article github.com/raahii/golang-grpc-realworld-example/model.User github.com/jinzhu/gorm.Model github.com/raahii/golang-grpc-realworld-example/store.testQuery github.com/DATA-DOG/go-sqlmock.Rows]
2025/02/14 16:37:08 Expr: &{Fun:0xc01e4d3800 Lparen:14969884 Args:[0xc01e4d3818] Ellipsis:0 Rparen:14969891}: type of expression is &types.Pointer{base:(*types.Named)(0xc00a9f9260)}; Resolved type: *github.com/DATA-DOG/go-sqlmock.ExpectedQuery; Out: [github.com/DATA-DOG/go-sqlmock.ExpectedQuery]
2025/02/14 16:37:08 Recording and checking type: github.com/DATA-DOG/go-sqlmock.ExpectedQuery
2025/02/14 16:37:08 Processing struct: github.com/DATA-DOG/go-sqlmock.ExpectedQuery with 5 fields
2025/02/14 16:37:08 Expr: mock: type of expression is &types.Named{check:(*types.Checker)(nil), obj:(*types.TypeName)(0xc00bfc2c80), fromRHS:(*types.Interface)(0xc00bfc2e60), inst:(*types.instance)(nil), mu:sync.Mutex{state:0, sema:0x0}, state_:0x2, underlying:(*types.Interface)(0xc00bfc2e60), tparams:(*types.TypeParamList)(nil), methods:[]*types.Func(nil), loader:(func(*types.Named) ([]*types.TypeParam, types.Type, []*types.Func))(nil)}; Resolved type: github.com/DATA-DOG/go-sqlmock.Sqlmock; Out: [github.com/DATA-DOG/go-sqlmock.Sqlmock]
2025/02/14 16:37:08 Already collected type: github.com/DATA-DOG/go-sqlmock.Sqlmock. Current structs: [github.com/DATA-DOG/go-sqlmock.Sqlmock github.com/jinzhu/gorm.DB github.com/raahii/golang-grpc-realworld-example/store.ArticleStore github.com/raahii/golang-grpc-realworld-example/store.testdata github.com/raahii/golang-grpc-realworld-example/model.Article github.com/raahii/golang-grpc-realworld-example/model.User github.com/jinzhu/gorm.Model github.com/raahii/golang-grpc-realworld-example/store.testQuery github.com/DATA-DOG/go-sqlmock.Rows github.com/DATA-DOG/go-sqlmock.ExpectedQuery]
2025/02/14 16:37:08 Expr: ExpectQuery: type of expression is &types.Signature{rparams:(*types.TypeParamList)(nil), tparams:(*types.TypeParamList)(nil), scope:(*types.Scope)(0xc00c3e0720), recv:(*types.Var)(0xc00c3e08a0), params:(*types.Tuple)(0xc00bfaeac8), results:(*types.Tuple)(0xc00bfaeae0), variadic:false}; Resolved type: func(expectedSQL string) *github.com/DATA-DOG/go-sqlmock.ExpectedQuery; Out: []
2025/02/14 16:37:08 Expr: q: type of expression is &types.Named{check:(*types.Checker)(nil), obj:(*types.TypeName)(0xc01e54cbe0), fromRHS:(*types.Struct)(0xc01f018450), inst:(*types.instance)(nil), mu:sync.Mutex{state:0, sema:0x0}, state_:0x2, underlying:(*types.Struct)(0xc01f018450), tparams:(*types.TypeParamList)(nil), methods:[]*types.Func(nil), loader:(func(*types.Named) ([]*types.TypeParam, types.Type, []*types.Func))(nil)}; Resolved type: github.com/raahii/golang-grpc-realworld-example/store.testQuery; Out: [github.com/raahii/golang-grpc-realworld-example/store.testQuery]
2025/02/14 16:37:08 Already collected type: github.com/raahii/golang-grpc-realworld-example/store.testQuery. Current structs: [github.com/DATA-DOG/go-sqlmock.Sqlmock github.com/jinzhu/gorm.DB github.com/raahii/golang-grpc-realworld-example/store.ArticleStore github.com/raahii/golang-grpc-realworld-example/store.testdata github.com/raahii/golang-grpc-realworld-example/model.Article github.com/raahii/golang-grpc-realworld-example/model.User github.com/jinzhu/gorm.Model github.com/raahii/golang-grpc-realworld-example/store.testQuery github.com/DATA-DOG/go-sqlmock.Rows github.com/DATA-DOG/go-sqlmock.ExpectedQuery]
2025/02/14 16:37:08 Expr: WithArgs: type of expression is &types.Signature{rparams:(*types.TypeParamList)(nil), tparams:(*types.TypeParamList)(nil), scope:(*types.Scope)(0xc00c7110e0), recv:(*types.Var)(0xc00c7111a0), params:(*types.Tuple)(0xc00bfaf0e0), results:(*types.Tuple)(0xc00bfaf0f8), variadic:true}; Resolved type: func(args ...database/sql/driver.Value) *github.com/DATA-DOG/go-sqlmock.ExpectedQuery; Out: []
2025/02/14 16:37:08 Expr: q: type of expression is &types.Named{check:(*types.Checker)(nil), obj:(*types.TypeName)(0xc01e54cbe0), fromRHS:(*types.Struct)(0xc01f018450), inst:(*types.instance)(nil), mu:sync.Mutex{state:0, sema:0x0}, state_:0x2, underlying:(*types.Struct)(0xc01f018450), tparams:(*types.TypeParamList)(nil), methods:[]*types.Func(nil), loader:(func(*types.Named) ([]*types.TypeParam, types.Type, []*types.Func))(nil)}; Resolved type: github.com/raahii/golang-grpc-realworld-example/store.testQuery; Out: [github.com/raahii/golang-grpc-realworld-example/store.testQuery]
2025/02/14 16:37:08 Already collected type: github.com/raahii/golang-grpc-realworld-example/store.testQuery. Current structs: [github.com/DATA-DOG/go-sqlmock.Sqlmock github.com/jinzhu/gorm.DB github.com/raahii/golang-grpc-realworld-example/store.ArticleStore github.com/raahii/golang-grpc-realworld-example/store.testdata github.com/raahii/golang-grpc-realworld-example/model.Article github.com/raahii/golang-grpc-realworld-example/model.User github.com/jinzhu/gorm.Model github.com/raahii/golang-grpc-realworld-example/store.testQuery github.com/DATA-DOG/go-sqlmock.Rows github.com/DATA-DOG/go-sqlmock.ExpectedQuery]
2025/02/14 16:37:08 Resolved slice type: []database/sql/driver.Value
2025/02/14 16:37:08 Expr: WillReturnRows: type of expression is &types.Signature{rparams:(*types.TypeParamList)(nil), tparams:(*types.TypeParamList)(nil), scope:(*types.Scope)(0xc00c7156e0), recv:(*types.Var)(0xc00c7157a0), params:(*types.Tuple)(0xc00bfaf410), results:(*types.Tuple)(0xc00bfaf428), variadic:true}; Resolved type: func(rows ...*github.com/DATA-DOG/go-sqlmock.Rows) *github.com/DATA-DOG/go-sqlmock.ExpectedQuery; Out: []
2025/02/14 16:37:08 Expr: q: type of expression is &types.Named{check:(*types.Checker)(nil), obj:(*types.TypeName)(0xc01e54cbe0), fromRHS:(*types.Struct)(0xc01f018450), inst:(*types.instance)(nil), mu:sync.Mutex{state:0, sema:0x0}, state_:0x2, underlying:(*types.Struct)(0xc01f018450), tparams:(*types.TypeParamList)(nil), methods:[]*types.Func(nil), loader:(func(*types.Named) ([]*types.TypeParam, types.Type, []*types.Func))(nil)}; Resolved type: github.com/raahii/golang-grpc-realworld-example/store.testQuery; Out: [github.com/raahii/golang-grpc-realworld-example/store.testQuery]
2025/02/14 16:37:08 Already collected type: github.com/raahii/golang-grpc-realworld-example/store.testQuery. Current structs: [github.com/DATA-DOG/go-sqlmock.Sqlmock github.com/jinzhu/gorm.DB github.com/raahii/golang-grpc-realworld-example/store.ArticleStore github.com/raahii/golang-grpc-realworld-example/store.testdata github.com/raahii/golang-grpc-realworld-example/model.Article github.com/raahii/golang-grpc-realworld-example/model.User github.com/jinzhu/gorm.Model github.com/raahii/golang-grpc-realworld-example/store.testQuery github.com/DATA-DOG/go-sqlmock.Rows github.com/DATA-DOG/go-sqlmock.ExpectedQuery]
2025/02/14 16:37:08 Expr: Rows: type of expression is &types.Pointer{base:(*types.Named)(0xc00a9f96c0)}; Resolved type: *github.com/DATA-DOG/go-sqlmock.Rows; Out: [github.com/DATA-DOG/go-sqlmock.Rows]
2025/02/14 16:37:08 Already collected type: github.com/DATA-DOG/go-sqlmock.Rows. Current structs: [github.com/DATA-DOG/go-sqlmock.Sqlmock github.com/jinzhu/gorm.DB github.com/raahii/golang-grpc-realworld-example/store.ArticleStore github.com/raahii/golang-grpc-realworld-example/store.testdata github.com/raahii/golang-grpc-realworld-example/model.Article github.com/raahii/golang-grpc-realworld-example/model.User github.com/jinzhu/gorm.Model github.com/raahii/golang-grpc-realworld-example/store.testQuery github.com/DATA-DOG/go-sqlmock.Rows github.com/DATA-DOG/go-sqlmock.ExpectedQuery]
2025/02/14 16:37:08 Expr: &{Fun:0xc01e4d3830 Lparen:14969925 Args:[0xc01e4d3848 0xc01e4d3860] Ellipsis:0 Rparen:14969949}: type of expression is &types.Named{check:(*types.Checker)(nil), obj:(*types.TypeName)(0xc00006ca00), fromRHS:(*types.Interface)(0xc00006ca50), inst:(*types.instance)(nil), mu:sync.Mutex{state:0, sema:0x0}, state_:0x2, underlying:(*types.Interface)(0xc00006ca50), tparams:(*types.TypeParamList)(nil), methods:[]*types.Func(nil), loader:(func(*types.Named) ([]*types.TypeParam, types.Type, []*types.Func))(nil)}; Resolved type: error; Out: []
2025/02/14 16:37:08 Expr: err: type of expression is &types.Named{check:(*types.Checker)(nil), obj:(*types.TypeName)(0xc00006ca00), fromRHS:(*types.Interface)(0xc00006ca50), inst:(*types.instance)(nil), mu:sync.Mutex{state:0, sema:0x0}, state_:0x2, underlying:(*types.Interface)(0xc00006ca50), tparams:(*types.TypeParamList)(nil), methods:[]*types.Func(nil), loader:(func(*types.Named) ([]*types.TypeParam, types.Type, []*types.Func))(nil)}; Resolved type: error; Out: []
2025/02/14 16:37:08 Expr: store: type of expression is &types.Pointer{base:(*types.Named)(0xc015990ee0)}; Resolved type: *github.com/raahii/golang-grpc-realworld-example/store.ArticleStore; Out: [github.com/raahii/golang-grpc-realworld-example/store.ArticleStore]
2025/02/14 16:37:08 Already collected type: github.com/raahii/golang-grpc-realworld-example/store.ArticleStore. Current structs: [github.com/DATA-DOG/go-sqlmock.Sqlmock github.com/jinzhu/gorm.DB github.com/raahii/golang-grpc-realworld-example/store.ArticleStore github.com/raahii/golang-grpc-realworld-example/store.testdata github.com/raahii/golang-grpc-realworld-example/model.Article github.com/raahii/golang-grpc-realworld-example/model.User github.com/jinzhu/gorm.Model github.com/raahii/golang-grpc-realworld-example/store.testQuery github.com/DATA-DOG/go-sqlmock.Rows github.com/DATA-DOG/go-sqlmock.ExpectedQuery]
2025/02/14 16:37:08 Expr: AddFavorite: type of expression is &types.Signature{rparams:(*types.TypeParamList)(nil), tparams:(*types.TypeParamList)(nil), scope:(*types.Scope)(0xc01e69eae0), recv:(*types.Var)(0xc01e69eba0), params:(*types.Tuple)(0xc01eb43830), results:(*types.Tuple)(0xc01eb43848), variadic:false}; Resolved type: func(a *github.com/raahii/golang-grpc-realworld-example/model.Article, u *github.com/raahii/golang-grpc-realworld-example/model.User) error; Out: []
2025/02/14 16:37:08 Expr: test: type of expression is &types.Named{check:(*types.Checker)(nil), obj:(*types.TypeName)(0xc01e54caf0), fromRHS:(*types.Struct)(0xc01f018000), inst:(*types.instance)(nil), mu:sync.Mutex{state:0, sema:0x0}, state_:0x2, underlying:(*types.Struct)(0xc01f018000), tparams:(*types.TypeParamList)(nil), methods:[]*types.Func(nil), loader:(func(*types.Named) ([]*types.TypeParam, types.Type, []*types.Func))(nil)}; Resolved type: github.com/raahii/golang-grpc-realworld-example/store.testdata; Out: [github.com/raahii/golang-grpc-realworld-example/store.testdata]
2025/02/14 16:37:08 Already collected type: github.com/raahii/golang-grpc-realworld-example/store.testdata. Current structs: [github.com/DATA-DOG/go-sqlmock.Sqlmock github.com/jinzhu/gorm.DB github.com/raahii/golang-grpc-realworld-example/store.ArticleStore github.com/raahii/golang-grpc-realworld-example/store.testdata github.com/raahii/golang-grpc-realworld-example/model.Article github.com/raahii/golang-grpc-realworld-example/model.User github.com/jinzhu/gorm.Model github.com/raahii/golang-grpc-realworld-example/store.testQuery github.com/DATA-DOG/go-sqlmock.Rows github.com/DATA-DOG/go-sqlmock.ExpectedQuery]
2025/02/14 16:37:08 Expr: Article: type of expression is &types.Pointer{base:(*types.Named)(0xc017970d20)}; Resolved type: *github.com/raahii/golang-grpc-realworld-example/model.Article; Out: [github.com/raahii/golang-grpc-realworld-example/model.Article]
2025/02/14 16:37:08 Already collected type: github.com/raahii/golang-grpc-realworld-example/model.Article. Current structs: [github.com/DATA-DOG/go-sqlmock.Sqlmock github.com/jinzhu/gorm.DB github.com/raahii/golang-grpc-realworld-example/store.ArticleStore github.com/raahii/golang-grpc-realworld-example/store.testdata github.com/raahii/golang-grpc-realworld-example/model.Article github.com/raahii/golang-grpc-realworld-example/model.User github.com/jinzhu/gorm.Model github.com/raahii/golang-grpc-realworld-example/store.testQuery github.com/DATA-DOG/go-sqlmock.Rows github.com/DATA-DOG/go-sqlmock.ExpectedQuery]
2025/02/14 16:37:08 Expr: test: type of expression is &types.Named{check:(*types.Checker)(nil), obj:(*types.TypeName)(0xc01e54caf0), fromRHS:(*types.Struct)(0xc01f018000), inst:(*types.instance)(nil), mu:sync.Mutex{state:0, sema:0x0}, state_:0x2, underlying:(*types.Struct)(0xc01f018000), tparams:(*types.TypeParamList)(nil), methods:[]*types.Func(nil), loader:(func(*types.Named) ([]*types.TypeParam, types.Type, []*types.Func))(nil)}; Resolved type: github.com/raahii/golang-grpc-realworld-example/store.testdata; Out: [github.com/raahii/golang-grpc-realworld-example/store.testdata]
2025/02/14 16:37:08 Already collected type: github.com/raahii/golang-grpc-realworld-example/store.testdata. Current structs: [github.com/DATA-DOG/go-sqlmock.Sqlmock github.com/jinzhu/gorm.DB github.com/raahii/golang-grpc-realworld-example/store.ArticleStore github.com/raahii/golang-grpc-realworld-example/store.testdata github.com/raahii/golang-grpc-realworld-example/model.Article github.com/raahii/golang-grpc-realworld-example/model.User github.com/jinzhu/gorm.Model github.com/raahii/golang-grpc-realworld-example/store.testQuery github.com/DATA-DOG/go-sqlmock.Rows github.com/DATA-DOG/go-sqlmock.ExpectedQuery]
2025/02/14 16:37:08 Expr: User: type of expression is &types.Pointer{base:(*types.Named)(0xc017970e00)}; Resolved type: *github.com/raahii/golang-grpc-realworld-example/model.User; Out: [github.com/raahii/golang-grpc-realworld-example/model.User]
2025/02/14 16:37:08 Already collected type: github.com/raahii/golang-grpc-realworld-example/model.User. Current structs: [github.com/DATA-DOG/go-sqlmock.Sqlmock github.com/jinzhu/gorm.DB github.com/raahii/golang-grpc-realworld-example/store.ArticleStore github.com/raahii/golang-grpc-realworld-example/store.testdata github.com/raahii/golang-grpc-realworld-example/model.Article github.com/raahii/golang-grpc-realworld-example/model.User github.com/jinzhu/gorm.Model github.com/raahii/golang-grpc-realworld-example/store.testQuery github.com/DATA-DOG/go-sqlmock.Rows github.com/DATA-DOG/go-sqlmock.ExpectedQuery]
2025/02/14 16:37:08 Expr: Is: type of expression is &types.Signature{rparams:(*types.TypeParamList)(nil), tparams:(*types.TypeParamList)(nil), scope:(*types.Scope)(0xc00384c600), recv:(*types.Var)(nil), params:(*types.Tuple)(0xc003dbeb70), results:(*types.Tuple)(0xc003dbeb88), variadic:false}; Resolved type: func(err error, target error) bool; Out: []
2025/02/14 16:37:08 Expr: err: type of expression is &types.Named{check:(*types.Checker)(nil), obj:(*types.TypeName)(0xc00006ca00), fromRHS:(*types.Interface)(0xc00006ca50), inst:(*types.instance)(nil), mu:sync.Mutex{state:0, sema:0x0}, state_:0x2, underlying:(*types.Interface)(0xc00006ca50), tparams:(*types.TypeParamList)(nil), methods:[]*types.Func(nil), loader:(func(*types.Named) ([]*types.TypeParam, types.Type, []*types.Func))(nil)}; Resolved type: error; Out: []
2025/02/14 16:37:08 Expr: test: type of expression is &types.Named{check:(*types.Checker)(nil), obj:(*types.TypeName)(0xc01e54caf0), fromRHS:(*types.Struct)(0xc01f018000), inst:(*types.instance)(nil), mu:sync.Mutex{state:0, sema:0x0}, state_:0x2, underlying:(*types.Struct)(0xc01f018000), tparams:(*types.TypeParamList)(nil), methods:[]*types.Func(nil), loader:(func(*types.Named) ([]*types.TypeParam, types.Type, []*types.Func))(nil)}; Resolved type: github.com/raahii/golang-grpc-realworld-example/store.testdata; Out: [github.com/raahii/golang-grpc-realworld-example/store.testdata]
2025/02/14 16:37:08 Already collected type: github.com/raahii/golang-grpc-realworld-example/store.testdata. Current structs: [github.com/DATA-DOG/go-sqlmock.Sqlmock github.com/jinzhu/gorm.DB github.com/raahii/golang-grpc-realworld-example/store.ArticleStore github.com/raahii/golang-grpc-realworld-example/store.testdata github.com/raahii/golang-grpc-realworld-example/model.Article github.com/raahii/golang-grpc-realworld-example/model.User github.com/jinzhu/gorm.Model github.com/raahii/golang-grpc-realworld-example/store.testQuery github.com/DATA-DOG/go-sqlmock.Rows github.com/DATA-DOG/go-sqlmock.ExpectedQuery]
2025/02/14 16:37:08 Expr: Err: type of expression is &types.Named{check:(*types.Checker)(nil), obj:(*types.TypeName)(0xc00006ca00), fromRHS:(*types.Interface)(0xc00006ca50), inst:(*types.instance)(nil), mu:sync.Mutex{state:0, sema:0x0}, state_:0x2, underlying:(*types.Interface)(0xc00006ca50), tparams:(*types.TypeParamList)(nil), methods:[]*types.Func(nil), loader:(func(*types.Named) ([]*types.TypeParam, types.Type, []*types.Func))(nil)}; Resolved type: error; Out: []
2025/02/14 16:37:08 Expr: &{Fun:0xc01e4d38a8 Lparen:14969997 Args:[0xc01e6deb60 0xc01e4d38c0 err] Ellipsis:0 Rparen:14970038}: type of expression is (*types.Tuple)(nil); Resolved type: (); Out: []
2025/02/14 16:37:08 Expr: t: type of expression is &types.Pointer{base:(*types.Named)(0xc00cc5d500)}; Resolved type: *testing.T; Out: []
2025/02/14 16:37:08 Expr: Errorf: type of expression is &types.Signature{rparams:(*types.TypeParamList)(nil), tparams:(*types.TypeParamList)(nil), scope:(*types.Scope)(0xc00fd04b40), recv:(*types.Var)(0xc00fd04c00), params:(*types.Tuple)(0xc00f9b1140), results:(*types.Tuple)(nil), variadic:true}; Resolved type: func(format string, args ...any); Out: []
2025/02/14 16:37:08 Expr: test: type of expression is &types.Named{check:(*types.Checker)(nil), obj:(*types.TypeName)(0xc01e54caf0), fromRHS:(*types.Struct)(0xc01f018000), inst:(*types.instance)(nil), mu:sync.Mutex{state:0, sema:0x0}, state_:0x2, underlying:(*types.Struct)(0xc01f018000), tparams:(*types.TypeParamList)(nil), methods:[]*types.Func(nil), loader:(func(*types.Named) ([]*types.TypeParam, types.Type, []*types.Func))(nil)}; Resolved type: github.com/raahii/golang-grpc-realworld-example/store.testdata; Out: [github.com/raahii/golang-grpc-realworld-example/store.testdata]
2025/02/14 16:37:08 Already collected type: github.com/raahii/golang-grpc-realworld-example/store.testdata. Current structs: [github.com/DATA-DOG/go-sqlmock.Sqlmock github.com/jinzhu/gorm.DB github.com/raahii/golang-grpc-realworld-example/store.ArticleStore github.com/raahii/golang-grpc-realworld-example/store.testdata github.com/raahii/golang-grpc-realworld-example/model.Article github.com/raahii/golang-grpc-realworld-example/model.User github.com/jinzhu/gorm.Model github.com/raahii/golang-grpc-realworld-example/store.testQuery github.com/DATA-DOG/go-sqlmock.Rows github.com/DATA-DOG/go-sqlmock.ExpectedQuery]
2025/02/14 16:37:08 Expr: Err: type of expression is &types.Named{check:(*types.Checker)(nil), obj:(*types.TypeName)(0xc00006ca00), fromRHS:(*types.Interface)(0xc00006ca50), inst:(*types.instance)(nil), mu:sync.Mutex{state:0, sema:0x0}, state_:0x2, underlying:(*types.Interface)(0xc00006ca50), tparams:(*types.TypeParamList)(nil), methods:[]*types.Func(nil), loader:(func(*types.Named) ([]*types.TypeParam, types.Type, []*types.Func))(nil)}; Resolved type: error; Out: []
2025/02/14 16:37:08 Expr: err: type of expression is &types.Named{check:(*types.Checker)(nil), obj:(*types.TypeName)(0xc00006ca00), fromRHS:(*types.Interface)(0xc00006ca50), inst:(*types.instance)(nil), mu:sync.Mutex{state:0, sema:0x0}, state_:0x2, underlying:(*types.Interface)(0xc00006ca50), tparams:(*types.TypeParamList)(nil), methods:[]*types.Func(nil), loader:(func(*types.Named) ([]*types.TypeParam, types.Type, []*types.Func))(nil)}; Resolved type: error; Out: []
2025/02/14 16:37:08 Expr: err: type of expression is &types.Named{check:(*types.Checker)(nil), obj:(*types.TypeName)(0xc00006ca00), fromRHS:(*types.Interface)(0xc00006ca50), inst:(*types.instance)(nil), mu:sync.Mutex{state:0, sema:0x0}, state_:0x2, underlying:(*types.Interface)(0xc00006ca50), tparams:(*types.TypeParamList)(nil), methods:[]*types.Func(nil), loader:(func(*types.Named) ([]*types.TypeParam, types.Type, []*types.Func))(nil)}; Resolved type: error; Out: []
2025/02/14 16:37:08 Expr: test: type of expression is &types.Named{check:(*types.Checker)(nil), obj:(*types.TypeName)(0xc01e54caf0), fromRHS:(*types.Struct)(0xc01f018000), inst:(*types.instance)(nil), mu:sync.Mutex{state:0, sema:0x0}, state_:0x2, underlying:(*types.Struct)(0xc01f018000), tparams:(*types.TypeParamList)(nil), methods:[]*types.Func(nil), loader:(func(*types.Named) ([]*types.TypeParam, types.Type, []*types.Func))(nil)}; Resolved type: github.com/raahii/golang-grpc-realworld-example/store.testdata; Out: [github.com/raahii/golang-grpc-realworld-example/store.testdata]
2025/02/14 16:37:08 Already collected type: github.com/raahii/golang-grpc-realworld-example/store.testdata. Current structs: [github.com/DATA-DOG/go-sqlmock.Sqlmock github.com/jinzhu/gorm.DB github.com/raahii/golang-grpc-realworld-example/store.ArticleStore github.com/raahii/golang-grpc-realworld-example/store.testdata github.com/raahii/golang-grpc-realworld-example/model.Article github.com/raahii/golang-grpc-realworld-example/model.User github.com/jinzhu/gorm.Model github.com/raahii/golang-grpc-realworld-example/store.testQuery github.com/DATA-DOG/go-sqlmock.Rows github.com/DATA-DOG/go-sqlmock.ExpectedQuery]
2025/02/14 16:37:08 Expr: Article: type of expression is &types.Pointer{base:(*types.Named)(0xc017970d20)}; Resolved type: *github.com/raahii/golang-grpc-realworld-example/model.Article; Out: [github.com/raahii/golang-grpc-realworld-example/model.Article]
2025/02/14 16:37:08 Already collected type: github.com/raahii/golang-grpc-realworld-example/model.Article. Current structs: [github.com/DATA-DOG/go-sqlmock.Sqlmock github.com/jinzhu/gorm.DB github.com/raahii/golang-grpc-realworld-example/store.ArticleStore github.com/raahii/golang-grpc-realworld-example/store.testdata github.com/raahii/golang-grpc-realworld-example/model.Article github.com/raahii/golang-grpc-realworld-example/model.User github.com/jinzhu/gorm.Model github.com/raahii/golang-grpc-realworld-example/store.testQuery github.com/DATA-DOG/go-sqlmock.Rows github.com/DATA-DOG/go-sqlmock.ExpectedQuery]
2025/02/14 16:37:08 Expr: &{Fun:0xc01e4d3908 Lparen:14970112 Args:[0xc01e6ded00 0xc01e4d3938] Ellipsis:0 Rparen:14970194}: type of expression is (*types.Tuple)(nil); Resolved type: (); Out: []
2025/02/14 16:37:08 Expr: t: type of expression is &types.Pointer{base:(*types.Named)(0xc00cc5d500)}; Resolved type: *testing.T; Out: []
2025/02/14 16:37:08 Expr: Errorf: type of expression is &types.Signature{rparams:(*types.TypeParamList)(nil), tparams:(*types.TypeParamList)(nil), scope:(*types.Scope)(0xc00fd04b40), recv:(*types.Var)(0xc00fd04c00), params:(*types.Tuple)(0xc00f9b1140), results:(*types.Tuple)(nil), variadic:true}; Resolved type: func(format string, args ...any); Out: []
2025/02/14 16:37:08 Expr: test: type of expression is &types.Named{check:(*types.Checker)(nil), obj:(*types.TypeName)(0xc01e54caf0), fromRHS:(*types.Struct)(0xc01f018000), inst:(*types.instance)(nil), mu:sync.Mutex{state:0, sema:0x0}, state_:0x2, underlying:(*types.Struct)(0xc01f018000), tparams:(*types.TypeParamList)(nil), methods:[]*types.Func(nil), loader:(func(*types.Named) ([]*types.TypeParam, types.Type, []*types.Func))(nil)}; Resolved type: github.com/raahii/golang-grpc-realworld-example/store.testdata; Out: [github.com/raahii/golang-grpc-realworld-example/store.testdata]
2025/02/14 16:37:08 Already collected type: github.com/raahii/golang-grpc-realworld-example/store.testdata. Current structs: [github.com/DATA-DOG/go-sqlmock.Sqlmock github.com/jinzhu/gorm.DB github.com/raahii/golang-grpc-realworld-example/store.ArticleStore github.com/raahii/golang-grpc-realworld-example/store.testdata github.com/raahii/golang-grpc-realworld-example/model.Article github.com/raahii/golang-grpc-realworld-example/model.User github.com/jinzhu/gorm.Model github.com/raahii/golang-grpc-realworld-example/store.testQuery github.com/DATA-DOG/go-sqlmock.Rows github.com/DATA-DOG/go-sqlmock.ExpectedQuery]
2025/02/14 16:37:08 Expr: Article: type of expression is &types.Pointer{base:(*types.Named)(0xc017970d20)}; Resolved type: *github.com/raahii/golang-grpc-realworld-example/model.Article; Out: [github.com/raahii/golang-grpc-realworld-example/model.Article]
2025/02/14 16:37:08 Already collected type: github.com/raahii/golang-grpc-realworld-example/model.Article. Current structs: [github.com/DATA-DOG/go-sqlmock.Sqlmock github.com/jinzhu/gorm.DB github.com/raahii/golang-grpc-realworld-example/store.ArticleStore github.com/raahii/golang-grpc-realworld-example/store.testdata github.com/raahii/golang-grpc-realworld-example/model.Article github.com/raahii/golang-grpc-realworld-example/model.User github.com/jinzhu/gorm.Model github.com/raahii/golang-grpc-realworld-example/store.testQuery github.com/DATA-DOG/go-sqlmock.Rows github.com/DATA-DOG/go-sqlmock.ExpectedQuery]
2025/02/14 16:37:08 Found selector function call: github.com/DATA-DOG/go-sqlmock.New, current functions list: []
2025/02/14 16:37:08 Split github.com/DATA-DOG/go-sqlmock.New into github.com/DATA-DOG/go-sqlmock and New:
2025/02/14 16:37:08 Entering: loadAndHandlePackage for github.com/DATA-DOG/go-sqlmock
2025/02/14 16:37:10 Exiting: loadAndHandlePackage for github.com/DATA-DOG/go-sqlmock
2025/02/14 16:37:10 (Depth 1) Inspecting function declaration: New
2025/02/14 16:37:10 Receiver type: *sync.Mutex
2025/02/14 16:37:10 Receiver type: *sync.Mutex
2025/02/14 16:37:10 Receiver type: *github.com/DATA-DOG/go-sqlmock.sqlmock
2025/02/14 16:37:10 Found selector function call: github.com/DATA-DOG/go-sqlmock.sqlmock.open, current functions list: [github.com/DATA-DOG/go-sqlmock.New]
2025/02/14 16:37:10 Reached maximum recursion depth for type: github.com/DATA-DOG/go-sqlmock.sqlmock.open
2025/02/14 16:37:10 Receiver type: *testing.common
2025/02/14 16:37:10 Found selector function call: github.com/jinzhu/gorm.Open, current functions list: [github.com/DATA-DOG/go-sqlmock.New github.com/DATA-DOG/go-sqlmock.sqlmock.open]
2025/02/14 16:37:10 Split github.com/jinzhu/gorm.Open into github.com/jinzhu/gorm and Open:
2025/02/14 16:37:10 (Depth 1) Inspecting function declaration: Open
2025/02/14 16:37:10 Found function call: github.com/jinzhu/gorm.newDialect, current functions list: [github.com/DATA-DOG/go-sqlmock.New github.com/DATA-DOG/go-sqlmock.sqlmock.open github.com/jinzhu/gorm.Open]
2025/02/14 16:37:10 Reached maximum recursion depth for type: github.com/jinzhu/gorm.newDialect
2025/02/14 16:37:10 Receiver type: *database/sql.DB
2025/02/14 16:37:10 Receiver type: *database/sql.DB
2025/02/14 16:37:10 Receiver type: *testing.common
2025/02/14 16:37:10 Receiver type: *testing.T
2025/02/14 16:37:10 Receiver type: *github.com/DATA-DOG/go-sqlmock.Rows
2025/02/14 16:37:10 Found selector function call: github.com/DATA-DOG/go-sqlmock.Rows.AddRow, current functions list: [github.com/DATA-DOG/go-sqlmock.New github.com/DATA-DOG/go-sqlmock.sqlmock.open github.com/jinzhu/gorm.Open github.com/jinzhu/gorm.newDialect]
2025/02/14 16:37:10 Split github.com/DATA-DOG/go-sqlmock.Rows.AddRow into github.com/DATA-DOG/go-sqlmock and Rows.AddRow:
2025/02/14 16:37:10 Found selector function call: github.com/DATA-DOG/go-sqlmock.NewRows, current functions list: [github.com/DATA-DOG/go-sqlmock.New github.com/DATA-DOG/go-sqlmock.sqlmock.open github.com/jinzhu/gorm.Open github.com/jinzhu/gorm.newDialect github.com/DATA-DOG/go-sqlmock.Rows.AddRow]
2025/02/14 16:37:10 Split github.com/DATA-DOG/go-sqlmock.NewRows into github.com/DATA-DOG/go-sqlmock and NewRows:
2025/02/14 16:37:10 (Depth 1) Inspecting function declaration: NewRows
2025/02/14 16:37:10 (Depth 1) Inspecting function declaration: NewRows
2025/02/14 16:37:10 Found function call: github.com/DATA-DOG/go-sqlmock.NewRows, current functions list: [github.com/DATA-DOG/go-sqlmock.New github.com/DATA-DOG/go-sqlmock.sqlmock.open github.com/jinzhu/gorm.Open github.com/jinzhu/gorm.newDialect github.com/DATA-DOG/go-sqlmock.Rows.AddRow github.com/DATA-DOG/go-sqlmock.NewRows]
2025/02/14 16:37:10 Receiver type: *github.com/DATA-DOG/go-sqlmock.Rows
2025/02/14 16:37:10 Receiver type: *github.com/DATA-DOG/go-sqlmock.ExpectedQuery
2025/02/14 16:37:10 Found selector function call: github.com/DATA-DOG/go-sqlmock.ExpectedQuery.WillReturnRows, current functions list: [github.com/jinzhu/gorm.Open github.com/jinzhu/gorm.newDialect github.com/DATA-DOG/go-sqlmock.Rows.AddRow github.com/DATA-DOG/go-sqlmock.NewRows github.com/DATA-DOG/go-sqlmock.New github.com/DATA-DOG/go-sqlmock.sqlmock.open]
2025/02/14 16:37:10 Split github.com/DATA-DOG/go-sqlmock.ExpectedQuery.WillReturnRows into github.com/DATA-DOG/go-sqlmock and ExpectedQuery.WillReturnRows:
2025/02/14 16:37:10 Receiver type: *github.com/DATA-DOG/go-sqlmock.ExpectedQuery
2025/02/14 16:37:10 Found selector function call: github.com/DATA-DOG/go-sqlmock.ExpectedQuery.WithArgs, current functions list: [github.com/jinzhu/gorm.Open github.com/jinzhu/gorm.newDialect github.com/DATA-DOG/go-sqlmock.Rows.AddRow github.com/DATA-DOG/go-sqlmock.NewRows github.com/DATA-DOG/go-sqlmock.New github.com/DATA-DOG/go-sqlmock.sqlmock.open github.com/DATA-DOG/go-sqlmock.ExpectedQuery.WillReturnRows]
2025/02/14 16:37:10 Split github.com/DATA-DOG/go-sqlmock.ExpectedQuery.WithArgs into github.com/DATA-DOG/go-sqlmock and ExpectedQuery.WithArgs:
2025/02/14 16:37:10 Receiver type: github.com/DATA-DOG/go-sqlmock.SqlmockCommon
2025/02/14 16:37:10 Found selector function call: github.com/DATA-DOG/go-sqlmock.SqlmockCommon.ExpectQuery, current functions list: [github.com/jinzhu/gorm.Open github.com/jinzhu/gorm.newDialect github.com/DATA-DOG/go-sqlmock.Rows.AddRow github.com/DATA-DOG/go-sqlmock.NewRows github.com/DATA-DOG/go-sqlmock.New github.com/DATA-DOG/go-sqlmock.sqlmock.open github.com/DATA-DOG/go-sqlmock.ExpectedQuery.WillReturnRows github.com/DATA-DOG/go-sqlmock.ExpectedQuery.WithArgs]
2025/02/14 16:37:10 Split github.com/DATA-DOG/go-sqlmock.SqlmockCommon.ExpectQuery into github.com/DATA-DOG/go-sqlmock and SqlmockCommon.ExpectQuery:
2025/02/14 16:37:10 Receiver type: *github.com/raahii/golang-grpc-realworld-example/store.ArticleStore
2025/02/14 16:37:10 Found selector function call: github.com/raahii/golang-grpc-realworld-example/store.ArticleStore.AddFavorite, current functions list: [github.com/jinzhu/gorm.Open github.com/jinzhu/gorm.newDialect github.com/DATA-DOG/go-sqlmock.Rows.AddRow github.com/DATA-DOG/go-sqlmock.NewRows github.com/DATA-DOG/go-sqlmock.New github.com/DATA-DOG/go-sqlmock.sqlmock.open github.com/DATA-DOG/go-sqlmock.ExpectedQuery.WillReturnRows github.com/DATA-DOG/go-sqlmock.ExpectedQuery.WithArgs github.com/DATA-DOG/go-sqlmock.SqlmockCommon.ExpectQuery]
2025/02/14 16:37:10 Split github.com/raahii/golang-grpc-realworld-example/store.ArticleStore.AddFavorite into github.com/raahii/golang-grpc-realworld-example/store and ArticleStore.AddFavorite:
2025/02/14 16:37:10 Entering: loadAndHandlePackage for github.com/raahii/golang-grpc-realworld-example/store
2025/02/14 16:37:13 Exiting: loadAndHandlePackage for github.com/raahii/golang-grpc-realworld-example/store
2025/02/14 16:37:13 Receiver type: *testing.common
2025/02/14 16:37:13 Receiver type: *testing.common
2025/02/14 16:37:13 Split github.com/DATA-DOG/go-sqlmock.ExpectedQuery.WillReturnRows into github.com/DATA-DOG/go-sqlmock and ExpectedQuery.WillReturnRows:
2025/02/14 16:37:13 name is ExpectedQuery.WillReturnRows with search type func 
2025/02/14 16:37:13 Entering: loadAndHandlePackage for github.com/DATA-DOG/go-sqlmock
2025/02/14 16:37:15 Exiting: loadAndHandlePackage for github.com/DATA-DOG/go-sqlmock
2025/02/14 16:37:15 Stored for github.com/DATA-DOG/go-sqlmock|ExpectedQuery.WillReturnRows|func, cache results {definition: dependentFilePath: importString:}
2025/02/14 16:37:15 Split github.com/DATA-DOG/go-sqlmock.SqlmockCommon.ExpectQuery into github.com/DATA-DOG/go-sqlmock and SqlmockCommon.ExpectQuery:
2025/02/14 16:37:15 name is SqlmockCommon.ExpectQuery with search type func 
2025/02/14 16:37:15 Entering: loadAndHandlePackage for github.com/DATA-DOG/go-sqlmock
2025/02/14 16:37:17 Exiting: loadAndHandlePackage for github.com/DATA-DOG/go-sqlmock
2025/02/14 16:37:17 Split github.com/jinzhu/gorm.Open into github.com/jinzhu/gorm and Open:
2025/02/14 16:37:17 name is Open with search type func 
2025/02/14 16:37:17 Entering: loadAndHandlePackage for github.com/jinzhu/gorm
2025/02/14 16:37:19 Exiting: loadAndHandlePackage for github.com/jinzhu/gorm
2025/02/14 16:37:19 Stored for github.com/jinzhu/gorm|Open|func, cache results {definition: dependentFilePath: importString:}
2025/02/14 16:37:19 Split github.com/DATA-DOG/go-sqlmock.Rows.AddRow into github.com/DATA-DOG/go-sqlmock and Rows.AddRow:
2025/02/14 16:37:19 name is Rows.AddRow with search type func 
2025/02/14 16:37:19 Entering: loadAndHandlePackage for github.com/DATA-DOG/go-sqlmock
2025/02/14 16:37:21 Exiting: loadAndHandlePackage for github.com/DATA-DOG/go-sqlmock
2025/02/14 16:37:21 Stored for github.com/DATA-DOG/go-sqlmock|Rows.AddRow|func, cache results {definition: dependentFilePath: importString:}
2025/02/14 16:37:21 Split github.com/DATA-DOG/go-sqlmock.New into github.com/DATA-DOG/go-sqlmock and New:
2025/02/14 16:37:21 name is New with search type func 
2025/02/14 16:37:21 Entering: loadAndHandlePackage for github.com/DATA-DOG/go-sqlmock
2025/02/14 16:37:30 Exiting: loadAndHandlePackage for github.com/DATA-DOG/go-sqlmock
2025/02/14 16:37:30 Stored for github.com/DATA-DOG/go-sqlmock|New|func, cache results {definition: dependentFilePath: importString:}
2025/02/14 16:37:30 Split github.com/DATA-DOG/go-sqlmock.sqlmock.open into github.com/DATA-DOG/go-sqlmock and sqlmock.open:
2025/02/14 16:37:30 name is sqlmock.open with search type func 
2025/02/14 16:37:30 Entering: loadAndHandlePackage for github.com/DATA-DOG/go-sqlmock
2025/02/14 16:37:32 Exiting: loadAndHandlePackage for github.com/DATA-DOG/go-sqlmock
2025/02/14 16:37:32 Stored for github.com/DATA-DOG/go-sqlmock|sqlmock.open|func, cache results {definition: dependentFilePath: importString:}
2025/02/14 16:37:32 Split github.com/DATA-DOG/go-sqlmock.ExpectedQuery.WithArgs into github.com/DATA-DOG/go-sqlmock and ExpectedQuery.WithArgs:
2025/02/14 16:37:32 name is ExpectedQuery.WithArgs with search type func 
2025/02/14 16:37:32 Entering: loadAndHandlePackage for github.com/DATA-DOG/go-sqlmock
2025/02/14 16:37:33 Exiting: loadAndHandlePackage for github.com/DATA-DOG/go-sqlmock
2025/02/14 16:37:33 Stored for github.com/DATA-DOG/go-sqlmock|ExpectedQuery.WithArgs|func, cache results {definition: dependentFilePath: importString:}
2025/02/14 16:37:33 Split github.com/jinzhu/gorm.newDialect into github.com/jinzhu/gorm and newDialect:
2025/02/14 16:37:33 name is newDialect with search type func 
2025/02/14 16:37:33 Entering: loadAndHandlePackage for github.com/jinzhu/gorm
2025/02/14 16:37:35 Exiting: loadAndHandlePackage for github.com/jinzhu/gorm
2025/02/14 16:37:35 Stored for github.com/jinzhu/gorm|newDialect|func, cache results {definition: dependentFilePath: importString:}
2025/02/14 16:37:35 Split github.com/DATA-DOG/go-sqlmock.NewRows into github.com/DATA-DOG/go-sqlmock and NewRows:
2025/02/14 16:37:35 name is NewRows with search type func 
2025/02/14 16:37:35 Entering: loadAndHandlePackage for github.com/DATA-DOG/go-sqlmock
2025/02/14 16:37:37 Exiting: loadAndHandlePackage for github.com/DATA-DOG/go-sqlmock
2025/02/14 16:37:37 Stored for github.com/DATA-DOG/go-sqlmock|NewRows|func, cache results {definition: dependentFilePath: importString:}
2025/02/14 16:37:37 Split github.com/raahii/golang-grpc-realworld-example/store.ArticleStore.AddFavorite into github.com/raahii/golang-grpc-realworld-example/store and ArticleStore.AddFavorite:
2025/02/14 16:37:37 name is ArticleStore.AddFavorite with search type func 
2025/02/14 16:37:37 Entering: loadAndHandlePackage for github.com/raahii/golang-grpc-realworld-example/store
2025/02/14 16:37:38 Exiting: loadAndHandlePackage for github.com/raahii/golang-grpc-realworld-example/store
2025/02/14 16:37:38 Stored for github.com/raahii/golang-grpc-realworld-example/store|ArticleStore.AddFavorite|func, cache results {definition: dependentFilePath: importString:}
2025/02/14 16:37:38 Split github.com/jinzhu/gorm.Model into github.com/jinzhu/gorm and Model:
2025/02/14 16:37:38 Found definition for github.com/jinzhu/gorm|Model|struct, cache results {definition:type Model struct {
	ID        uint `gorm:"primary_key"`
	CreatedAt time.Time
	UpdatedAt time.Time
	DeletedAt *time.Time `sql:"index"`
} dependentFilePath:C:\Users\aksha\go\pkg\mod\github.com\jinzhu\gorm@v1.9.12\model.go importString:package github.com/jinzhu/gorm
}
2025/02/14 16:37:38 Split github.com/raahii/golang-grpc-realworld-example/store.testQuery into github.com/raahii/golang-grpc-realworld-example/store and testQuery:
2025/02/14 16:37:38 Found definition for github.com/raahii/golang-grpc-realworld-example/store|testQuery|struct, cache results {definition:type testQuery struct {
				Query string
				Args  []driver.Value
				Rows  *sqlmock.Rows
			} dependentFilePath:C:\var\tmp\Roost\RoostGPT\golang-1\ece53592-7de3-4391-a2fb-0d6935272614\source\golang-grpc-realworld-example\store\article_test.go importString:package github.com/raahii/golang-grpc-realworld-example/store
import (
	"github.com/DATA-DOG/go-sqlmock"
	"github.com/jinzhu/gorm"
	"github.com/raahii/golang-grpc-realworld-example/model"
)
}
2025/02/14 16:37:38 Split github.com/DATA-DOG/go-sqlmock.Sqlmock into github.com/DATA-DOG/go-sqlmock and Sqlmock:
2025/02/14 16:37:38 name is Sqlmock with search type struct 
2025/02/14 16:37:38 Entering: loadAndHandlePackage for github.com/DATA-DOG/go-sqlmock
2025/02/14 16:37:39 Exiting: loadAndHandlePackage for github.com/DATA-DOG/go-sqlmock
2025/02/14 16:37:39 Stored for github.com/DATA-DOG/go-sqlmock|Sqlmock|struct, cache results {definition: dependentFilePath: importString:}
2025/02/14 16:37:39 Split github.com/jinzhu/gorm.DB into github.com/jinzhu/gorm and DB:
2025/02/14 16:37:39 Found definition for github.com/jinzhu/gorm|DB|struct, cache results {definition:type DB struct {
	sync.RWMutex
	Value        interface{}
	Error        error
	RowsAffected int64

	// single db
	db                SQLCommon
	blockGlobalUpdate bool
	logMode           logModeValue
	logger            logger
	search            *search
	values            sync.Map

	// global db
	parent        *DB
	callbacks     *Callback
	dialect       Dialect
	singularTable bool

	// function to be used to override the creating of a new timestamp
	nowFuncOverride func() time.Time
} dependentFilePath:C:\Users\aksha\go\pkg\mod\github.com\jinzhu\gorm@v1.9.12\main.go importString:package github.com/jinzhu/gorm
}
2025/02/14 16:37:39 Split github.com/raahii/golang-grpc-realworld-example/model.Article into github.com/raahii/golang-grpc-realworld-example/model and Article:
2025/02/14 16:37:39 Found definition for github.com/raahii/golang-grpc-realworld-example/model|Article|struct, cache results {definition:type Article struct {
	gorm.Model
	Title          string `gorm:"not null"`
	Description    string `gorm:"not null"`
	Body           string `gorm:"not null"`
	Tags           []Tag  `gorm:"many2many:article_tags"`
	Author         User   `gorm:"foreignkey:UserID"`
	UserID         uint   `gorm:"not null"`
	FavoritesCount int32  `gorm:"not null;default=0"`
	FavoritedUsers []User `gorm:"many2many:favorite_articles"`
	Comments       []Comment
} dependentFilePath:C:\var\tmp\Roost\RoostGPT\golang-1\ece53592-7de3-4391-a2fb-0d6935272614\source\golang-grpc-realworld-example\model\article.go importString:package github.com/raahii/golang-grpc-realworld-example/model
import (
	validation "github.com/go-ozzo/ozzo-validation"
	"github.com/jinzhu/gorm"
	pb "github.com/raahii/golang-grpc-realworld-example/proto"
)
}
2025/02/14 16:37:39 Split github.com/raahii/golang-grpc-realworld-example/model.User into github.com/raahii/golang-grpc-realworld-example/model and User:
2025/02/14 16:37:39 Found definition for github.com/raahii/golang-grpc-realworld-example/model|User|struct, cache results {definition:type User struct {
	gorm.Model
	Username         string    `gorm:"unique_index;not null"`
	Email            string    `gorm:"unique_index;not null"`
	Password         string    `gorm:"not null"`
	Bio              string    `gorm:"not null"`
	Image            string    `gorm:"not null"`
	Follows          []User    `gorm:"many2many:follows;jointable_foreignkey:from_user_id;association_jointable_foreignkey:to_user_id"`
	FavoriteArticles []Article `gorm:"many2many:favorite_articles;"`
} dependentFilePath:C:\var\tmp\Roost\RoostGPT\golang-1\ece53592-7de3-4391-a2fb-0d6935272614\source\golang-grpc-realworld-example\model\user.go importString:package github.com/raahii/golang-grpc-realworld-example/model
import (
	validation "github.com/go-ozzo/ozzo-validation"
	"github.com/go-ozzo/ozzo-validation/is"
	"github.com/jinzhu/gorm"
	pb "github.com/raahii/golang-grpc-realworld-example/proto"
	"golang.org/x/crypto/bcrypt"
)
}
2025/02/14 16:37:39 Split github.com/DATA-DOG/go-sqlmock.Rows into github.com/DATA-DOG/go-sqlmock and Rows:
2025/02/14 16:37:39 name is Rows with search type struct 
2025/02/14 16:37:39 Entering: loadAndHandlePackage for github.com/DATA-DOG/go-sqlmock
2025/02/14 16:37:40 Exiting: loadAndHandlePackage for github.com/DATA-DOG/go-sqlmock
2025/02/14 16:37:40 Stored for github.com/DATA-DOG/go-sqlmock|Rows|struct, cache results {definition: dependentFilePath: importString:}
2025/02/14 16:37:40 Split github.com/DATA-DOG/go-sqlmock.ExpectedQuery into github.com/DATA-DOG/go-sqlmock and ExpectedQuery:
2025/02/14 16:37:40 name is ExpectedQuery with search type struct 
2025/02/14 16:37:40 Entering: loadAndHandlePackage for github.com/DATA-DOG/go-sqlmock
2025/02/14 16:37:41 Exiting: loadAndHandlePackage for github.com/DATA-DOG/go-sqlmock
2025/02/14 16:37:41 Stored for github.com/DATA-DOG/go-sqlmock|ExpectedQuery|struct, cache results {definition: dependentFilePath: importString:}
2025/02/14 16:37:41 Split github.com/raahii/golang-grpc-realworld-example/store.ArticleStore into github.com/raahii/golang-grpc-realworld-example/store and ArticleStore:
2025/02/14 16:37:41 Found definition for github.com/raahii/golang-grpc-realworld-example/store|ArticleStore|struct, cache results {definition:type ArticleStore struct {
	db *gorm.DB
} dependentFilePath:C:\var\tmp\Roost\RoostGPT\golang-1\ece53592-7de3-4391-a2fb-0d6935272614\source\golang-grpc-realworld-example\store\article.go importString:package github.com/raahii/golang-grpc-realworld-example/store
import (
	"github.com/jinzhu/gorm"
	"github.com/raahii/golang-grpc-realworld-example/model"
)
}
2025/02/14 16:37:41 Split github.com/raahii/golang-grpc-realworld-example/store.testdata into github.com/raahii/golang-grpc-realworld-example/store and testdata:
2025/02/14 16:37:41 Found definition for github.com/raahii/golang-grpc-realworld-example/store|testdata|struct, cache results {definition:type testdata struct {
		Article  *model.Article
		User     *model.User
		Err      error
		Scenario string
	} dependentFilePath:C:\var\tmp\Roost\RoostGPT\golang-1\ece53592-7de3-4391-a2fb-0d6935272614\source\golang-grpc-realworld-example\store\article_test.go importString:package github.com/raahii/golang-grpc-realworld-example/store
import (
	"github.com/DATA-DOG/go-sqlmock"
	"github.com/jinzhu/gorm"
	"github.com/raahii/golang-grpc-realworld-example/model"
)
}
2025/02/14 16:37:41 Depth is 2 for filepath C:\Users\aksha\AppData\Local\go-build\c5\c50b7bc663f257f61b52c133cb52a21edab32e7b96a5d4c48fe0aafe0f44d160-d
2025/02/14 16:37:41 Split github.com/raahii/golang-grpc-realworld-example/store.test.examples into github.com/raahii/golang-grpc-realworld-example/store and test.examples:
2025/02/14 16:37:41 name is test.examples with search type struct 
2025/02/14 16:37:41 Entering: loadAndHandlePackage for github.com/raahii/golang-grpc-realworld-example/store
2025/02/14 16:37:42 Exiting: loadAndHandlePackage for github.com/raahii/golang-grpc-realworld-example/store
2025/02/14 16:37:42 Split github.com/raahii/golang-grpc-realworld-example/store.test.tests into github.com/raahii/golang-grpc-realworld-example/store and test.tests:
2025/02/14 16:37:42 name is test.tests with search type struct 
2025/02/14 16:37:42 Entering: loadAndHandlePackage for github.com/raahii/golang-grpc-realworld-example/store
2025/02/14 16:37:43 Exiting: loadAndHandlePackage for github.com/raahii/golang-grpc-realworld-example/store
2025/02/14 16:37:43 Split github.com/raahii/golang-grpc-realworld-example/store.test.benchmarks into github.com/raahii/golang-grpc-realworld-example/store and test.benchmarks:
2025/02/14 16:37:43 name is test.benchmarks with search type struct 
2025/02/14 16:37:43 Entering: loadAndHandlePackage for github.com/raahii/golang-grpc-realworld-example/store
2025/02/14 16:37:45 Exiting: loadAndHandlePackage for github.com/raahii/golang-grpc-realworld-example/store
2025/02/14 16:37:45 Split github.com/raahii/golang-grpc-realworld-example/store.test.fuzzTargets into github.com/raahii/golang-grpc-realworld-example/store and test.fuzzTargets:
2025/02/14 16:37:45 name is test.fuzzTargets with search type struct 
2025/02/14 16:37:45 Entering: loadAndHandlePackage for github.com/raahii/golang-grpc-realworld-example/store
2025/02/14 16:37:46 Exiting: loadAndHandlePackage for github.com/raahii/golang-grpc-realworld-example/store
2025/02/14 16:37:46 Analyzing function: init in file: C:\Users\aksha\AppData\Local\go-build\c5\c50b7bc663f257f61b52c133cb52a21edab32e7b96a5d4c48fe0aafe0f44d160-d
2025/02/14 16:37:46 Analyzing function: main in file: C:\Users\aksha\AppData\Local\go-build\c5\c50b7bc663f257f61b52c133cb52a21edab32e7b96a5d4c48fe0aafe0f44d160-d
2025/02/14 16:37:46 Expr: &{Fun:0xc01e54e3a8 Lparen:14977916 Args:[0xc01f02d540 tests benchmarks fuzzTargets examples] Ellipsis:0 Rparen:14977978}: type of expression is &types.Pointer{base:(*types.Named)(0xc00fbdc0e0)}; Resolved type: *testing.M; Out: []
2025/02/14 16:37:46 Expr: m: type of expression is &types.Pointer{base:(*types.Named)(0xc00fbdc0e0)}; Resolved type: *testing.M; Out: []
2025/02/14 16:37:46 Expr: MainStart: type of expression is &types.Signature{rparams:(*types.TypeParamList)(nil), tparams:(*types.TypeParamList)(nil), scope:(*types.Scope)(0xc00fd4eae0), recv:(*types.Var)(nil), params:(*types.Tuple)(0xc00f9b1dd0), results:(*types.Tuple)(0xc00f9b1de8), variadic:false}; Resolved type: func(deps testing.testDeps, tests []testing.InternalTest, benchmarks []testing.InternalBenchmark, fuzzTargets []testing.InternalFuzzTarget, examples []testing.InternalExample) *testing.M; Out: []
2025/02/14 16:37:46 Expr: TestDeps: type of expression is &types.Named{check:(*types.Checker)(nil), obj:(*types.TypeName)(0xc015cba4b0), fromRHS:(*types.Struct)(0xc015caf1a0), inst:(*types.instance)(nil), mu:sync.Mutex{state:0, sema:0x0}, state_:0x2, underlying:(*types.Struct)(0xc015caf1a0), tparams:(*types.TypeParamList)(nil), methods:[]*types.Func{(*types.Func)(0xc015cbc180), (*types.Func)(0xc015cbc240), (*types.Func)(0xc015cbc300), (*types.Func)(0xc015cbc420), (*types.Func)(0xc015cbc5a0), (*types.Func)(0xc015cbcb40), (*types.Func)(0xc015cbcc00), (*types.Func)(0xc015cbccc0), (*types.Func)(0xc015cbcd80), (*types.Func)(0xc015cbce40), (*types.Func)(0xc015cbcf00), (*types.Func)(0xc015cbcfc0), (*types.Func)(0xc015cbd080), (*types.Func)(0xc015cbd140)}, loader:(func(*types.Named) ([]*types.TypeParam, types.Type, []*types.Func))(nil)}; Resolved type: testing/internal/testdeps.TestDeps; Out: []
2025/02/14 16:37:46 Resolved slice type: []testing.InternalTest
2025/02/14 16:37:46 Resolved slice type: []testing.InternalBenchmark
2025/02/14 16:37:46 Resolved slice type: []testing.InternalFuzzTarget
2025/02/14 16:37:46 Resolved slice type: []testing.InternalExample
2025/02/14 16:37:46 Expr: &{Fun:0xc01e54e3d8 Lparen:14977989 Args:[0xc01f02d640] Ellipsis:0 Rparen:14977997}: type of expression is (*types.Tuple)(nil); Resolved type: (); Out: []
2025/02/14 16:37:46 Expr: Exit: type of expression is &types.Signature{rparams:(*types.TypeParamList)(nil), tparams:(*types.TypeParamList)(nil), scope:(*types.Scope)(0xc007c1c480), recv:(*types.Var)(nil), params:(*types.Tuple)(0xc0079d5f38), results:(*types.Tuple)(nil), variadic:false}; Resolved type: func(code int); Out: []
2025/02/14 16:37:46 Expr: m: type of expression is &types.Pointer{base:(*types.Named)(0xc00fbdc0e0)}; Resolved type: *testing.M; Out: []
2025/02/14 16:37:46 Expr: Run: type of expression is &types.Signature{rparams:(*types.TypeParamList)(nil), tparams:(*types.TypeParamList)(nil), scope:(*types.Scope)(0xc00fd4ede0), recv:(*types.Var)(0xc00fd4eea0), params:(*types.Tuple)(nil), results:(*types.Tuple)(0xc00f9b1e00), variadic:false}; Resolved type: func() (code int); Out: []
2025/02/14 16:37:46 Receiver type: *testing.M
2025/02/14 16:37:46 Caching result for package path: github.com/raahii/golang-grpc-realworld-example/store
2025/02/14 16:37:46 Exiting: analyzePackageByFile for github.com/raahii/golang-grpc-realworld-example/store
2025/02/14 16:37:46 Processing file: C:\var\tmp\Roost\RoostGPT\golang-1\ece53592-7de3-4391-a2fb-0d6935272614\source\golang-grpc-realworld-example\store\article.go
2025/02/14 16:37:46 Parsing Go file: C:\var\tmp\Roost\RoostGPT\golang-1\ece53592-7de3-4391-a2fb-0d6935272614\source\golang-grpc-realworld-example\store\article.go
2025/02/14 16:37:46 Done Parsing Go file: C:\var\tmp\Roost\RoostGPT\golang-1\ece53592-7de3-4391-a2fb-0d6935272614\source\golang-grpc-realworld-example\store\article.go
2025/02/14 16:37:46 Processing file: C:\var\tmp\Roost\RoostGPT\golang-1\ece53592-7de3-4391-a2fb-0d6935272614\source\golang-grpc-realworld-example\store\article_test.go
2025/02/14 16:37:46 Parsing Go file: C:\var\tmp\Roost\RoostGPT\golang-1\ece53592-7de3-4391-a2fb-0d6935272614\source\golang-grpc-realworld-example\store\article_test.go
2025/02/14 16:37:46 Processing for test files through ast approach only
2025/02/14 16:37:46 Parsing Go file: C:\var\tmp\Roost\RoostGPT\golang-1\ece53592-7de3-4391-a2fb-0d6935272614\source\golang-grpc-realworld-example\store\article_test.go
2025/02/14 16:37:48 Processing function: TestArticleStoreAddFavorite
2025/02/14 16:37:48 reflect.Kind: &{Star:331 X:0xc01b26c828}
2025/02/14 16:37:48 Split github.com/jinzhu/gorm.Open into github.com/jinzhu/gorm and Open:
2025/02/14 16:37:48 Found definition for github.com/jinzhu/gorm|Open|func, cache results {definition:func Open(dialect string, args ...interface{}) (db *DB, err error) {
	if len(args) == 0 {
		err = errors.New("invalid database source")
		return nil, err
	}
	var source string
	var dbSQL SQLCommon
	var ownDbSQL bool

	switch value := args[0].(type) {
	case string:
		var driver = dialect
		if len(args) == 1 {
			source = value
		} else if len(args) >= 2 {
			driver = value
			source = args[1].(string)
		}
		dbSQL, err = sql.Open(driver, source)
		ownDbSQL = true
	case SQLCommon:
		dbSQL = value
		ownDbSQL = false
	default:
		return nil, fmt.Errorf("invalid database source: %v is not a valid type", value)
	}

	db = &DB{
		db:        dbSQL,
		logger:    defaultLogger,
		callbacks: DefaultCallback,
		dialect:   newDialect(dialect, dbSQL),
	}
	db.parent = db
	if err != nil {
		return
	}
	// Send a ping to make sure the database connection is alive.
	if d, ok := dbSQL.(*sql.DB); ok {
		if err = d.Ping(); err != nil && ownDbSQL {
			d.Close()
		}
	}
	return
} dependentFilePath:C:\Users\aksha\go\pkg\mod\github.com\jinzhu\gorm@v1.9.12\main.go importString:package github.com/jinzhu/gorm
}
2025/02/14 16:37:48 Done Parsing Go file: C:\var\tmp\Roost\RoostGPT\golang-1\ece53592-7de3-4391-a2fb-0d6935272614\source\golang-grpc-realworld-example\store\article_test.go
2025/02/14 16:37:48 Processing file: C:\var\tmp\Roost\RoostGPT\golang-1\ece53592-7de3-4391-a2fb-0d6935272614\source\golang-grpc-realworld-example\store\user.go
2025/02/14 16:37:48 Parsing Go file: C:\var\tmp\Roost\RoostGPT\golang-1\ece53592-7de3-4391-a2fb-0d6935272614\source\golang-grpc-realworld-example\store\user.go
2025/02/14 16:37:48 Done Parsing Go file: C:\var\tmp\Roost\RoostGPT\golang-1\ece53592-7de3-4391-a2fb-0d6935272614\source\golang-grpc-realworld-example\store\user.go
2025/02/14 16:37:48 Completed parsing Go directory: C:\var\tmp\Roost\RoostGPT\golang-1\ece53592-7de3-4391-a2fb-0d6935272614\source\golang-grpc-realworld-example\store, Duration: 4m12.0234971s 
2025/02/14 16:37:48 Parsed data saved to C:\var\tmp\Roost\RoostGPT\golang-1\ece53592-7de3-4391-a2fb-0d6935272614\source\golang-grpc-realworld-example\store\parsed.json
